date,sku,name,category,type,quantity,unit_price,cost_price,lead_time_days
2025-01-05 00:00,10001,Test product 2 (seasonal),Snacks,STOCKTAKE,162,,2.58,7
2025-01-05 00:00,10002,Test product 3 (growing),Household,STOCKTAKE,143,,2.24,7
2025-01-05 00:00,10003,Test product 4 (declining),Drinks,STOCKTAKE,208,,4.86,7
2025-01-05 00:00,10004,Test product 5 (intermittent),Stationery,STOCKTAKE,11,,2.28,7
2025-01-05 00:00,10006,Test product 7 (smooth),Household,STOCKTAKE,191,,1.66,7
2025-01-05 00:00,10007,Test product 8 (seasonal),Drinks,STOCKTAKE,198,,5.5,7
2025-01-05 00:00,10008,Test product 9 (growing),Stationery,STOCKTAKE,67,,3.42,7
2025-01-05 00:00,10009,Test product 10 (declining),Snacks,STOCKTAKE,128,,5.16,7
2025-01-05 00:00,10011,Test product 12 (lumpy),Drinks,STOCKTAKE,57,,1.7,7
2025-01-05 00:00,10012,Test product 13 (smooth),Stationery,STOCKTAKE,162,,5.77,7
2025-01-05 00:00,10013,Test product 14 (seasonal),Snacks,STOCKTAKE,221,,4.21,7
2025-01-05 00:00,10014,Test product 15 (growing),Household,STOCKTAKE,92,,3.91,7
2025-01-05 00:00,10016,Test product 17 (intermittent),Stationery,STOCKTAKE,14,,2.47,7
2025-01-05 00:00,10017,Test product 18 (lumpy),Snacks,STOCKTAKE,63,,0.69,7
2025-01-05 00:00,10018,Test product 19 (smooth),Household,STOCKTAKE,114,,2.32,7
2025-01-05 00:00,10019,Test product 20 (seasonal),Drinks,STOCKTAKE,143,,6.48,7
2025-01-05 00:00,10021,Test product 22 (declining),Snacks,STOCKTAKE,161,,6.63,7
2025-01-05 00:00,10022,Test product 23 (intermittent),Household,STOCKTAKE,13,,7.14,7
2025-01-05 00:00,10023,Test product 24 (lumpy),Drinks,STOCKTAKE,31,,2.75,7
2025-01-05 00:00,10024,Test product 25 (smooth),Stationery,STOCKTAKE,203,,3.6,7
2025-01-05 00:00,10025,Test product 26 (seasonal),Snacks,STOCKTAKE,165,,4.66,7
2025-01-05 00:00,10026,Test product 27 (growing),Household,STOCKTAKE,82,,5.53,7
2025-01-05 00:00,10027,Test product 28 (declining),Drinks,STOCKTAKE,148,,3.02,7
2025-01-05 00:00,10028,Test product 29 (intermittent),Stationery,STOCKTAKE,12,,3.79,7
2025-01-05 00:00,10029,Test product 30 (lumpy),Snacks,STOCKTAKE,34,,6.69,7
2025-01-05 00:00,10031,Test product 32 (seasonal),Drinks,STOCKTAKE,87,,5.18,7
2025-01-05 00:00,10032,Test product 33 (growing),Stationery,STOCKTAKE,216,,3.83,7
2025-01-05 00:00,10033,Test product 34 (declining),Snacks,STOCKTAKE,210,,0.66,7
2025-01-05 00:00,10034,Test product 35 (intermittent),Household,STOCKTAKE,11,,1.11,7
2025-01-05 00:00,10036,Test product 37 (smooth),Stationery,STOCKTAKE,152,,1.97,7
2025-01-05 00:00,10037,Test product 38 (seasonal),Snacks,STOCKTAKE,110,,3.12,7
2025-01-05 00:00,10038,Test product 39 (growing),Household,STOCKTAKE,265,,2.67,7
2025-01-05 00:00,10039,Test product 40 (declining),Drinks,STOCKTAKE,52,,0.52,7
2025-01-06 08:00,10009,Test product 10 (declining),Snacks,SALE,21,7.37,5.16,7
2025-01-06 14:00,10018,Test product 19 (smooth),Household,SALE,12,3.32,2.32,7
2025-01-06 14:00,10027,Test product 28 (declining),Drinks,SALE,9,4.32,3.02,7
2025-01-06 15:00,10032,Test product 33 (growing),Stationery,SALE,8,5.47,3.83,7
2025-01-06 16:00,10024,Test product 25 (smooth),Stationery,SALE,36,5.15,3.6,7
2025-01-06 17:00,10007,Test product 8 (seasonal),Drinks,SALE,47,7.86,5.5,7
2025-01-07 08:00,10023,Test product 24 (lumpy),Drinks,SALE,4,3.93,2.75,7
2025-01-07 09:00,10019,Test product 20 (seasonal),Drinks,SALE,15,9.26,6.48,7
2025-01-07 09:00,10037,Test product 38 (seasonal),Snacks,SALE,8,4.46,3.12,7
2025-01-07 10:00,10021,Test product 22 (declining),Snacks,SALE,18,9.47,6.63,7
2025-01-07 10:00,10033,Test product 34 (declining),Snacks,SALE,27,0.94,0.66,7
2025-01-07 14:00,10019,Test product 20 (seasonal),Drinks,SALE,15,9.26,6.48,7
2025-01-07 17:00,10018,Test product 19 (smooth),Household,SALE,8,3.32,2.32,7
2025-01-08 09:00,10014,Test product 15 (growing),Household,SALE,7,5.58,3.91,7
2025-01-08 10:00,10012,Test product 13 (smooth),Stationery,SALE,17,8.25,5.77,7
2025-01-08 12:00,10001,Test product 2 (seasonal),Snacks,SALE,14,3.68,2.58,7
2025-01-08 12:00,10033,Test product 34 (declining),Snacks,SALE,25,0.94,0.66,7
2025-01-08 14:00,10032,Test product 33 (growing),Stationery,SALE,7,5.47,3.83,7
2025-01-08 16:00,10003,Test product 4 (declining),Drinks,SALE,16,6.94,4.86,7
2025-01-09 09:00,10008,Test product 9 (growing),Stationery,SALE,2,4.89,3.42,7
2025-01-09 10:00,10025,Test product 26 (seasonal),Snacks,SALE,16,6.65,4.66,7
2025-01-09 10:00,10027,Test product 28 (declining),Drinks,SALE,12,4.32,3.02,7
2025-01-09 12:00,10008,Test product 9 (growing),Stationery,SALE,6,4.89,3.42,7
2025-01-09 14:00,10002,Test product 3 (growing),Household,SALE,10,3.2,2.24,7
2025-01-09 14:00,10003,Test product 4 (declining),Drinks,SALE,23,6.94,4.86,7
2025-01-09 14:00,10031,Test product 32 (seasonal),Drinks,SALE,8,7.4,5.18,7
2025-01-09 15:00,10031,Test product 32 (seasonal),Drinks,SALE,7,7.4,5.18,7
2025-01-09 15:00,10039,Test product 40 (declining),Drinks,SALE,16,0.75,0.52,7
2025-01-09 16:00,10038,Test product 39 (growing),Household,SALE,15,3.82,2.67,7
2025-01-09 16:00,10038,Test product 39 (growing),Household,SALE,14,3.82,2.67,7
2025-01-10 11:00,10009,Test product 10 (declining),Snacks,SALE,20,7.37,5.16,7
2025-01-10 12:00,10023,Test product 24 (lumpy),Drinks,SALE,2,3.93,2.75,7
2025-01-10 13:00,10001,Test product 2 (seasonal),Snacks,SALE,14,3.68,2.58,7
2025-01-10 13:00,10025,Test product 26 (seasonal),Snacks,SALE,12,6.65,4.66,7
2025-01-10 14:00,10023,Test product 24 (lumpy),Drinks,SALE,4,3.93,2.75,7
2025-01-10 15:00,10021,Test product 22 (declining),Snacks,SALE,27,9.47,6.63,7
2025-01-10 16:00,10036,Test product 37 (smooth),Stationery,SALE,30,2.81,1.97,7
2025-01-10 17:00,10006,Test product 7 (smooth),Household,SALE,14,2.37,1.66,7
2025-01-10 17:00,10016,Test product 17 (intermittent),Stationery,SALE,1,3.53,2.47,7
2025-01-11 08:00,10006,Test product 7 (smooth),Household,SALE,16,2.37,1.66,7
2025-01-11 08:00,10026,Test product 27 (growing),Household,SALE,7,7.9,5.53,7
2025-01-11 11:00,10013,Test product 14 (seasonal),Snacks,SALE,20,6.02,4.21,7
2025-01-11 11:00,10013,Test product 14 (seasonal),Snacks,SALE,21,6.02,4.21,7
2025-01-11 12:00,10003,Test product 4 (declining),Drinks,SALE,22,6.94,4.86,7
2025-01-11 13:00,10027,Test product 28 (declining),Drinks,SALE,12,4.32,3.02,7
2025-01-11 13:00,10031,Test product 32 (seasonal),Drinks,SALE,2,7.4,5.18,7
2025-01-11 17:00,10037,Test product 38 (seasonal),Snacks,SALE,10,4.46,3.12,7
2025-01-12 00:00,10010,Test product 11 (intermittent),Household,STOCKTAKE,11,,7.35,7
2025-01-13 08:00,10012,Test product 13 (smooth),Stationery,SALE,3,8.25,5.77,7
2025-01-13 12:00,10008,Test product 9 (growing),Stationery,SALE,4,4.89,3.42,7
2025-01-13 12:00,10026,Test product 27 (growing),Household,SALE,6,7.9,5.53,7
2025-01-13 13:00,10018,Test product 19 (smooth),Household,SALE,7,3.32,2.32,7
2025-01-13 14:00,10025,Test product 26 (seasonal),Snacks,SALE,12,6.65,4.66,7
2025-01-13 15:00,10003,Test product 4 (declining),Drinks,SALE,27,6.94,4.86,7
2025-01-13 15:00,10023,Test product 24 (lumpy),Drinks,SALE,1,3.93,2.75,7
2025-01-13 17:00,10004,Test product 5 (intermittent),Stationery,SALE,1,3.26,2.28,7
2025-01-14 08:00,10032,Test product 33 (growing),Stationery,SALE,7,5.47,3.83,7
2025-01-14 09:00,10024,Test product 25 (smooth),Stationery,SALE,16,5.15,3.6,7
2025-01-14 10:00,10007,Test product 8 (seasonal),Drinks,SALE,16,7.86,5.5,7
2025-01-14 10:00,10007,Test product 8 (seasonal),Drinks,SALE,20,7.86,5.5,7
2025-01-14 10:00,10013,Test product 14 (seasonal),Snacks,SALE,37,6.02,4.21,7
2025-01-14 11:00,10014,Test product 15 (growing),Household,SALE,3,5.58,3.91,7
2025-01-14 12:00,10027,Test product 28 (declining),Drinks,SALE,17,4.32,3.02,7
2025-01-14 13:00,10018,Test product 19 (smooth),Household,SALE,6,3.32,2.32,7
2025-01-14 13:00,10023,Test product 24 (lumpy),Drinks,SALE,3,3.93,2.75,7
2025-01-14 14:00,10009,Test product 10 (declining),Snacks,SALE,18,7.37,5.16,7
2025-01-14 14:00,10012,Test product 13 (smooth),Stationery,SALE,9,8.25,5.77,7
2025-01-15 08:00,10031,Test product 32 (seasonal),Drinks,SALE,13,7.4,5.18,7
2025-01-15 09:00,10032,Test product 33 (growing),Stationery,SALE,7,5.47,3.83,7
2025-01-15 12:00,10025,Test product 26 (seasonal),Snacks,SALE,14,6.65,4.66,7
2025-01-15 13:00,10002,Test product 3 (growing),Household,SALE,4,3.2,2.24,7
2025-01-15 14:00,10012,Test product 13 (smooth),Stationery,SALE,9,8.25,5.77,7
2025-01-16 08:00,10009,Test product 10 (declining),Snacks,SALE,17,7.37,5.16,7
2025-01-16 08:00,10018,Test product 19 (smooth),Household,SALE,8,3.32,2.32,7
2025-01-16 11:00,10016,Test product 17 (intermittent),Stationery,SALE,3,3.53,2.47,7
2025-01-16 14:00,10004,Test product 5 (intermittent),Stationery,SALE,2,3.26,2.28,7
2025-01-16 14:00,10027,Test product 28 (declining),Drinks,SALE,22,4.32,3.02,7
2025-01-16 14:00,10037,Test product 38 (seasonal),Snacks,SALE,30,4.46,3.12,7
2025-01-16 15:00,10021,Test product 22 (declining),Snacks,SALE,16,9.47,6.63,7
2025-01-17 08:00,10010,Test product 11 (intermittent),Household,SALE,2,10.5,7.35,7
2025-01-17 09:00,10006,Test product 7 (smooth),Household,SALE,10,2.37,1.66,7
2025-01-17 10:00,10025,Test product 26 (seasonal),Snacks,SALE,12,6.65,4.66,7
2025-01-17 12:00,10036,Test product 37 (smooth),Stationery,SALE,8,2.81,1.97,7
2025-01-17 13:00,10036,Test product 37 (smooth),Stationery,SALE,8,2.81,1.97,7
2025-01-17 14:00,10031,Test product 32 (seasonal),Drinks,SALE,5,7.4,5.18,7
2025-01-17 15:00,10010,Test product 11 (intermittent),Household,SALE,1,10.5,7.35,7
2025-01-17 17:00,10006,Test product 7 (smooth),Household,SALE,8,2.37,1.66,7
2025-01-17 17:00,10016,Test product 17 (intermittent),Stationery,SALE,4,3.53,2.47,7
2025-01-18 08:00,10002,Test product 3 (growing),Household,SALE,6,3.2,2.24,7
2025-01-18 08:00,10014,Test product 15 (growing),Household,SALE,1,5.58,3.91,7
2025-01-18 09:00,10036,Test product 37 (smooth),Stationery,SALE,8,2.81,1.97,7
2025-01-18 09:00,10039,Test product 40 (declining),Drinks,SALE,3,0.75,0.52,7
2025-01-18 12:00,10002,Test product 3 (growing),Household,SALE,2,3.2,2.24,7
2025-01-18 12:00,10006,Test product 7 (smooth),Household,SALE,8,2.37,1.66,7
2025-01-18 13:00,10001,Test product 2 (seasonal),Snacks,SALE,14,3.68,2.58,7
2025-01-18 13:00,10021,Test product 22 (declining),Snacks,SALE,17,9.47,6.63,7
2025-01-18 14:00,10003,Test product 4 (declining),Drinks,SALE,32,6.94,4.86,7
2025-01-18 14:00,10024,Test product 25 (smooth),Stationery,SALE,10,5.15,3.6,7
2025-01-18 14:00,10038,Test product 39 (growing),Household,SALE,17,3.82,2.67,7
2025-01-18 14:00,10039,Test product 40 (declining),Drinks,SALE,3,0.75,0.52,7
2025-01-18 15:00,10019,Test product 20 (seasonal),Drinks,SALE,45,9.26,6.48,7
2025-01-18 15:00,10033,Test product 34 (declining),Snacks,SALE,63,0.94,0.66,7
2025-01-18 17:00,10001,Test product 2 (seasonal),Snacks,SALE,14,3.68,2.58,7
2025-01-19 00:00,10005,Test product 6 (lumpy),Snacks,STOCKTAKE,58,,6.57,7
2025-01-20 08:00,10019,Test product 20 (seasonal),Drinks,SALE,20,9.26,6.48,7
2025-01-20 09:00,10002,Test product 3 (growing),Household,SALE,5,3.2,2.24,7
2025-01-20 09:00,10017,Test product 18 (lumpy),Snacks,SALE,21,0.98,0.69,7
2025-01-20 11:00,10024,Test product 25 (smooth),Stationery,SALE,12,5.15,3.6,7
2025-01-20 11:00,10038,Test product 39 (growing),Household,SALE,9,3.82,2.67,7
2025-01-20 12:00,10012,Test product 13 (smooth),Stationery,SALE,5,8.25,5.77,7
2025-01-20 14:00,10012,Test product 13 (smooth),Stationery,SALE,8,8.25,5.77,7
2025-01-20 14:00,10038,Test product 39 (growing),Household,SALE,9,3.82,2.67,7
2025-01-20 14:00,10039,Test product 40 (declining),Drinks,SALE,6,0.75,0.52,7
2025-01-20 15:00,10014,Test product 15 (growing),Household,SALE,1,5.58,3.91,7
2025-01-20 15:00,10016,Test product 17 (intermittent),Stationery,SALE,2,3.53,2.47,7
2025-01-20 16:00,10014,Test product 15 (growing),Household,SALE,2,5.58,3.91,7
2025-01-21 08:00,10002,Test product 3 (growing),Household,SALE,6,3.2,2.24,7
2025-01-21 08:00,10026,Test product 27 (growing),Household,SALE,4,7.9,5.53,7
2025-01-21 09:00,10016,Test product 17 (intermittent),Stationery,SALE,2,3.53,2.47,7
2025-01-21 09:00,10037,Test product 38 (seasonal),Snacks,SALE,8,4.46,3.12,7
2025-01-21 13:00,10008,Test product 9 (growing),Stationery,SALE,6,4.89,3.42,7
2025-01-21 16:00,10009,Test product 10 (declining),Snacks,SALE,13,7.37,5.16,7
2025-01-21 17:00,10016,Test product 17 (intermittent),Stationery,SALE,1,3.53,2.47,7
2025-01-22 08:00,10031,Test product 32 (seasonal),Drinks,SALE,18,7.4,5.18,7
2025-01-22 09:00,10039,Test product 40 (declining),Drinks,SALE,5,0.75,0.52,7
2025-01-22 10:00,10019,Test product 20 (seasonal),Drinks,SALE,13,9.26,6.48,7
2025-01-22 13:00,10036,Test product 37 (smooth),Stationery,SALE,10,2.81,1.97,7
2025-01-22 15:00,10014,Test product 15 (growing),Household,SALE,3,5.58,3.91,7
2025-01-22 15:00,10021,Test product 22 (declining),Snacks,SALE,17,9.47,6.63,7
2025-01-23 08:00,10018,Test product 19 (smooth),Household,SALE,8,3.32,2.32,7
2025-01-23 11:00,10001,Test product 2 (seasonal),Snacks,SALE,31,3.68,2.58,7
2025-01-23 12:00,10027,Test product 28 (declining),Drinks,SALE,42,4.32,3.02,7
2025-01-23 13:00,10002,Test product 3 (growing),Household,SALE,5,3.2,2.24,7
2025-01-23 14:00,10033,Test product 34 (declining),Snacks,SALE,61,0.94,0.66,7
2025-01-23 15:00,10003,Test product 4 (declining),Drinks,SALE,31,6.94,4.86,7
2025-01-23 15:00,10024,Test product 25 (smooth),Stationery,SALE,8,5.15,3.6,7
2025-01-23 17:00,10006,Test product 7 (smooth),Household,SALE,19,2.37,1.66,7
2025-01-24 11:00,10036,Test product 37 (smooth),Stationery,SALE,10,2.81,1.97,7
2025-01-24 12:00,10038,Test product 39 (growing),Household,SALE,10,3.82,2.67,7
2025-01-24 13:00,10013,Test product 14 (seasonal),Snacks,SALE,21,6.02,4.21,7
2025-01-24 13:00,10024,Test product 25 (smooth),Stationery,SALE,9,5.15,3.6,7
2025-01-24 14:00,10037,Test product 38 (seasonal),Snacks,SALE,5,4.46,3.12,7
2025-01-24 15:00,10003,Test product 4 (declining),Drinks,SALE,38,6.94,4.86,7
2025-01-24 16:00,10018,Test product 19 (smooth),Household,SALE,10,3.32,2.32,7
2025-01-24 17:00,10006,Test product 7 (smooth),Household,SALE,16,2.37,1.66,7
2025-01-25 08:00,10025,Test product 26 (seasonal),Snacks,SALE,15,6.65,4.66,7
2025-01-25 08:00,10025,Test product 26 (seasonal),Snacks,SALE,17,6.65,4.66,7
2025-01-25 09:00,10039,Test product 40 (declining),Drinks,SALE,6,0.75,0.52,7
2025-01-25 12:00,10009,Test product 10 (declining),Snacks,SALE,13,7.37,5.16,7
2025-01-25 12:00,10037,Test product 38 (seasonal),Snacks,SALE,6,4.46,3.12,7
2025-01-25 13:00,10013,Test product 14 (seasonal),Snacks,SALE,22,6.02,4.21,7
2025-01-25 14:00,10009,Test product 10 (declining),Snacks,SALE,14,7.37,5.16,7
2025-01-25 14:00,10021,Test product 22 (declining),Snacks,SALE,19,9.47,6.63,7
2025-01-25 16:00,10007,Test product 8 (seasonal),Drinks,SALE,40,7.86,5.5,7
2025-01-25 17:00,10012,Test product 13 (smooth),Stationery,SALE,10,8.25,5.77,7
2025-01-25 17:00,10032,Test product 33 (growing),Stationery,SALE,16,5.47,3.83,7
2025-01-25 17:00,10036,Test product 37 (smooth),Stationery,SALE,14,2.81,1.97,7
2025-01-26 00:00,10015,Test product 16 (declining),Drinks,STOCKTAKE,79,,7.21,7
2025-01-27 08:00,10027,Test product 28 (declining),Drinks,SALE,19,4.32,3.02,7
2025-01-27 09:00,10032,Test product 33 (growing),Stationery,SALE,17,5.47,3.83,7
2025-01-27 10:00,10024,Test product 25 (smooth),Stationery,SALE,36,5.15,3.6,7
2025-01-27 12:00,10013,Test product 14 (seasonal),Snacks,SALE,12,6.02,4.21,7
2025-01-27 12:00,10039,Test product 40 (declining),Drinks,SALE,7,0.75,0.52,7
2025-01-27 14:00,10026,Test product 27 (growing),Household,SALE,3,7.9,5.53,7
2025-01-27 14:00,10034,Test product 35 (intermittent),Household,SALE,2,1.59,1.11,7
2025-01-27 15:00,10012,Test product 13 (smooth),Stationery,SALE,30,8.25,5.77,7
2025-01-27 17:00,10002,Test product 3 (growing),Household,SALE,3,3.2,2.24,7
2025-01-27 17:00,10033,Test product 34 (declining),Snacks,SALE,26,0.94,0.66,7
2025-01-27 17:00,10038,Test product 39 (growing),Household,SALE,11,3.82,2.67,7
2025-01-28 11:00,10019,Test product 20 (seasonal),Drinks,SALE,6,9.26,6.48,7
2025-01-28 11:00,10034,Test product 35 (intermittent),Household,SALE,1,1.59,1.11,7
2025-01-28 13:00,10006,Test product 7 (smooth),Household,SALE,26,2.37,1.66,7
2025-01-28 16:00,10026,Test product 27 (growing),Household,SALE,2,7.9,5.53,7
2025-01-28 16:00,10038,Test product 39 (growing),Household,SALE,10,3.82,2.67,7
2025-01-28 17:00,10017,Test product 18 (lumpy),Snacks,SALE,13,0.98,0.69,7
2025-01-28 17:00,10019,Test product 20 (seasonal),Drinks,SALE,7,9.26,6.48,7
2025-01-28 17:00,10033,Test product 34 (declining),Snacks,SALE,19,0.94,0.66,7
2025-01-29 09:00,10016,Test product 17 (intermittent),Stationery,SALE,2,3.53,2.47,7
2025-01-29 10:00,10005,Test product 6 (lumpy),Snacks,SALE,37,9.38,6.57,7
2025-01-29 11:00,10009,Test product 10 (declining),Snacks,SALE,37,7.37,5.16,7
2025-01-29 11:00,10028,Test product 29 (intermittent),Stationery,SALE,1,5.41,3.79,7
2025-01-29 12:00,10014,Test product 15 (growing),Household,SALE,2,5.58,3.91,7
2025-01-29 15:00,10015,Test product 16 (declining),Drinks,SALE,8,10.3,7.21,7
2025-01-29 15:00,10027,Test product 28 (declining),Drinks,SALE,17,4.32,3.02,7
2025-01-29 16:00,10001,Test product 2 (seasonal),Snacks,SALE,5,3.68,2.58,7
2025-01-29 16:00,10015,Test product 16 (declining),Drinks,SALE,8,10.3,7.21,7
2025-01-29 17:00,10008,Test product 9 (growing),Stationery,SALE,3,4.89,3.42,7
2025-01-30 09:00,10007,Test product 8 (seasonal),Drinks,SALE,37,7.86,5.5,7
2025-01-30 10:00,10005,Test product 6 (lumpy),Snacks,SALE,11,9.38,6.57,7
2025-01-30 12:00,10031,Test product 32 (seasonal),Drinks,SALE,22,7.4,5.18,7
2025-01-30 13:00,10001,Test product 2 (seasonal),Snacks,SALE,8,3.68,2.58,7
2025-01-31 08:00,10013,Test product 14 (seasonal),Snacks,SALE,19,6.02,4.21,7
2025-01-31 08:00,10015,Test product 16 (declining),Drinks,SALE,7,10.3,7.21,7
2025-01-31 10:00,10018,Test product 19 (smooth),Household,SALE,7,3.32,2.32,7
2025-01-31 10:00,10019,Test product 20 (seasonal),Drinks,SALE,11,9.26,6.48,7
2025-01-31 11:00,10028,Test product 29 (intermittent),Stationery,SALE,1,5.41,3.79,7
2025-01-31 15:00,10008,Test product 9 (growing),Stationery,SALE,4,4.89,3.42,7
2025-01-31 15:00,10033,Test product 34 (declining),Snacks,SALE,15,0.94,0.66,7
2025-01-31 15:00,10037,Test product 38 (seasonal),Snacks,SALE,13,4.46,3.12,7
2025-01-31 16:00,10039,Test product 40 (declining),Drinks,SALE,2,0.75,0.52,7
2025-01-31 17:00,10003,Test product 4 (declining),Drinks,SALE,49,6.94,4.86,7
2025-02-01 08:00,10002,Test product 3 (growing),Household,SALE,3,3.2,2.24,7
2025-02-01 08:00,10017,Test product 18 (lumpy),Snacks,SALE,14,0.98,0.69,7
2025-02-01 09:00,10021,Test product 22 (declining),Snacks,SALE,35,9.47,6.63,7
2025-02-01 09:00,10025,Test product 26 (seasonal),Snacks,SALE,37,6.65,4.66,7
2025-02-01 09:00,10036,Test product 37 (smooth),Stationery,SALE,9,2.81,1.97,7
2025-02-01 09:00,10039,Test product 40 (declining),Drinks,SALE,1,0.75,0.52,7
2025-02-01 12:00,10001,Test product 2 (seasonal),Snacks,SALE,8,3.68,2.58,7
2025-02-01 13:00,10038,Test product 39 (growing),Household,SALE,3,3.82,2.67,7
2025-02-01 14:00,10018,Test product 19 (smooth),Household,SALE,11,3.32,2.32,7
2025-02-01 16:00,10036,Test product 37 (smooth),Stationery,SALE,10,2.81,1.97,7
2025-02-01 16:00,10037,Test product 38 (seasonal),Snacks,SALE,11,4.46,3.12,7
2025-02-03 00:00,10001,Test product 2 (seasonal),Snacks,RESTOCK,119,2.58,2.58,7
2025-02-03 00:00,10002,Test product 3 (growing),Household,RESTOCK,89,2.24,2.24,7
2025-02-03 00:00,10003,Test product 4 (declining),Drinks,RESTOCK,145,4.86,4.86,7
2025-02-03 00:00,10004,Test product 5 (intermittent),Stationery,RESTOCK,7,2.28,2.28,7
2025-02-03 00:00,10006,Test product 7 (smooth),Household,RESTOCK,129,1.66,1.66,7
2025-02-03 00:00,10007,Test product 8 (seasonal),Drinks,RESTOCK,124,5.5,5.5,7
2025-02-03 00:00,10008,Test product 9 (growing),Stationery,RESTOCK,46,3.42,3.42,7
2025-02-03 00:00,10009,Test product 10 (declining),Snacks,RESTOCK,77,5.16,5.16,7
2025-02-03 00:00,10011,Test product 12 (lumpy),Drinks,RESTOCK,36,1.7,1.7,7
2025-02-03 00:00,10012,Test product 13 (smooth),Stationery,RESTOCK,102,5.77,5.77,7
2025-02-03 00:00,10013,Test product 14 (seasonal),Snacks,RESTOCK,142,4.21,4.21,7
2025-02-03 00:00,10014,Test product 15 (growing),Household,RESTOCK,56,3.91,3.91,7
2025-02-03 00:00,10016,Test product 17 (intermittent),Stationery,RESTOCK,9,2.47,2.47,7
2025-02-03 00:00,10017,Test product 18 (lumpy),Snacks,RESTOCK,46,0.69,0.69,7
2025-02-03 00:00,10018,Test product 19 (smooth),Household,RESTOCK,73,2.32,2.32,7
2025-02-03 00:00,10019,Test product 20 (seasonal),Drinks,RESTOCK,90,6.48,6.48,7
2025-02-03 00:00,10021,Test product 22 (declining),Snacks,RESTOCK,105,6.63,6.63,7
2025-02-03 00:00,10022,Test product 23 (intermittent),Household,RESTOCK,8,7.14,7.14,7
2025-02-03 00:00,10023,Test product 24 (lumpy),Drinks,RESTOCK,23,2.75,2.75,7
2025-02-03 00:00,10024,Test product 25 (smooth),Stationery,RESTOCK,137,3.6,3.6,7
2025-02-03 00:00,10025,Test product 26 (seasonal),Snacks,RESTOCK,109,4.66,4.66,7
2025-02-03 00:00,10026,Test product 27 (growing),Household,RESTOCK,50,5.53,5.53,7
2025-02-03 00:00,10027,Test product 28 (declining),Drinks,RESTOCK,87,3.02,3.02,7
2025-02-03 00:00,10028,Test product 29 (intermittent),Stationery,RESTOCK,8,3.79,3.79,7
2025-02-03 00:00,10029,Test product 30 (lumpy),Snacks,RESTOCK,24,6.69,6.69,7
2025-02-03 00:00,10031,Test product 32 (seasonal),Drinks,RESTOCK,61,5.18,5.18,7
2025-02-03 00:00,10032,Test product 33 (growing),Stationery,RESTOCK,141,3.83,3.83,7
2025-02-03 00:00,10033,Test product 34 (declining),Snacks,RESTOCK,127,0.66,0.66,7
2025-02-03 00:00,10034,Test product 35 (intermittent),Household,RESTOCK,7,1.11,1.11,7
2025-02-03 00:00,10036,Test product 37 (smooth),Stationery,RESTOCK,112,1.97,1.97,7
2025-02-03 00:00,10037,Test product 38 (seasonal),Snacks,RESTOCK,67,3.12,3.12,7
2025-02-03 00:00,10038,Test product 39 (growing),Household,RESTOCK,177,2.67,2.67,7
2025-02-03 00:00,10039,Test product 40 (declining),Drinks,RESTOCK,32,0.52,0.52,7
2025-02-03 08:00,10001,Test product 2 (seasonal),Snacks,SALE,15,3.68,2.58,7
2025-02-03 08:00,10019,Test product 20 (seasonal),Drinks,SALE,10,9.26,6.48,7
2025-02-03 10:00,10012,Test product 13 (smooth),Stationery,SALE,7,8.25,5.77,7
2025-02-03 10:00,10033,Test product 34 (declining),Snacks,SALE,20,0.94,0.66,7
2025-02-03 11:00,10015,Test product 16 (declining),Drinks,SALE,13,10.3,7.21,7
2025-02-03 13:00,10039,Test product 40 (declining),Drinks,SALE,20,0.75,0.52,7
2025-02-03 14:00,10006,Test product 7 (smooth),Household,SALE,12,2.37,1.66,7
2025-02-03 15:00,10027,Test product 28 (declining),Drinks,SALE,13,4.32,3.02,7
2025-02-03 17:00,10036,Test product 37 (smooth),Stationery,SALE,17,2.81,1.97,7
2025-02-04 08:00,10001,Test product 2 (seasonal),Snacks,SALE,13,3.68,2.58,7
2025-02-04 08:00,10013,Test product 14 (seasonal),Snacks,SALE,25,6.02,4.21,7
2025-02-04 10:00,10033,Test product 34 (declining),Snacks,SALE,33,0.94,0.66,7
2025-02-04 12:00,10027,Test product 28 (declining),Drinks,SALE,13,4.32,3.02,7
2025-02-04 14:00,10015,Test product 16 (declining),Drinks,SALE,6,10.3,7.21,7
2025-02-04 15:00,10002,Test product 3 (growing),Household,SALE,7,3.2,2.24,7
2025-02-04 16:00,10012,Test product 13 (smooth),Stationery,SALE,13,8.25,5.77,7
2025-02-04 17:00,10021,Test product 22 (declining),Snacks,SALE,21,9.47,6.63,7
2025-02-04 17:00,10026,Test product 27 (growing),Household,SALE,3,7.9,5.53,7
2025-02-05 08:00,10038,Test product 39 (growing),Household,SALE,5,3.82,2.67,7
2025-02-05 10:00,10018,Test product 19 (smooth),Household,SALE,19,3.32,2.32,7
2025-02-05 11:00,10019,Test product 20 (seasonal),Drinks,SALE,12,9.26,6.48,7
2025-02-05 13:00,10014,Test product 15 (growing),Household,SALE,9,5.58,3.91,7
2025-02-05 14:00,10006,Test product 7 (smooth),Household,SALE,6,2.37,1.66,7
2025-02-05 15:00,10008,Test product 9 (growing),Stationery,SALE,2,4.89,3.42,7
2025-02-05 17:00,10012,Test product 13 (smooth),Stationery,SALE,11,8.25,5.77,7
2025-02-06 08:00,10008,Test product 9 (growing),Stationery,SALE,2,4.89,3.42,7
2025-02-06 10:00,10003,Test product 4 (declining),Drinks,SALE,72,6.94,4.86,7
2025-02-06 14:00,10031,Test product 32 (seasonal),Drinks,SALE,8,7.4,5.18,7
2025-02-06 17:00,10007,Test product 8 (seasonal),Drinks,SALE,16,7.86,5.5,7
2025-02-07 08:00,10024,Test product 25 (smooth),Stationery,SALE,41,5.15,3.6,7
2025-02-07 09:00,10021,Test product 22 (declining),Snacks,SALE,17,9.47,6.63,7
2025-02-07 10:00,10006,Test product 7 (smooth),Household,SALE,4,2.37,1.66,7
2025-02-07 10:00,10007,Test product 8 (seasonal),Drinks,SALE,13,7.86,5.5,7
2025-02-07 10:00,10026,Test product 27 (growing),Household,SALE,4,7.9,5.53,7
2025-02-07 11:00,10027,Test product 28 (declining),Drinks,SALE,11,4.32,3.02,7
2025-02-07 12:00,10025,Test product 26 (seasonal),Snacks,SALE,15,6.65,4.66,7
2025-02-07 12:00,10038,Test product 39 (growing),Household,SALE,14,3.82,2.67,7
2025-02-08 08:00,10026,Test product 27 (growing),Household,SALE,2,7.9,5.53,7
2025-02-08 09:00,10031,Test product 32 (seasonal),Drinks,SALE,5,7.4,5.18,7
2025-02-08 10:00,10031,Test product 32 (seasonal),Drinks,SALE,8,7.4,5.18,7
2025-02-08 10:00,10037,Test product 38 (seasonal),Snacks,SALE,14,4.46,3.12,7
2025-02-08 11:00,10007,Test product 8 (seasonal),Drinks,SALE,10,7.86,5.5,7
2025-02-08 11:00,10013,Test product 14 (seasonal),Snacks,SALE,25,6.02,4.21,7
2025-02-08 12:00,10009,Test product 10 (declining),Snacks,SALE,34,7.37,5.16,7
2025-02-08 13:00,10032,Test product 33 (growing),Stationery,SALE,11,5.47,3.83,7
2025-02-08 15:00,10037,Test product 38 (seasonal),Snacks,SALE,13,4.46,3.12,7
2025-02-08 16:00,10022,Test product 23 (intermittent),Household,SALE,2,10.2,7.14,7
2025-02-08 16:00,10025,Test product 26 (seasonal),Snacks,SALE,15,6.65,4.66,7
2025-02-10 00:00,10010,Test product 11 (intermittent),Household,RESTOCK,7,7.35,7.35,7
2025-02-10 08:00,10012,Test product 13 (smooth),Stationery,SALE,7,8.25,5.77,7
2025-02-10 08:00,10025,Test product 26 (seasonal),Snacks,SALE,14,6.65,4.66,7
2025-02-10 10:00,10001,Test product 2 (seasonal),Snacks,SALE,17,3.68,2.58,7
2025-02-10 11:00,10002,Test product 3 (growing),Household,SALE,3,3.2,2.24,7
2025-02-10 11:00,10039,Test product 40 (declining),Drinks,SALE,3,0.75,0.52,7
2025-02-10 12:00,10007,Test product 8 (seasonal),Drinks,SALE,9,7.86,5.5,7
2025-02-10 12:00,10024,Test product 25 (smooth),Stationery,SALE,15,5.15,3.6,7
2025-02-10 15:00,10017,Test product 18 (lumpy),Snacks,SALE,26,0.98,0.69,7
2025-02-10 16:00,10012,Test product 13 (smooth),Stationery,SALE,6,8.25,5.77,7
2025-02-10 17:00,10028,Test product 29 (intermittent),Stationery,SALE,5,5.41,3.79,7
2025-02-11 09:00,10001,Test product 2 (seasonal),Snacks,SALE,8,3.68,2.58,7
2025-02-11 09:00,10008,Test product 9 (growing),Stationery,SALE,2,4.89,3.42,7
2025-02-11 09:00,10018,Test product 19 (smooth),Household,SALE,9,3.32,2.32,7
2025-02-11 10:00,10032,Test product 33 (growing),Stationery,SALE,9,5.47,3.83,7
2025-02-11 10:00,10037,Test product 38 (seasonal),Snacks,SALE,7,4.46,3.12,7
2025-02-11 11:00,10012,Test product 13 (smooth),Stationery,SALE,5,8.25,5.77,7
2025-02-11 12:00,10015,Test product 16 (declining),Drinks,SALE,6,10.3,7.21,7
2025-02-11 12:00,10037,Test product 38 (seasonal),Snacks,SALE,9,4.46,3.12,7
2025-02-11 14:00,10027,Test product 28 (declining),Drinks,SALE,24,4.32,3.02,7
2025-02-11 15:00,10009,Test product 10 (declining),Snacks,SALE,17,7.37,5.16,7
2025-02-11 16:00,10024,Test product 25 (smooth),Stationery,SALE,22,5.15,3.6,7
2025-02-11 17:00,10031,Test product 32 (seasonal),Drinks,SALE,6,7.4,5.18,7
2025-02-12 08:00,10015,Test product 16 (declining),Drinks,SALE,13,10.3,7.21,7
2025-02-12 11:00,10019,Test product 20 (seasonal),Drinks,SALE,8,9.26,6.48,7
2025-02-12 12:00,10001,Test product 2 (seasonal),Snacks,SALE,7,3.68,2.58,7
2025-02-12 12:00,10007,Test product 8 (seasonal),Drinks,SALE,10,7.86,5.5,7
2025-02-12 12:00,10013,Test product 14 (seasonal),Snacks,SALE,15,6.02,4.21,7
2025-02-12 12:00,10026,Test product 27 (growing),Household,SALE,3,7.9,5.53,7
2025-02-12 13:00,10039,Test product 40 (declining),Drinks,SALE,6,0.75,0.52,7
2025-02-12 15:00,10036,Test product 37 (smooth),Stationery,SALE,8,2.81,1.97,7
2025-02-12 15:00,10039,Test product 40 (declining),Drinks,SALE,6,0.75,0.52,7
2025-02-12 16:00,10017,Test product 18 (lumpy),Snacks,SALE,17,0.98,0.69,7
2025-02-12 17:00,10013,Test product 14 (seasonal),Snacks,SALE,26,6.02,4.21,7
2025-02-12 17:00,10014,Test product 15 (growing),Household,SALE,2,5.58,3.91,7
2025-02-12 17:00,10015,Test product 16 (declining),Drinks,SALE,7,10.3,7.21,7
2025-02-12 17:00,10017,Test product 18 (lumpy),Snacks,SALE,27,0.98,0.69,7
2025-02-13 10:00,10025,Test product 26 (seasonal),Snacks,SALE,11,6.65,4.66,7
2025-02-13 11:00,10026,Test product 27 (growing),Household,SALE,1,7.9,5.53,7
2025-02-13 14:00,10003,Test product 4 (declining),Drinks,SALE,25,6.94,4.86,7
2025-02-13 14:00,10018,Test product 19 (smooth),Household,SALE,5,3.32,2.32,7
2025-02-13 15:00,10025,Test product 26 (seasonal),Snacks,SALE,12,6.65,4.66,7
2025-02-13 16:00,10008,Test product 9 (growing),Stationery,SALE,4,4.89,3.42,7
2025-02-13 16:00,10031,Test product 32 (seasonal),Drinks,SALE,7,7.4,5.18,7
2025-02-13 17:00,10002,Test product 3 (growing),Household,SALE,4,3.2,2.24,7
2025-02-13 17:00,10003,Test product 4 (declining),Drinks,SALE,24,6.94,4.86,7
2025-02-13 17:00,10006,Test product 7 (smooth),Household,SALE,29,2.37,1.66,7
2025-02-14 08:00,10026,Test product 27 (growing),Household,SALE,2,7.9,5.53,7
2025-02-14 08:00,10033,Test product 34 (declining),Snacks,SALE,64,0.94,0.66,7
2025-02-14 09:00,10009,Test product 10 (declining),Snacks,SALE,9,7.37,5.16,7
2025-02-14 09:00,10038,Test product 39 (growing),Household,SALE,10,3.82,2.67,7
2025-02-14 10:00,10007,Test product 8 (seasonal),Drinks,SALE,18,7.86,5.5,7
2025-02-14 10:00,10014,Test product 15 (growing),Household,SALE,4,5.58,3.91,7
2025-02-14 11:00,10019,Test product 20 (seasonal),Drinks,SALE,9,9.26,6.48,7
2025-02-14 12:00,10036,Test product 37 (smooth),Stationery,SALE,10,2.81,1.97,7
2025-02-14 17:00,10019,Test product 20 (seasonal),Drinks,SALE,8,9.26,6.48,7
2025-02-14 17:00,10021,Test product 22 (declining),Snacks,SALE,18,9.47,6.63,7
2025-02-15 08:00,10002,Test product 3 (growing),Household,SALE,6,3.2,2.24,7
2025-02-15 08:00,10018,Test product 19 (smooth),Household,SALE,3,3.32,2.32,7
2025-02-15 09:00,10014,Test product 15 (growing),Household,SALE,3,5.58,3.91,7
2025-02-15 10:00,10027,Test product 28 (declining),Drinks,SALE,18,4.32,3.02,7
2025-02-15 10:00,10032,Test product 33 (growing),Stationery,SALE,4,5.47,3.83,7
2025-02-15 12:00,10021,Test product 22 (declining),Snacks,SALE,18,9.47,6.63,7
2025-02-15 12:00,10037,Test product 38 (seasonal),Snacks,SALE,4,4.46,3.12,7
2025-02-15 14:00,10038,Test product 39 (growing),Household,SALE,16,3.82,2.67,7
2025-02-15 17:00,10031,Test product 32 (seasonal),Drinks,SALE,6,7.4,5.18,7
2025-02-15 17:00,10032,Test product 33 (growing),Stationery,SALE,4,5.47,3.83,7
2025-02-17 00:00,10005,Test product 6 (lumpy),Snacks,RESTOCK,36,6.57,6.57,7
2025-02-17 10:00,10026,Test product 27 (growing),Household,SALE,2,7.9,5.53,7
2025-02-17 12:00,10019,Test product 20 (seasonal),Drinks,SALE,21,9.26,6.48,7
2025-02-17 14:00,10001,Test product 2 (seasonal),Snacks,SALE,35,3.68,2.58,7
2025-02-17 14:00,10015,Test product 16 (declining),Drinks,SALE,10,10.3,7.21,7
2025-02-17 14:00,10021,Test product 22 (declining),Snacks,SALE,5,9.47,6.63,7
2025-02-17 15:00,10018,Test product 19 (smooth),Household,SALE,7,3.32,2.32,7
2025-02-18 08:00,10026,Test product 27 (growing),Household,SALE,1,7.9,5.53,7
2025-02-18 09:00,10009,Test product 10 (declining),Snacks,SALE,36,7.37,5.16,7
2025-02-18 11:00,10003,Test product 4 (declining),Drinks,SALE,44,6.94,4.86,7
2025-02-18 11:00,10021,Test product 22 (declining),Snacks,SALE,10,9.47,6.63,7
2025-02-18 12:00,10013,Test product 14 (seasonal),Snacks,SALE,60,6.02,4.21,7
2025-02-18 12:00,10014,Test product 15 (growing),Household,SALE,3,5.58,3.91,7
2025-02-18 12:00,10036,Test product 37 (smooth),Stationery,SALE,10,2.81,1.97,7
2025-02-18 14:00,10021,Test product 22 (declining),Snacks,SALE,13,9.47,6.63,7
2025-02-18 15:00,10019,Test product 20 (seasonal),Drinks,SALE,11,9.26,6.48,7
2025-02-18 15:00,10019,Test product 20 (seasonal),Drinks,SALE,14,9.26,6.48,7
2025-02-19 09:00,10008,Test product 9 (growing),Stationery,SALE,2,4.89,3.42,7
2025-02-19 11:00,10024,Test product 25 (smooth),Stationery,SALE,21,5.15,3.6,7
2025-02-19 13:00,10010,Test product 11 (intermittent),Household,SALE,6,10.5,7.35,7
2025-02-19 13:00,10036,Test product 37 (smooth),Stationery,SALE,14,2.81,1.97,7
2025-02-19 16:00,10037,Test product 38 (seasonal),Snacks,SALE,21,4.46,3.12,7
2025-02-20 09:00,10006,Test product 7 (smooth),Household,SALE,28,2.37,1.66,7
2025-02-20 12:00,10008,Test product 9 (growing),Stationery,SALE,4,4.89,3.42,7
2025-02-20 14:00,10012,Test product 13 (smooth),Stationery,SALE,10,8.25,5.77,7
2025-02-20 16:00,10012,Test product 13 (smooth),Stationery,SALE,9,8.25,5.77,7
2025-02-20 16:00,10032,Test product 33 (growing),Stationery,SALE,10,5.47,3.83,7
2025-02-21 11:00,10007,Test product 8 (seasonal),Drinks,SALE,42,7.86,5.5,7
2025-02-21 11:00,10014,Test product 15 (growing),Household,SALE,3,5.58,3.91,7
2025-02-21 12:00,10025,Test product 26 (seasonal),Snacks,SALE,31,6.65,4.66,7
2025-02-21 12:00,10027,Test product 28 (declining),Drinks,SALE,34,4.32,3.02,7
2025-02-21 13:00,10015,Test product 16 (declining),Drinks,SALE,20,10.3,7.21,7
2025-02-21 13:00,10032,Test product 33 (growing),Stationery,SALE,12,5.47,3.83,7
2025-02-21 13:00,10038,Test product 39 (growing),Household,SALE,19,3.82,2.67,7
2025-02-21 14:00,10031,Test product 32 (seasonal),Drinks,SALE,18,7.4,5.18,7
2025-02-22 12:00,10018,Test product 19 (smooth),Household,SALE,8,3.32,2.32,7
2025-02-22 12:00,10026,Test product 27 (growing),Household,SALE,1,7.9,5.53,7
2025-02-22 12:00,10039,Test product 40 (declining),Drinks,SALE,14,0.75,0.52,7
2025-02-22 13:00,10002,Test product 3 (growing),Household,SALE,15,3.2,2.24,7
2025-02-22 13:00,10033,Test product 34 (declining),Snacks,SALE,64,0.94,0.66,7
2025-02-22 17:00,10024,Test product 25 (smooth),Stationery,SALE,17,5.15,3.6,7
2025-02-23 00:00,10035,Test product 36 (lumpy),Drinks,STOCKTAKE,47,,5.68,7
2025-02-24 00:00,10015,Test product 16 (declining),Drinks,RESTOCK,51,7.21,7.21,7
2025-02-24 09:00,10012,Test product 13 (smooth),Stationery,SALE,26,8.25,5.77,7
2025-02-24 10:00,10014,Test product 15 (growing),Household,SALE,1,5.58,3.91,7
2025-02-24 11:00,10001,Test product 2 (seasonal),Snacks,SALE,43,3.68,2.58,7
2025-02-24 11:00,10013,Test product 14 (seasonal),Snacks,SALE,22,6.02,4.21,7
2025-02-24 13:00,10018,Test product 19 (smooth),Household,SALE,7,3.32,2.32,7
2025-02-24 13:00,10032,Test product 33 (growing),Stationery,SALE,10,5.47,3.83,7
2025-02-24 14:00,10019,Test product 20 (seasonal),Drinks,SALE,10,9.26,6.48,7
2025-02-24 15:00,10016,Test product 17 (intermittent),Stationery,SALE,1,3.53,2.47,7
2025-02-24 15:00,10037,Test product 38 (seasonal),Snacks,SALE,8,4.46,3.12,7
2025-02-25 08:00,10024,Test product 25 (smooth),Stationery,SALE,9,5.15,3.6,7
2025-02-25 08:00,10031,Test product 32 (seasonal),Drinks,SALE,8,7.4,5.18,7
2025-02-25 08:00,10037,Test product 38 (seasonal),Snacks,SALE,6,4.46,3.12,7
2025-02-25 15:00,10013,Test product 14 (seasonal),Snacks,SALE,15,6.02,4.21,7
2025-02-25 15:00,10027,Test product 28 (declining),Drinks,SALE,16,4.32,3.02,7
2025-02-25 16:00,10006,Test product 7 (smooth),Household,SALE,18,2.37,1.66,7
2025-02-25 16:00,10018,Test product 19 (smooth),Household,SALE,9,3.32,2.32,7
2025-02-25 17:00,10008,Test product 9 (growing),Stationery,SALE,3,4.89,3.42,7
2025-02-25 17:00,10016,Test product 17 (intermittent),Stationery,SALE,3,3.53,2.47,7
2025-02-25 17:00,10031,Test product 32 (seasonal),Drinks,SALE,2,7.4,5.18,7
2025-02-26 08:00,10024,Test product 25 (smooth),Stationery,SALE,10,5.15,3.6,7
2025-02-26 10:00,10009,Test product 10 (declining),Snacks,SALE,25,7.37,5.16,7
2025-02-26 10:00,10033,Test product 34 (declining),Snacks,SALE,33,0.94,0.66,7
2025-02-26 11:00,10026,Test product 27 (growing),Household,SALE,2,7.9,5.53,7
2025-02-26 13:00,10006,Test product 7 (smooth),Household,SALE,14,2.37,1.66,7
2025-02-26 13:00,10010,Test product 11 (intermittent),Household,SALE,3,10.5,7.35,7
2025-02-26 15:00,10010,Test product 11 (intermittent),Household,SALE,4,10.5,7.35,7
2025-02-26 16:00,10004,Test product 5 (intermittent),Stationery,SALE,2,3.26,2.28,7
2025-02-26 16:00,10019,Test product 20 (seasonal),Drinks,SALE,13,9.26,6.48,7
2025-02-26 17:00,10032,Test product 33 (growing),Stationery,SALE,5,5.47,3.83,7
2025-02-26 17:00,10036,Test product 37 (smooth),Stationery,SALE,11,2.81,1.97,7
2025-02-27 12:00,10007,Test product 8 (seasonal),Drinks,SALE,39,7.86,5.5,7
2025-02-27 13:00,10028,Test product 29 (intermittent),Stationery,SALE,3,5.41,3.79,7
2025-02-27 15:00,10033,Test product 34 (declining),Snacks,SALE,26,0.94,0.66,7
2025-02-27 16:00,10019,Test product 20 (seasonal),Drinks,SALE,12,9.26,6.48,7
2025-02-27 17:00,10002,Test product 3 (growing),Household,SALE,12,3.2,2.24,7
2025-02-28 08:00,10003,Test product 4 (declining),Drinks,SALE,24,6.94,4.86,7
2025-02-28 08:00,10036,Test product 37 (smooth),Stationery,SALE,10,2.81,1.97,7
2025-02-28 11:00,10003,Test product 4 (declining),Drinks,SALE,26,6.94,4.86,7
2025-02-28 11:00,10014,Test product 15 (growing),Household,SALE,3,5.58,3.91,7
2025-02-28 11:00,10039,Test product 40 (declining),Drinks,SALE,15,0.75,0.52,7
2025-02-28 12:00,10025,Test product 26 (seasonal),Snacks,SALE,30,6.65,4.66,7
2025-02-28 12:00,10027,Test product 28 (declining),Drinks,SALE,14,4.32,3.02,7
2025-02-28 13:00,10037,Test product 38 (seasonal),Snacks,SALE,9,4.46,3.12,7
2025-02-28 17:00,10016,Test product 17 (intermittent),Stationery,SALE,3,3.53,2.47,7
2025-02-28 17:00,10024,Test product 25 (smooth),Stationery,SALE,5,5.15,3.6,7
2025-03-01 08:00,10015,Test product 16 (declining),Drinks,SALE,12,10.3,7.21,7
2025-03-01 08:00,10031,Test product 32 (seasonal),Drinks,SALE,3,7.4,5.18,7
2025-03-01 08:00,10032,Test product 33 (growing),Stationery,SALE,8,5.47,3.83,7
2025-03-01 08:00,10038,Test product 39 (growing),Household,SALE,22,3.82,2.67,7
2025-03-01 09:00,10004,Test product 5 (intermittent),Stationery,SALE,1,3.26,2.28,7
2025-03-01 12:00,10021,Test product 22 (declining),Snacks,SALE,41,9.47,6.63,7
2025-03-01 13:00,10027,Test product 28 (declining),Drinks,SALE,13,4.32,3.02,7
2025-03-01 15:00,10028,Test product 29 (intermittent),Stationery,SALE,2,5.41,3.79,7
2025-03-01 16:00,10026,Test product 27 (growing),Household,SALE,7,7.9,5.53,7
2025-03-01 17:00,10018,Test product 19 (smooth),Household,SALE,6,3.32,2.32,7
2025-03-02 00:00,10030,Test product 31 (smooth),Household,STOCKTAKE,169,,4.86,7
2025-03-03 00:00,10001,Test product 2 (seasonal),Snacks,RESTOCK,113,2.58,2.58,7
2025-03-03 00:00,10002,Test product 3 (growing),Household,RESTOCK,94,2.24,2.24,7
2025-03-03 00:00,10003,Test product 4 (declining),Drinks,RESTOCK,144,4.86,4.86,7
2025-03-03 00:00,10004,Test product 5 (intermittent),Stationery,RESTOCK,7,2.28,2.28,7
2025-03-03 00:00,10006,Test product 7 (smooth),Household,RESTOCK,125,1.66,1.66,7
2025-03-03 00:00,10007,Test product 8 (seasonal),Drinks,RESTOCK,145,5.5,5.5,7
2025-03-03 00:00,10008,Test product 9 (growing),Stationery,RESTOCK,38,3.42,3.42,7
2025-03-03 00:00,10009,Test product 10 (declining),Snacks,RESTOCK,96,5.16,5.16,7
2025-03-03 00:00,10011,Test product 12 (lumpy),Drinks,RESTOCK,39,1.7,1.7,7
2025-03-03 00:00,10012,Test product 13 (smooth),Stationery,RESTOCK,104,5.77,5.77,7
2025-03-03 00:00,10013,Test product 14 (seasonal),Snacks,RESTOCK,166,4.21,4.21,7
2025-03-03 00:00,10014,Test product 15 (growing),Household,RESTOCK,53,3.91,3.91,7
2025-03-03 00:00,10016,Test product 17 (intermittent),Stationery,RESTOCK,9,2.47,2.47,7
2025-03-03 00:00,10017,Test product 18 (lumpy),Snacks,RESTOCK,36,0.69,0.69,7
2025-03-03 00:00,10018,Test product 19 (smooth),Household,RESTOCK,77,2.32,2.32,7
2025-03-03 00:00,10019,Test product 20 (seasonal),Drinks,RESTOCK,100,6.48,6.48,7
2025-03-03 00:00,10021,Test product 22 (declining),Snacks,RESTOCK,107,6.63,6.63,7
2025-03-03 00:00,10022,Test product 23 (intermittent),Household,RESTOCK,8,7.14,7.14,7
2025-03-03 00:00,10023,Test product 24 (lumpy),Drinks,RESTOCK,23,2.75,2.75,7
2025-03-03 00:00,10024,Test product 25 (smooth),Stationery,RESTOCK,143,3.6,3.6,7
2025-03-03 00:00,10025,Test product 26 (seasonal),Snacks,RESTOCK,101,4.66,4.66,7
2025-03-03 00:00,10026,Test product 27 (growing),Household,RESTOCK,55,5.53,5.53,7
2025-03-03 00:00,10027,Test product 28 (declining),Drinks,RESTOCK,110,3.02,3.02,7
2025-03-03 00:00,10028,Test product 29 (intermittent),Stationery,RESTOCK,7,3.79,3.79,7
2025-03-03 00:00,10029,Test product 30 (lumpy),Snacks,RESTOCK,23,6.69,6.69,7
2025-03-03 00:00,10031,Test product 32 (seasonal),Drinks,RESTOCK,60,5.18,5.18,7
2025-03-03 00:00,10032,Test product 33 (growing),Stationery,RESTOCK,154,3.83,3.83,7
2025-03-03 00:00,10033,Test product 34 (declining),Snacks,RESTOCK,141,0.66,0.66,7
2025-03-03 00:00,10034,Test product 35 (intermittent),Household,RESTOCK,6,1.11,1.11,7
2025-03-03 00:00,10036,Test product 37 (smooth),Stationery,RESTOCK,92,1.97,1.97,7
2025-03-03 00:00,10037,Test product 38 (seasonal),Snacks,RESTOCK,82,3.12,3.12,7
2025-03-03 00:00,10038,Test product 39 (growing),Household,RESTOCK,167,2.67,2.67,7
2025-03-03 00:00,10039,Test product 40 (declining),Drinks,RESTOCK,37,0.52,0.52,7
2025-03-03 08:00,10001,Test product 2 (seasonal),Snacks,SALE,23,3.68,2.58,7
2025-03-03 08:00,10006,Test product 7 (smooth),Household,SALE,11,2.37,1.66,7
2025-03-03 09:00,10039,Test product 40 (declining),Drinks,SALE,3,0.75,0.52,7
2025-03-03 11:00,10018,Test product 19 (smooth),Household,SALE,14,3.32,2.32,7
2025-03-03 12:00,10008,Test product 9 (growing),Stationery,SALE,2,4.89,3.42,7
2025-03-03 14:00,10027,Test product 28 (declining),Drinks,SALE,44,4.32,3.02,7
2025-03-03 15:00,10036,Test product 37 (smooth),Stationery,SALE,15,2.81,1.97,7
2025-03-03 16:00,10026,Test product 27 (growing),Household,SALE,1,7.9,5.53,7
2025-03-03 17:00,10015,Test product 16 (declining),Drinks,SALE,25,10.3,7.21,7
2025-03-04 08:00,10037,Test product 38 (seasonal),Snacks,SALE,17,4.46,3.12,7
2025-03-04 11:00,10012,Test product 13 (smooth),Stationery,SALE,14,8.25,5.77,7
2025-03-04 12:00,10032,Test product 33 (growing),Stationery,SALE,14,5.47,3.83,7
2025-03-04 12:00,10038,Test product 39 (growing),Household,SALE,9,3.82,2.67,7
2025-03-04 13:00,10016,Test product 17 (intermittent),Stationery,SALE,2,3.53,2.47,7
2025-03-04 14:00,10033,Test product 34 (declining),Snacks,SALE,59,0.94,0.66,7
2025-03-04 15:00,10012,Test product 13 (smooth),Stationery,SALE,7,8.25,5.77,7
2025-03-04 15:00,10025,Test product 26 (seasonal),Snacks,SALE,19,6.65,4.66,7
2025-03-04 15:00,10030,Test product 31 (smooth),Household,SALE,9,6.94,4.86,7
2025-03-04 17:00,10006,Test product 7 (smooth),Household,SALE,8,2.37,1.66,7
2025-03-05 08:00,10007,Test product 8 (seasonal),Drinks,SALE,13,7.86,5.5,7
2025-03-05 08:00,10026,Test product 27 (growing),Household,SALE,1,7.9,5.53,7
2025-03-05 11:00,10014,Test product 15 (growing),Household,SALE,2,5.58,3.91,7
2025-03-05 11:00,10038,Test product 39 (growing),Household,SALE,16,3.82,2.67,7
2025-03-05 13:00,10007,Test product 8 (seasonal),Drinks,SALE,18,7.86,5.5,7
2025-03-05 14:00,10008,Test product 9 (growing),Stationery,SALE,2,4.89,3.42,7
2025-03-05 16:00,10022,Test product 23 (intermittent),Household,SALE,2,10.2,7.14,7
2025-03-06 08:00,10013,Test product 14 (seasonal),Snacks,SALE,26,6.02,4.21,7
2025-03-06 08:00,10016,Test product 17 (intermittent),Stationery,SALE,3,3.53,2.47,7
2025-03-06 10:00,10019,Test product 20 (seasonal),Drinks,SALE,12,9.26,6.48,7
2025-03-06 12:00,10021,Test product 22 (declining),Snacks,SALE,27,9.47,6.63,7
2025-03-06 13:00,10007,Test product 8 (seasonal),Drinks,SALE,6,7.86,5.5,7
2025-03-06 14:00,10019,Test product 20 (seasonal),Drinks,SALE,16,9.26,6.48,7
2025-03-06 14:00,10021,Test product 22 (declining),Snacks,SALE,21,9.47,6.63,7
2025-03-06 15:00,10025,Test product 26 (seasonal),Snacks,SALE,17,6.65,4.66,7
2025-03-06 15:00,10037,Test product 38 (seasonal),Snacks,SALE,12,4.46,3.12,7
2025-03-07 10:00,10002,Test product 3 (growing),Household,SALE,8,3.2,2.24,7
2025-03-07 10:00,10036,Test product 37 (smooth),Stationery,SALE,14,2.81,1.97,7
2025-03-07 11:00,10032,Test product 33 (growing),Stationery,SALE,16,5.47,3.83,7
2025-03-07 12:00,10009,Test product 10 (declining),Snacks,SALE,6,7.37,5.16,7
2025-03-07 13:00,10024,Test product 25 (smooth),Stationery,SALE,19,5.15,3.6,7
2025-03-07 14:00,10022,Test product 23 (intermittent),Household,SALE,2,10.2,7.14,7
2025-03-07 16:00,10002,Test product 3 (growing),Household,SALE,9,3.2,2.24,7
2025-03-07 16:00,10039,Test product 40 (declining),Drinks,SALE,5,0.75,0.52,7
2025-03-07 17:00,10003,Test product 4 (declining),Drinks,SALE,54,6.94,4.86,7
2025-03-07 17:00,10009,Test product 10 (declining),Snacks,SALE,11,7.37,5.16,7
2025-03-07 17:00,10024,Test product 25 (smooth),Stationery,SALE,18,5.15,3.6,7
2025-03-08 09:00,10012,Test product 13 (smooth),Stationery,SALE,7,8.25,5.77,7
2025-03-08 10:00,10009,Test product 10 (declining),Snacks,SALE,8,7.37,5.16,7
2025-03-08 10:00,10026,Test product 27 (growing),Household,SALE,3,7.9,5.53,7
2025-03-08 11:00,10013,Test product 14 (seasonal),Snacks,SALE,10,6.02,4.21,7
2025-03-08 11:00,10030,Test product 31 (smooth),Household,SALE,6,6.94,4.86,7
2025-03-08 12:00,10031,Test product 32 (seasonal),Drinks,SALE,8,7.4,5.18,7
2025-03-08 14:00,10006,Test product 7 (smooth),Household,SALE,12,2.37,1.66,7
2025-03-08 16:00,10014,Test product 15 (growing),Household,SALE,6,5.58,3.91,7
2025-03-08 16:00,10030,Test product 31 (smooth),Household,SALE,9,6.94,4.86,7
2025-03-08 16:00,10039,Test product 40 (declining),Drinks,SALE,2,0.75,0.52,7
2025-03-10 00:00,10010,Test product 11 (intermittent),Household,RESTOCK,7,7.35,7.35,7
2025-03-10 08:00,10027,Test product 28 (declining),Drinks,SALE,21,4.32,3.02,7
2025-03-10 09:00,10037,Test product 38 (seasonal),Snacks,SALE,10,4.46,3.12,7
2025-03-10 10:00,10009,Test product 10 (declining),Snacks,SALE,7,7.37,5.16,7
2025-03-10 12:00,10032,Test product 33 (growing),Stationery,SALE,20,5.47,3.83,7
2025-03-10 13:00,10014,Test product 15 (growing),Household,SALE,3,5.58,3.91,7
2025-03-10 16:00,10030,Test product 31 (smooth),Household,SALE,24,6.94,4.86,7
2025-03-10 17:00,10031,Test product 32 (seasonal),Drinks,SALE,11,7.4,5.18,7
2025-03-11 08:00,10003,Test product 4 (declining),Drinks,SALE,25,6.94,4.86,7
2025-03-11 11:00,10001,Test product 2 (seasonal),Snacks,SALE,11,3.68,2.58,7
2025-03-11 11:00,10021,Test product 22 (declining),Snacks,SALE,30,9.47,6.63,7
2025-03-11 12:00,10025,Test product 26 (seasonal),Snacks,SALE,9,6.65,4.66,7
2025-03-11 12:00,10034,Test product 35 (intermittent),Household,SALE,2,1.59,1.11,7
2025-03-11 13:00,10012,Test product 13 (smooth),Stationery,SALE,4,8.25,5.77,7
2025-03-11 13:00,10018,Test product 19 (smooth),Household,SALE,3,3.32,2.32,7
2025-03-11 14:00,10015,Test product 16 (declining),Drinks,SALE,11,10.3,7.21,7
2025-03-11 16:00,10019,Test product 20 (seasonal),Drinks,SALE,35,9.26,6.48,7
2025-03-11 16:00,10039,Test product 40 (declining),Drinks,SALE,3,0.75,0.52,7
2025-03-12 08:00,10002,Test product 3 (growing),Household,SALE,3,3.2,2.24,7
2025-03-12 09:00,10036,Test product 37 (smooth),Stationery,SALE,12,2.81,1.97,7
2025-03-12 11:00,10008,Test product 9 (growing),Stationery,SALE,5,4.89,3.42,7
2025-03-12 14:00,10012,Test product 13 (smooth),Stationery,SALE,7,8.25,5.77,7
2025-03-12 14:00,10018,Test product 19 (smooth),Household,SALE,5,3.32,2.32,7
2025-03-12 14:00,10036,Test product 37 (smooth),Stationery,SALE,10,2.81,1.97,7
2025-03-12 17:00,10025,Test product 26 (seasonal),Snacks,SALE,10,6.65,4.66,7
2025-03-12 17:00,10034,Test product 35 (intermittent),Household,SALE,2,1.59,1.11,7
2025-03-12 17:00,10038,Test product 39 (growing),Household,SALE,13,3.82,2.67,7
2025-03-13 08:00,10002,Test product 3 (growing),Household,SALE,6,3.2,2.24,7
2025-03-13 09:00,10009,Test product 10 (declining),Snacks,SALE,10,7.37,5.16,7
2025-03-13 11:00,10007,Test product 8 (seasonal),Drinks,SALE,41,7.86,5.5,7
2025-03-13 13:00,10031,Test product 32 (seasonal),Drinks,SALE,7,7.4,5.18,7
2025-03-13 14:00,10034,Test product 35 (intermittent),Household,SALE,1,1.59,1.11,7
2025-03-13 14:00,10037,Test product 38 (seasonal),Snacks,SALE,7,4.46,3.12,7
2025-03-14 08:00,10014,Test product 15 (growing),Household,SALE,5,5.58,3.91,7
2025-03-14 08:00,10025,Test product 26 (seasonal),Snacks,SALE,13,6.65,4.66,7
2025-03-14 09:00,10001,Test product 2 (seasonal),Snacks,SALE,10,3.68,2.58,7
2025-03-14 09:00,10039,Test product 40 (declining),Drinks,SALE,9,0.75,0.52,7
2025-03-14 12:00,10009,Test product 10 (declining),Snacks,SALE,6,7.37,5.16,7
2025-03-14 13:00,10024,Test product 25 (smooth),Stationery,SALE,39,5.15,3.6,7
2025-03-14 14:00,10033,Test product 34 (declining),Snacks,SALE,59,0.94,0.66,7
2025-03-14 15:00,10006,Test product 7 (smooth),Household,SALE,28,2.37,1.66,7
2025-03-14 15:00,10013,Test product 14 (seasonal),Snacks,SALE,42,6.02,4.21,7
2025-03-14 15:00,10026,Test product 27 (growing),Household,SALE,3,7.9,5.53,7
2025-03-14 16:00,10038,Test product 39 (growing),Household,SALE,9,3.82,2.67,7
2025-03-15 09:00,10003,Test product 4 (declining),Drinks,SALE,25,6.94,4.86,7
2025-03-15 11:00,10015,Test product 16 (declining),Drinks,SALE,6,10.3,7.21,7
2025-03-15 11:00,10039,Test product 40 (declining),Drinks,SALE,5,0.75,0.52,7
2025-03-15 12:00,10012,Test product 13 (smooth),Stationery,SALE,9,8.25,5.77,7
2025-03-15 13:00,10026,Test product 27 (growing),Household,SALE,1,7.9,5.53,7
2025-03-15 17:00,10014,Test product 15 (growing),Household,SALE,3,5.58,3.91,7
2025-03-15 17:00,10027,Test product 28 (declining),Drinks,SALE,18,4.32,3.02,7
2025-03-17 00:00,10005,Test product 6 (lumpy),Snacks,RESTOCK,39,6.57,6.57,7
2025-03-17 08:00,10032,Test product 33 (growing),Stationery,SALE,8,5.47,3.83,7
2025-03-17 09:00,10006,Test product 7 (smooth),Household,SALE,19,2.37,1.66,7
2025-03-17 09:00,10019,Test product 20 (seasonal),Drinks,SALE,6,9.26,6.48,7
2025-03-17 10:00,10001,Test product 2 (seasonal),Snacks,SALE,24,3.68,2.58,7
2025-03-17 11:00,10033,Test product 34 (declining),Snacks,SALE,26,0.94,0.66,7
2025-03-17 12:00,10017,Test product 18 (lumpy),Snacks,SALE,10,0.98,0.69,7
2025-03-17 14:00,10012,Test product 13 (smooth),Stationery,SALE,26,8.25,5.77,7
2025-03-17 14:00,10022,Test product 23 (intermittent),Household,SALE,5,10.2,7.14,7
2025-03-17 14:00,10030,Test product 31 (smooth),Household,SALE,14,6.94,4.86,7
2025-03-18 11:00,10008,Test product 9 (growing),Stationery,SALE,3,4.89,3.42,7
2025-03-18 12:00,10004,Test product 5 (intermittent),Stationery,SALE,8,3.26,2.28,7
2025-03-18 13:00,10002,Test product 3 (growing),Household,SALE,1,3.2,2.24,7
2025-03-18 13:00,10021,Test product 22 (declining),Snacks,SALE,14,9.47,6.63,7
2025-03-18 13:00,10030,Test product 31 (smooth),Household,SALE,8,6.94,4.86,7
2025-03-18 14:00,10031,Test product 32 (seasonal),Drinks,SALE,4,7.4,5.18,7
2025-03-18 15:00,10024,Test product 25 (smooth),Stationery,SALE,32,5.15,3.6,7
2025-03-18 15:00,10032,Test product 33 (growing),Stationery,SALE,13,5.47,3.83,7
2025-03-18 16:00,10026,Test product 27 (growing),Household,SALE,2,7.9,5.53,7
2025-03-19 09:00,10007,Test product 8 (seasonal),Drinks,SALE,11,7.86,5.5,7
2025-03-19 10:00,10003,Test product 4 (declining),Drinks,SALE,50,6.94,4.86,7
2025-03-19 10:00,10031,Test product 32 (seasonal),Drinks,SALE,3,7.4,5.18,7
2025-03-19 10:00,10037,Test product 38 (seasonal),Snacks,SALE,3,4.46,3.12,7
2025-03-19 11:00,10013,Test product 14 (seasonal),Snacks,SALE,19,6.02,4.21,7
2025-03-19 11:00,10038,Test product 39 (growing),Household,SALE,28,3.82,2.67,7
2025-03-19 13:00,10014,Test product 15 (growing),Household,SALE,2,5.58,3.91,7
2025-03-19 14:00,10007,Test product 8 (seasonal),Drinks,SALE,9,7.86,5.5,7
2025-03-19 14:00,10007,Test product 8 (seasonal),Drinks,SALE,4,7.86,5.5,7
2025-03-19 14:00,10025,Test product 26 (seasonal),Snacks,SALE,8,6.65,4.66,7
2025-03-19 15:00,10013,Test product 14 (seasonal),Snacks,SALE,26,6.02,4.21,7
2025-03-19 16:00,10017,Test product 18 (lumpy),Snacks,SALE,6,0.98,0.69,7
2025-03-20 08:00,10008,Test product 9 (growing),Stationery,SALE,2,4.89,3.42,7
2025-03-20 11:00,10002,Test product 3 (growing),Household,SALE,2,3.2,2.24,7
2025-03-20 11:00,10009,Test product 10 (declining),Snacks,SALE,28,7.37,5.16,7
2025-03-20 13:00,10006,Test product 7 (smooth),Household,SALE,18,2.37,1.66,7
2025-03-20 15:00,10005,Test product 6 (lumpy),Snacks,SALE,28,9.38,6.57,7
2025-03-20 17:00,10019,Test product 20 (seasonal),Drinks,SALE,11,9.26,6.48,7
2025-03-21 08:00,10017,Test product 18 (lumpy),Snacks,SALE,5,0.98,0.69,7
2025-03-21 08:00,10021,Test product 22 (declining),Snacks,SALE,12,9.47,6.63,7
2025-03-21 08:00,10034,Test product 35 (intermittent),Household,SALE,4,1.59,1.11,7
2025-03-21 09:00,10018,Test product 19 (smooth),Household,SALE,6,3.32,2.32,7
2025-03-21 09:00,10029,Test product 30 (lumpy),Snacks,SALE,44,9.55,6.69,7
2025-03-21 10:00,10021,Test product 22 (declining),Snacks,SALE,12,9.47,6.63,7
2025-03-21 10:00,10033,Test product 34 (declining),Snacks,SALE,22,0.94,0.66,7
2025-03-21 11:00,10026,Test product 27 (growing),Household,SALE,6,7.9,5.53,7
2025-03-21 13:00,10011,Test product 12 (lumpy),Drinks,SALE,38,2.43,1.7,7
2025-03-21 13:00,10018,Test product 19 (smooth),Household,SALE,8,3.32,2.32,7
2025-03-21 14:00,10031,Test product 32 (seasonal),Drinks,SALE,4,7.4,5.18,7
2025-03-21 15:00,10039,Test product 40 (declining),Drinks,SALE,19,0.75,0.52,7
2025-03-21 16:00,10011,Test product 12 (lumpy),Drinks,SALE,22,2.43,1.7,7
2025-03-21 16:00,10037,Test product 38 (seasonal),Snacks,SALE,2,4.46,3.12,7
2025-03-22 08:00,10026,Test product 27 (growing),Household,SALE,1,7.9,5.53,7
2025-03-22 09:00,10008,Test product 9 (growing),Stationery,SALE,1,4.89,3.42,7
2025-03-22 10:00,10002,Test product 3 (growing),Household,SALE,8,3.2,2.24,7
2025-03-22 10:00,10018,Test product 19 (smooth),Household,SALE,8,3.32,2.32,7
2025-03-22 10:00,10036,Test product 37 (smooth),Stationery,SALE,22,2.81,1.97,7
2025-03-22 12:00,10027,Test product 28 (declining),Drinks,SALE,13,4.32,3.02,7
2025-03-22 12:00,10034,Test product 35 (intermittent),Household,SALE,2,1.59,1.11,7
2025-03-22 13:00,10025,Test product 26 (seasonal),Snacks,SALE,12,6.65,4.66,7
2025-03-22 13:00,10027,Test product 28 (declining),Drinks,SALE,19,4.32,3.02,7
2025-03-22 15:00,10014,Test product 15 (growing),Household,SALE,5,5.58,3.91,7
2025-03-22 15:00,10014,Test product 15 (growing),Household,SALE,3,5.58,3.91,7
2025-03-22 15:00,10025,Test product 26 (seasonal),Snacks,SALE,15,6.65,4.66,7
2025-03-22 16:00,10015,Test product 16 (declining),Drinks,SALE,22,10.3,7.21,7
2025-03-22 17:00,10037,Test product 38 (seasonal),Snacks,SALE,7,4.46,3.12,7
2025-03-23 00:00,10000,Test product 1 (smooth),Stationery,STOCKTAKE,166,,5.78,7
2025-03-23 00:00,10020,Test product 21 (growing),Stationery,STOCKTAKE,220,,6.06,7
2025-03-24 00:00,10015,Test product 16 (declining),Drinks,RESTOCK,46,7.21,7.21,7
2025-03-24 00:00,10035,Test product 36 (lumpy),Drinks,RESTOCK,32,5.68,5.68,7
2025-03-24 09:00,10013,Test product 14 (seasonal),Snacks,SALE,16,6.02,4.21,7
2025-03-24 09:00,10020,Test product 21 (growing),Stationery,SALE,10,8.66,6.06,7
2025-03-24 09:00,10024,Test product 25 (smooth),Stationery,SALE,7,5.15,3.6,7
2025-03-24 12:00,10021,Test product 22 (declining),Snacks,SALE,9,9.47,6.63,7
2025-03-24 12:00,10028,Test product 29 (intermittent),Stationery,SALE,1,5.41,3.79,7
2025-03-24 13:00,10026,Test product 27 (growing),Household,SALE,9,7.9,5.53,7
2025-03-24 15:00,10001,Test product 2 (seasonal),Snacks,SALE,10,3.68,2.58,7
2025-03-24 16:00,10000,Test product 1 (smooth),Stationery,SALE,7,8.26,5.78,7
2025-03-24 16:00,10002,Test product 3 (growing),Household,SALE,5,3.2,2.24,7
2025-03-24 16:00,10006,Test product 7 (smooth),Household,SALE,39,2.37,1.66,7
2025-03-24 17:00,10027,Test product 28 (declining),Drinks,SALE,41,4.32,3.02,7
2025-03-24 17:00,10028,Test product 29 (intermittent),Stationery,SALE,2,5.41,3.79,7
2025-03-25 08:00,10030,Test product 31 (smooth),Household,SALE,17,6.94,4.86,7
2025-03-25 11:00,10014,Test product 15 (growing),Household,SALE,4,5.58,3.91,7
2025-03-25 13:00,10024,Test product 25 (smooth),Stationery,SALE,10,5.15,3.6,7
2025-03-25 14:00,10018,Test product 19 (smooth),Household,SALE,4,3.32,2.32,7
2025-03-25 16:00,10017,Test product 18 (lumpy),Snacks,SALE,24,0.98,0.69,7
2025-03-25 16:00,10021,Test product 22 (declining),Snacks,SALE,15,9.47,6.63,7
2025-03-25 17:00,10017,Test product 18 (lumpy),Snacks,SALE,23,0.98,0.69,7
2025-03-26 08:00,10036,Test product 37 (smooth),Stationery,SALE,8,2.81,1.97,7
2025-03-26 09:00,10022,Test product 23 (intermittent),Household,SALE,3,10.2,7.14,7
2025-03-26 13:00,10015,Test product 16 (declining),Drinks,SALE,14,10.3,7.21,7
2025-03-26 14:00,10009,Test product 10 (declining),Snacks,SALE,11,7.37,5.16,7
2025-03-26 14:00,10016,Test product 17 (intermittent),Stationery,SALE,3,3.53,2.47,7
2025-03-26 15:00,10021,Test product 22 (declining),Snacks,SALE,19,9.47,6.63,7
2025-03-27 08:00,10000,Test product 1 (smooth),Stationery,SALE,14,8.26,5.78,7
2025-03-27 08:00,10020,Test product 21 (growing),Stationery,SALE,6,8.66,6.06,7
2025-03-27 08:00,10020,Test product 21 (growing),Stationery,SALE,5,8.66,6.06,7
2025-03-27 10:00,10013,Test product 14 (seasonal),Snacks,SALE,12,6.02,4.21,7
2025-03-27 11:00,10003,Test product 4 (declining),Drinks,SALE,20,6.94,4.86,7
2025-03-27 11:00,10012,Test product 13 (smooth),Stationery,SALE,12,8.25,5.77,7
2025-03-27 11:00,10025,Test product 26 (seasonal),Snacks,SALE,28,6.65,4.66,7
2025-03-27 11:00,10039,Test product 40 (declining),Drinks,SALE,3,0.75,0.52,7
2025-03-27 15:00,10033,Test product 34 (declining),Snacks,SALE,28,0.94,0.66,7
2025-03-27 16:00,10018,Test product 19 (smooth),Household,SALE,7,3.32,2.32,7
2025-03-27 16:00,10038,Test product 39 (growing),Household,SALE,15,3.82,2.67,7
2025-03-27 17:00,10031,Test product 32 (seasonal),Drinks,SALE,17,7.4,5.18,7
2025-03-28 09:00,10019,Test product 20 (seasonal),Drinks,SALE,26,9.26,6.48,7
2025-03-28 10:00,10024,Test product 25 (smooth),Stationery,SALE,17,5.15,3.6,7
2025-03-28 12:00,10007,Test product 8 (seasonal),Drinks,SALE,7,7.86,5.5,7
2025-03-28 12:00,10036,Test product 37 (smooth),Stationery,SALE,6,2.81,1.97,7
2025-03-28 15:00,10030,Test product 31 (smooth),Household,SALE,12,6.94,4.86,7
2025-03-28 16:00,10001,Test product 2 (seasonal),Snacks,SALE,14,3.68,2.58,7
2025-03-28 16:00,10022,Test product 23 (intermittent),Household,SALE,1,10.2,7.14,7
2025-03-28 16:00,10036,Test product 37 (smooth),Stationery,SALE,12,2.81,1.97,7
2025-03-28 17:00,10016,Test product 17 (intermittent),Stationery,SALE,3,3.53,2.47,7
2025-03-28 17:00,10022,Test product 23 (intermittent),Household,SALE,1,10.2,7.14,7
2025-03-29 08:00,10002,Test product 3 (growing),Household,SALE,6,3.2,2.24,7
2025-03-29 09:00,10002,Test product 3 (growing),Household,SALE,3,3.2,2.24,7
2025-03-29 09:00,10018,Test product 19 (smooth),Household,SALE,7,3.32,2.32,7
2025-03-29 09:00,10037,Test product 38 (seasonal),Snacks,SALE,21,4.46,3.12,7
2025-03-29 11:00,10008,Test product 9 (growing),Stationery,SALE,7,4.89,3.42,7
2025-03-29 11:00,10012,Test product 13 (smooth),Stationery,SALE,10,8.25,5.77,7
2025-03-29 11:00,10032,Test product 33 (growing),Stationery,SALE,21,5.47,3.83,7
2025-03-29 12:00,10003,Test product 4 (declining),Drinks,SALE,29,6.94,4.86,7
2025-03-29 12:00,10007,Test product 8 (seasonal),Drinks,SALE,7,7.86,5.5,7
2025-03-29 14:00,10009,Test product 10 (declining),Snacks,SALE,24,7.37,5.16,7
2025-03-29 15:00,10012,Test product 13 (smooth),Stationery,SALE,3,8.25,5.77,7
2025-03-29 15:00,10033,Test product 34 (declining),Snacks,SALE,29,0.94,0.66,7
2025-03-29 17:00,10007,Test product 8 (seasonal),Drinks,SALE,5,7.86,5.5,7
2025-03-31 00:00,10001,Test product 2 (seasonal),Snacks,RESTOCK,111,2.58,2.58,7
2025-03-31 00:00,10002,Test product 3 (growing),Household,RESTOCK,105,2.24,2.24,7
2025-03-31 00:00,10003,Test product 4 (declining),Drinks,RESTOCK,119,4.86,4.86,7
2025-03-31 00:00,10004,Test product 5 (intermittent),Stationery,RESTOCK,7,2.28,2.28,7
2025-03-31 00:00,10006,Test product 7 (smooth),Household,RESTOCK,144,1.66,1.66,7
2025-03-31 00:00,10007,Test product 8 (seasonal),Drinks,RESTOCK,114,5.5,5.5,7
2025-03-31 00:00,10008,Test product 9 (growing),Stationery,RESTOCK,48,3.42,3.42,7
2025-03-31 00:00,10009,Test product 10 (declining),Snacks,RESTOCK,92,5.16,5.16,7
2025-03-31 00:00,10011,Test product 12 (lumpy),Drinks,RESTOCK,41,1.7,1.7,7
2025-03-31 00:00,10012,Test product 13 (smooth),Stationery,RESTOCK,108,5.77,5.77,7
2025-03-31 00:00,10013,Test product 14 (seasonal),Snacks,RESTOCK,127,4.21,4.21,7
2025-03-31 00:00,10014,Test product 15 (growing),Household,RESTOCK,61,3.91,3.91,7
2025-03-31 00:00,10016,Test product 17 (intermittent),Stationery,RESTOCK,8,2.47,2.47,7
2025-03-31 00:00,10017,Test product 18 (lumpy),Snacks,RESTOCK,37,0.69,0.69,7
2025-03-31 00:00,10018,Test product 19 (smooth),Household,RESTOCK,80,2.32,2.32,7
2025-03-31 00:00,10019,Test product 20 (seasonal),Drinks,RESTOCK,90,6.48,6.48,7
2025-03-31 00:00,10021,Test product 22 (declining),Snacks,RESTOCK,105,6.63,6.63,7
2025-03-31 00:00,10022,Test product 23 (intermittent),Household,RESTOCK,9,7.14,7.14,7
2025-03-31 00:00,10023,Test product 24 (lumpy),Drinks,RESTOCK,20,2.75,2.75,7
2025-03-31 00:00,10024,Test product 25 (smooth),Stationery,RESTOCK,136,3.6,3.6,7
2025-03-31 00:00,10025,Test product 26 (seasonal),Snacks,RESTOCK,102,4.66,4.66,7
2025-03-31 00:00,10026,Test product 27 (growing),Household,RESTOCK,59,5.53,5.53,7
2025-03-31 00:00,10027,Test product 28 (declining),Drinks,RESTOCK,98,3.02,3.02,7
2025-03-31 00:00,10028,Test product 29 (intermittent),Stationery,RESTOCK,8,3.79,3.79,7
2025-03-31 00:00,10029,Test product 30 (lumpy),Snacks,RESTOCK,20,6.69,6.69,7
2025-03-31 00:00,10030,Test product 31 (smooth),Household,RESTOCK,125,4.86,4.86,7
2025-03-31 00:00,10031,Test product 32 (seasonal),Drinks,RESTOCK,60,5.18,5.18,7
2025-03-31 00:00,10032,Test product 33 (growing),Stationery,RESTOCK,134,3.83,3.83,7
2025-03-31 00:00,10033,Test product 34 (declining),Snacks,RESTOCK,140,0.66,0.66,7
2025-03-31 00:00,10034,Test product 35 (intermittent),Household,RESTOCK,7,1.11,1.11,7
2025-03-31 00:00,10036,Test product 37 (smooth),Stationery,RESTOCK,91,1.97,1.97,7
2025-03-31 00:00,10037,Test product 38 (seasonal),Snacks,RESTOCK,81,3.12,3.12,7
2025-03-31 00:00,10038,Test product 39 (growing),Household,RESTOCK,165,2.67,2.67,7
2025-03-31 00:00,10039,Test product 40 (declining),Drinks,RESTOCK,38,0.52,0.52,7
2025-03-31 08:00,10020,Test product 21 (growing),Stationery,SALE,6,8.66,6.06,7
2025-03-31 09:00,10002,Test product 3 (growing),Household,SALE,7,3.2,2.24,7
2025-03-31 09:00,10038,Test product 39 (growing),Household,SALE,7,3.82,2.67,7
2025-03-31 10:00,10036,Test product 37 (smooth),Stationery,SALE,5,2.81,1.97,7
2025-03-31 11:00,10030,Test product 31 (smooth),Household,SALE,12,6.94,4.86,7
2025-03-31 12:00,10004,Test product 5 (intermittent),Stationery,SALE,4,3.26,2.28,7
2025-03-31 12:00,10013,Test product 14 (seasonal),Snacks,SALE,14,6.02,4.21,7
2025-03-31 14:00,10001,Test product 2 (seasonal),Snacks,SALE,12,3.68,2.58,7
2025-03-31 14:00,10009,Test product 10 (declining),Snacks,SALE,12,7.37,5.16,7
2025-03-31 15:00,10038,Test product 39 (growing),Household,SALE,11,3.82,2.67,7
2025-03-31 16:00,10024,Test product 25 (smooth),Stationery,SALE,10,5.15,3.6,7
2025-04-01 08:00,10020,Test product 21 (growing),Stationery,SALE,9,8.66,6.06,7
2025-04-01 09:00,10008,Test product 9 (growing),Stationery,SALE,2,4.89,3.42,7
2025-04-01 09:00,10031,Test product 32 (seasonal),Drinks,SALE,19,7.4,5.18,7
2025-04-01 10:00,10009,Test product 10 (declining),Snacks,SALE,20,7.37,5.16,7
2025-04-01 10:00,10025,Test product 26 (seasonal),Snacks,SALE,10,6.65,4.66,7
2025-04-01 11:00,10027,Test product 28 (declining),Drinks,SALE,38,4.32,3.02,7
2025-04-01 12:00,10000,Test product 1 (smooth),Stationery,SALE,6,8.26,5.78,7
2025-04-01 12:00,10002,Test product 3 (growing),Household,SALE,10,3.2,2.24,7
2025-04-01 12:00,10012,Test product 13 (smooth),Stationery,SALE,27,8.25,5.77,7
2025-04-01 13:00,10024,Test product 25 (smooth),Stationery,SALE,19,5.15,3.6,7
2025-04-01 15:00,10006,Test product 7 (smooth),Household,SALE,23,2.37,1.66,7
2025-04-01 15:00,10038,Test product 39 (growing),Household,SALE,11,3.82,2.67,7
2025-04-01 16:00,10000,Test product 1 (smooth),Stationery,SALE,5,8.26,5.78,7
2025-04-01 17:00,10037,Test product 38 (seasonal),Snacks,SALE,4,4.46,3.12,7
2025-04-02 08:00,10033,Test product 34 (declining),Snacks,SALE,16,0.94,0.66,7
2025-04-02 09:00,10001,Test product 2 (seasonal),Snacks,SALE,7,3.68,2.58,7
2025-04-02 11:00,10007,Test product 8 (seasonal),Drinks,SALE,19,7.86,5.5,7
2025-04-02 15:00,10030,Test product 31 (smooth),Household,SALE,10,6.94,4.86,7
2025-04-03 09:00,10008,Test product 9 (growing),Stationery,SALE,1,4.89,3.42,7
2025-04-03 09:00,10037,Test product 38 (seasonal),Snacks,SALE,7,4.46,3.12,7
2025-04-03 09:00,10039,Test product 40 (declining),Drinks,SALE,7,0.75,0.52,7
2025-04-03 11:00,10018,Test product 19 (smooth),Household,SALE,8,3.32,2.32,7
2025-04-03 11:00,10021,Test product 22 (declining),Snacks,SALE,38,9.47,6.63,7
2025-04-03 12:00,10007,Test product 8 (seasonal),Drinks,SALE,7,7.86,5.5,7
2025-04-03 12:00,10025,Test product 26 (seasonal),Snacks,SALE,13,6.65,4.66,7
2025-04-03 13:00,10000,Test product 1 (smooth),Stationery,SALE,6,8.26,5.78,7
2025-04-03 13:00,10018,Test product 19 (smooth),Household,SALE,16,3.32,2.32,7
2025-04-03 14:00,10016,Test product 17 (intermittent),Stationery,SALE,1,3.53,2.47,7
2025-04-03 15:00,10014,Test product 15 (growing),Household,SALE,7,5.58,3.91,7
2025-04-03 15:00,10032,Test product 33 (growing),Stationery,SALE,9,5.47,3.83,7
2025-04-03 16:00,10025,Test product 26 (seasonal),Snacks,SALE,11,6.65,4.66,7
2025-04-03 16:00,10037,Test product 38 (seasonal),Snacks,SALE,5,4.46,3.12,7
2025-04-03 17:00,10014,Test product 15 (growing),Household,SALE,3,5.58,3.91,7
2025-04-03 17:00,10016,Test product 17 (intermittent),Stationery,SALE,2,3.53,2.47,7
2025-04-04 10:00,10019,Test product 20 (seasonal),Drinks,SALE,31,9.26,6.48,7
2025-04-04 10:00,10033,Test product 34 (declining),Snacks,SALE,11,0.94,0.66,7
2025-04-04 11:00,10032,Test product 33 (growing),Stationery,SALE,5,5.47,3.83,7
2025-04-04 14:00,10003,Test product 4 (declining),Drinks,SALE,57,6.94,4.86,7
2025-04-04 15:00,10015,Test product 16 (declining),Drinks,SALE,21,10.3,7.21,7
2025-04-04 15:00,10036,Test product 37 (smooth),Stationery,SALE,6,2.81,1.97,7
2025-04-04 17:00,10028,Test product 29 (intermittent),Stationery,SALE,2,5.41,3.79,7
2025-04-04 17:00,10033,Test product 34 (declining),Snacks,SALE,16,0.94,0.66,7
2025-04-04 17:00,10036,Test product 37 (smooth),Stationery,SALE,10,2.81,1.97,7
2025-04-05 10:00,10001,Test product 2 (seasonal),Snacks,SALE,11,3.68,2.58,7
2025-04-05 11:00,10008,Test product 9 (growing),Stationery,SALE,1,4.89,3.42,7
2025-04-05 12:00,10013,Test product 14 (seasonal),Snacks,SALE,12,6.02,4.21,7
2025-04-05 13:00,10030,Test product 31 (smooth),Household,SALE,12,6.94,4.86,7
2025-04-05 14:00,10013,Test product 14 (seasonal),Snacks,SALE,7,6.02,4.21,7
2025-04-07 00:00,10010,Test product 11 (intermittent),Household,RESTOCK,8,7.35,7.35,7
2025-04-07 08:00,10009,Test product 10 (declining),Snacks,SALE,22,7.37,5.16,7
2025-04-07 09:00,10008,Test product 9 (growing),Stationery,SALE,3,4.89,3.42,7
2025-04-07 13:00,10019,Test product 20 (seasonal),Drinks,SALE,4,9.26,6.48,7
2025-04-07 14:00,10024,Test product 25 (smooth),Stationery,SALE,6,5.15,3.6,7
2025-04-07 15:00,10015,Test product 16 (declining),Drinks,SALE,10,10.3,7.21,7
2025-04-07 15:00,10031,Test product 32 (seasonal),Drinks,SALE,3,7.4,5.18,7
2025-04-07 16:00,10000,Test product 1 (smooth),Stationery,SALE,29,8.26,5.78,7
2025-04-08 08:00,10003,Test product 4 (declining),Drinks,SALE,44,6.94,4.86,7
2025-04-08 09:00,10039,Test product 40 (declining),Drinks,SALE,10,0.75,0.52,7
2025-04-08 10:00,10006,Test product 7 (smooth),Household,SALE,17,2.37,1.66,7
2025-04-08 13:00,10026,Test product 27 (growing),Household,SALE,8,7.9,5.53,7
2025-04-08 15:00,10020,Test product 21 (growing),Stationery,SALE,19,8.66,6.06,7
2025-04-08 16:00,10018,Test product 19 (smooth),Household,SALE,7,3.32,2.32,7
2025-04-08 17:00,10019,Test product 20 (seasonal),Drinks,SALE,6,9.26,6.48,7
2025-04-09 09:00,10013,Test product 14 (seasonal),Snacks,SALE,17,6.02,4.21,7
2025-04-09 10:00,10031,Test product 32 (seasonal),Drinks,SALE,7,7.4,5.18,7
2025-04-09 11:00,10001,Test product 2 (seasonal),Snacks,SALE,27,3.68,2.58,7
2025-04-09 11:00,10012,Test product 13 (smooth),Stationery,SALE,15,8.25,5.77,7
2025-04-09 11:00,10018,Test product 19 (smooth),Household,SALE,5,3.32,2.32,7
2025-04-09 14:00,10015,Test product 16 (declining),Drinks,SALE,7,10.3,7.21,7
2025-04-09 15:00,10006,Test product 7 (smooth),Household,SALE,14,2.37,1.66,7
2025-04-09 16:00,10032,Test product 33 (growing),Stationery,SALE,20,5.47,3.83,7
2025-04-10 08:00,10038,Test product 39 (growing),Household,SALE,33,3.82,2.67,7
2025-04-10 11:00,10007,Test product 8 (seasonal),Drinks,SALE,15,7.86,5.5,7
2025-04-10 11:00,10008,Test product 9 (growing),Stationery,SALE,2,4.89,3.42,7
2025-04-10 11:00,10025,Test product 26 (seasonal),Snacks,SALE,16,6.65,4.66,7
2025-04-10 11:00,10036,Test product 37 (smooth),Stationery,SALE,11,2.81,1.97,7
2025-04-10 12:00,10004,Test product 5 (intermittent),Stationery,SALE,4,3.26,2.28,7
2025-04-10 12:00,10031,Test product 32 (seasonal),Drinks,SALE,3,7.4,5.18,7
2025-04-10 14:00,10019,Test product 20 (seasonal),Drinks,SALE,9,9.26,6.48,7
2025-04-10 14:00,10024,Test product 25 (smooth),Stationery,SALE,6,5.15,3.6,7
2025-04-10 16:00,10004,Test product 5 (intermittent),Stationery,SALE,2,3.26,2.28,7
2025-04-10 16:00,10007,Test product 8 (seasonal),Drinks,SALE,14,7.86,5.5,7
2025-04-11 08:00,10002,Test product 3 (growing),Household,SALE,12,3.2,2.24,7
2025-04-11 08:00,10008,Test product 9 (growing),Stationery,SALE,1,4.89,3.42,7
2025-04-11 09:00,10014,Test product 15 (growing),Household,SALE,2,5.58,3.91,7
2025-04-11 09:00,10030,Test product 31 (smooth),Household,SALE,11,6.94,4.86,7
2025-04-11 11:00,10007,Test product 8 (seasonal),Drinks,SALE,10,7.86,5.5,7
2025-04-11 11:00,10013,Test product 14 (seasonal),Snacks,SALE,22,6.02,4.21,7
2025-04-11 11:00,10018,Test product 19 (smooth),Household,SALE,3,3.32,2.32,7
2025-04-11 11:00,10037,Test product 38 (seasonal),Snacks,SALE,11,4.46,3.12,7
2025-04-11 12:00,10036,Test product 37 (smooth),Stationery,SALE,4,2.81,1.97,7
2025-04-11 12:00,10036,Test product 37 (smooth),Stationery,SALE,12,2.81,1.97,7
2025-04-11 14:00,10027,Test product 28 (declining),Drinks,SALE,23,4.32,3.02,7
2025-04-11 15:00,10009,Test product 10 (declining),Snacks,SALE,13,7.37,5.16,7
2025-04-11 16:00,10021,Test product 22 (declining),Snacks,SALE,44,9.47,6.63,7
2025-04-12 08:00,10029,Test product 30 (lumpy),Snacks,SALE,21,9.55,6.69,7
2025-04-12 08:00,10033,Test product 34 (declining),Snacks,SALE,27,0.94,0.66,7
2025-04-12 08:00,10037,Test product 38 (seasonal),Snacks,SALE,7,4.46,3.12,7
2025-04-12 11:00,10014,Test product 15 (growing),Household,SALE,4,5.58,3.91,7
2025-04-12 11:00,10024,Test product 25 (smooth),Stationery,SALE,13,5.15,3.6,7
2025-04-12 11:00,10030,Test product 31 (smooth),Household,SALE,16,6.94,4.86,7
2025-04-12 12:00,10015,Test product 16 (declining),Drinks,SALE,8,10.3,7.21,7
2025-04-12 13:00,10033,Test product 34 (declining),Snacks,SALE,27,0.94,0.66,7
2025-04-12 16:00,10025,Test product 26 (seasonal),Snacks,SALE,24,6.65,4.66,7
2025-04-12 17:00,10027,Test product 28 (declining),Drinks,SALE,14,4.32,3.02,7
2025-04-14 00:00,10005,Test product 6 (lumpy),Snacks,RESTOCK,43,6.57,6.57,7
2025-04-14 10:00,10026,Test product 27 (growing),Household,SALE,3,7.9,5.53,7
2025-04-14 10:00,10038,Test product 39 (growing),Household,SALE,6,3.82,2.67,7
2025-04-14 11:00,10000,Test product 1 (smooth),Stationery,SALE,10,8.26,5.78,7
2025-04-14 11:00,10037,Test product 38 (seasonal),Snacks,SALE,3,4.46,3.12,7
2025-04-14 11:00,10038,Test product 39 (growing),Household,SALE,6,3.82,2.67,7
2025-04-14 12:00,10000,Test product 1 (smooth),Stationery,SALE,12,8.26,5.78,7
2025-04-14 12:00,10021,Test product 22 (declining),Snacks,SALE,23,9.47,6.63,7
2025-04-14 12:00,10037,Test product 38 (seasonal),Snacks,SALE,7,4.46,3.12,7
2025-04-14 13:00,10018,Test product 19 (smooth),Household,SALE,5,3.32,2.32,7
2025-04-14 14:00,10016,Test product 17 (intermittent),Stationery,SALE,2,3.53,2.47,7
2025-04-14 15:00,10031,Test product 32 (seasonal),Drinks,SALE,7,7.4,5.18,7
2025-04-14 16:00,10038,Test product 39 (growing),Household,SALE,12,3.82,2.67,7
2025-04-15 08:00,10025,Test product 26 (seasonal),Snacks,SALE,6,6.65,4.66,7
2025-04-15 08:00,10039,Test product 40 (declining),Drinks,SALE,6,0.75,0.52,7
2025-04-15 09:00,10006,Test product 7 (smooth),Household,SALE,30,2.37,1.66,7
2025-04-15 10:00,10037,Test product 38 (seasonal),Snacks,SALE,4,4.46,3.12,7
2025-04-15 12:00,10018,Test product 19 (smooth),Household,SALE,7,3.32,2.32,7
2025-04-15 12:00,10033,Test product 34 (declining),Snacks,SALE,14,0.94,0.66,7
2025-04-15 12:00,10033,Test product 34 (declining),Snacks,SALE,11,0.94,0.66,7
2025-04-15 13:00,10024,Test product 25 (smooth),Stationery,SALE,17,5.15,3.6,7
2025-04-15 16:00,10026,Test product 27 (growing),Household,SALE,7,7.9,5.53,7
2025-04-15 17:00,10012,Test product 13 (smooth),Stationery,SALE,9,8.25,5.77,7
2025-04-16 08:00,10025,Test product 26 (seasonal),Snacks,SALE,13,6.65,4.66,7
2025-04-16 09:00,10011,Test product 12 (lumpy),Drinks,SALE,24,2.43,1.7,7
2025-04-16 10:00,10033,Test product 34 (declining),Snacks,SALE,16,0.94,0.66,7
2025-04-16 11:00,10015,Test product 16 (declining),Drinks,SALE,15,10.3,7.21,7
2025-04-16 11:00,10030,Test product 31 (smooth),Household,SALE,31,6.94,4.86,7
2025-04-16 12:00,10036,Test product 37 (smooth),Stationery,SALE,16,2.81,1.97,7
2025-04-16 13:00,10001,Test product 2 (seasonal),Snacks,SALE,11,3.68,2.58,7
2025-04-16 13:00,10009,Test product 10 (declining),Snacks,SALE,12,7.37,5.16,7
2025-04-16 13:00,10016,Test product 17 (intermittent),Stationery,SALE,2,3.53,2.47,7
2025-04-16 13:00,10025,Test product 26 (seasonal),Snacks,SALE,11,6.65,4.66,7
2025-04-16 15:00,10000,Test product 1 (smooth),Stationery,SALE,11,8.26,5.78,7
2025-04-16 15:00,10014,Test product 15 (growing),Household,SALE,1,5.58,3.91,7
2025-04-17 08:00,10020,Test product 21 (growing),Stationery,SALE,3,8.66,6.06,7
2025-04-17 10:00,10008,Test product 9 (growing),Stationery,SALE,3,4.89,3.42,7
2025-04-17 10:00,10009,Test product 10 (declining),Snacks,SALE,7,7.37,5.16,7
2025-04-17 11:00,10039,Test product 40 (declining),Drinks,SALE,6,0.75,0.52,7
2025-04-17 12:00,10032,Test product 33 (growing),Stationery,SALE,9,5.47,3.83,7
2025-04-17 13:00,10032,Test product 33 (growing),Stationery,SALE,16,5.47,3.83,7
2025-04-17 14:00,10020,Test product 21 (growing),Stationery,SALE,10,8.66,6.06,7
2025-04-17 15:00,10013,Test product 14 (seasonal),Snacks,SALE,38,6.02,4.21,7
2025-04-17 15:00,10024,Test product 25 (smooth),Stationery,SALE,14,5.15,3.6,7
2025-04-18 10:00,10018,Test product 19 (smooth),Household,SALE,8,3.32,2.32,7
2025-04-18 11:00,10008,Test product 9 (growing),Stationery,SALE,3,4.89,3.42,7
2025-04-18 12:00,10020,Test product 21 (growing),Stationery,SALE,7,8.66,6.06,7
2025-04-18 14:00,10027,Test product 28 (declining),Drinks,SALE,11,4.32,3.02,7
2025-04-18 16:00,10007,Test product 8 (seasonal),Drinks,SALE,19,7.86,5.5,7
2025-04-18 17:00,10003,Test product 4 (declining),Drinks,SALE,41,6.94,4.86,7
2025-04-18 17:00,10012,Test product 13 (smooth),Stationery,SALE,8,8.25,5.77,7
2025-04-19 08:00,10012,Test product 13 (smooth),Stationery,SALE,6,8.25,5.77,7
2025-04-19 09:00,10009,Test product 10 (declining),Snacks,SALE,6,7.37,5.16,7
2025-04-19 09:00,10023,Test product 24 (lumpy),Drinks,SALE,22,3.93,2.75,7
2025-04-19 10:00,10001,Test product 2 (seasonal),Snacks,SALE,12,3.68,2.58,7
2025-04-19 10:00,10011,Test product 12 (lumpy),Drinks,SALE,15,2.43,1.7,7
2025-04-19 10:00,10014,Test product 15 (growing),Household,SALE,6,5.58,3.91,7
2025-04-19 10:00,10031,Test product 32 (seasonal),Drinks,SALE,3,7.4,5.18,7
2025-04-19 11:00,10007,Test product 8 (seasonal),Drinks,SALE,16,7.86,5.5,7
2025-04-19 12:00,10023,Test product 24 (lumpy),Drinks,SALE,21,3.93,2.75,7
2025-04-19 13:00,10021,Test product 22 (declining),Snacks,SALE,17,9.47,6.63,7
2025-04-19 14:00,10027,Test product 28 (declining),Drinks,SALE,28,4.32,3.02,7
2025-04-19 14:00,10034,Test product 35 (intermittent),Household,SALE,1,1.59,1.11,7
2025-04-19 15:00,10034,Test product 35 (intermittent),Household,SALE,2,1.59,1.11,7
2025-04-19 16:00,10002,Test product 3 (growing),Household,SALE,17,3.2,2.24,7
2025-04-19 16:00,10016,Test product 17 (intermittent),Stationery,SALE,1,3.53,2.47,7
2025-04-19 16:00,10019,Test product 20 (seasonal),Drinks,SALE,18,9.26,6.48,7
2025-04-19 17:00,10034,Test product 35 (intermittent),Household,SALE,2,1.59,1.11,7
2025-04-19 17:00,10039,Test product 40 (declining),Drinks,SALE,3,0.75,0.52,7
2025-04-21 00:00,10000,Test product 1 (smooth),Stationery,RESTOCK,96,5.78,5.78,7
2025-04-21 00:00,10015,Test product 16 (declining),Drinks,RESTOCK,48,7.21,7.21,7
2025-04-21 00:00,10020,Test product 21 (growing),Stationery,RESTOCK,148,6.06,6.06,7
2025-04-21 00:00,10035,Test product 36 (lumpy),Drinks,RESTOCK,33,5.68,5.68,7
2025-04-21 09:00,10024,Test product 25 (smooth),Stationery,SALE,6,5.15,3.6,7
2025-04-21 10:00,10012,Test product 13 (smooth),Stationery,SALE,12,8.25,5.77,7
2025-04-21 10:00,10014,Test product 15 (growing),Household,SALE,2,5.58,3.91,7
2025-04-21 11:00,10020,Test product 21 (growing),Stationery,SALE,3,8.66,6.06,7
2025-04-21 11:00,10036,Test product 37 (smooth),Stationery,SALE,16,2.81,1.97,7
2025-04-21 12:00,10014,Test product 15 (growing),Household,SALE,2,5.58,3.91,7
2025-04-21 13:00,10000,Test product 1 (smooth),Stationery,SALE,8,8.26,5.78,7
2025-04-21 13:00,10015,Test product 16 (declining),Drinks,SALE,7,10.3,7.21,7
2025-04-21 14:00,10018,Test product 19 (smooth),Household,SALE,5,3.32,2.32,7
2025-04-21 14:00,10038,Test product 39 (growing),Household,SALE,10,3.82,2.67,7
2025-04-22 08:00,10000,Test product 1 (smooth),Stationery,SALE,7,8.26,5.78,7
2025-04-22 09:00,10013,Test product 14 (seasonal),Snacks,SALE,35,6.02,4.21,7
2025-04-22 12:00,10027,Test product 28 (declining),Drinks,SALE,16,4.32,3.02,7
2025-04-22 12:00,10033,Test product 34 (declining),Snacks,SALE,14,0.94,0.66,7
2025-04-22 13:00,10037,Test product 38 (seasonal),Snacks,SALE,15,4.46,3.12,7
2025-04-22 14:00,10036,Test product 37 (smooth),Stationery,SALE,15,2.81,1.97,7
2025-04-22 17:00,10018,Test product 19 (smooth),Household,SALE,2,3.32,2.32,7
2025-04-23 08:00,10015,Test product 16 (declining),Drinks,SALE,6,10.3,7.21,7
2025-04-23 10:00,10012,Test product 13 (smooth),Stationery,SALE,12,8.25,5.77,7
2025-04-23 11:00,10029,Test product 30 (lumpy),Snacks,SALE,73,9.55,6.69,7
2025-04-23 12:00,10038,Test product 39 (growing),Household,SALE,10,3.82,2.67,7
2025-04-23 13:00,10003,Test product 4 (declining),Drinks,SALE,12,6.94,4.86,7
2025-04-23 13:00,10009,Test product 10 (declining),Snacks,SALE,31,7.37,5.16,7
2025-04-23 13:00,10022,Test product 23 (intermittent),Household,SALE,4,10.2,7.14,7
2025-04-23 15:00,10014,Test product 15 (growing),Household,SALE,11,5.58,3.91,7
2025-04-24 10:00,10025,Test product 26 (seasonal),Snacks,SALE,22,6.65,4.66,7
2025-04-24 11:00,10019,Test product 20 (seasonal),Drinks,SALE,8,9.26,6.48,7
2025-04-24 12:00,10003,Test product 4 (declining),Drinks,SALE,15,6.94,4.86,7
2025-04-24 12:00,10024,Test product 25 (smooth),Stationery,SALE,11,5.15,3.6,7
2025-04-24 14:00,10024,Test product 25 (smooth),Stationery,SALE,11,5.15,3.6,7
2025-04-24 15:00,10018,Test product 19 (smooth),Household,SALE,6,3.32,2.32,7
2025-04-24 15:00,10021,Test product 22 (declining),Snacks,SALE,37,9.47,6.63,7
2025-04-24 15:00,10031,Test product 32 (seasonal),Drinks,SALE,11,7.4,5.18,7
2025-04-24 16:00,10019,Test product 20 (seasonal),Drinks,SALE,10,9.26,6.48,7
2025-04-25 08:00,10000,Test product 1 (smooth),Stationery,SALE,10,8.26,5.78,7
2025-04-25 10:00,10032,Test product 33 (growing),Stationery,SALE,18,5.47,3.83,7
2025-04-25 10:00,10038,Test product 39 (growing),Household,SALE,13,3.82,2.67,7
2025-04-25 12:00,10007,Test product 8 (seasonal),Drinks,SALE,35,7.86,5.5,7
2025-04-25 12:00,10015,Test product 16 (declining),Drinks,SALE,5,10.3,7.21,7
2025-04-25 12:00,10019,Test product 20 (seasonal),Drinks,SALE,9,9.26,6.48,7
2025-04-25 12:00,10030,Test product 31 (smooth),Household,SALE,25,6.94,4.86,7
2025-04-25 15:00,10031,Test product 32 (seasonal),Drinks,SALE,11,7.4,5.18,7
2025-04-25 16:00,10002,Test product 3 (growing),Household,SALE,5,3.2,2.24,7
2025-04-25 16:00,10002,Test product 3 (growing),Household,SALE,8,3.2,2.24,7
2025-04-25 16:00,10012,Test product 13 (smooth),Stationery,SALE,11,8.25,5.77,7
2025-04-25 17:00,10001,Test product 2 (seasonal),Snacks,SALE,7,3.68,2.58,7
2025-04-26 08:00,10002,Test product 3 (growing),Household,SALE,6,3.2,2.24,7
2025-04-26 08:00,10020,Test product 21 (growing),Stationery,SALE,5,8.66,6.06,7
2025-04-26 08:00,10039,Test product 40 (declining),Drinks,SALE,12,0.75,0.52,7
2025-04-26 09:00,10003,Test product 4 (declining),Drinks,SALE,20,6.94,4.86,7
2025-04-26 09:00,10026,Test product 27 (growing),Household,SALE,4,7.9,5.53,7
2025-04-26 09:00,10027,Test product 28 (declining),Drinks,SALE,18,4.32,3.02,7
2025-04-26 10:00,10001,Test product 2 (seasonal),Snacks,SALE,10,3.68,2.58,7
2025-04-26 10:00,10008,Test product 9 (growing),Stationery,SALE,3,4.89,3.42,7
2025-04-26 14:00,10033,Test product 34 (declining),Snacks,SALE,16,0.94,0.66,7
2025-04-26 15:00,10033,Test product 34 (declining),Snacks,SALE,13,0.94,0.66,7
2025-04-26 16:00,10006,Test product 7 (smooth),Household,SALE,31,2.37,1.66,7
2025-04-26 16:00,10020,Test product 21 (growing),Stationery,SALE,6,8.66,6.06,7
2025-04-28 00:00,10001,Test product 2 (seasonal),Snacks,RESTOCK,115,2.58,2.58,7
2025-04-28 00:00,10002,Test product 3 (growing),Household,RESTOCK,99,2.24,2.24,7
2025-04-28 00:00,10003,Test product 4 (declining),Drinks,RESTOCK,134,4.86,4.86,7
2025-04-28 00:00,10004,Test product 5 (intermittent),Stationery,RESTOCK,7,2.28,2.28,7
2025-04-28 00:00,10006,Test product 7 (smooth),Household,RESTOCK,123,1.66,1.66,7
2025-04-28 00:00,10007,Test product 8 (seasonal),Drinks,RESTOCK,141,5.5,5.5,7
2025-04-28 00:00,10008,Test product 9 (growing),Stationery,RESTOCK,46,3.42,3.42,7
2025-04-28 00:00,10009,Test product 10 (declining),Snacks,RESTOCK,80,5.16,5.16,7
2025-04-28 00:00,10011,Test product 12 (lumpy),Drinks,RESTOCK,35,1.7,1.7,7
2025-04-28 00:00,10012,Test product 13 (smooth),Stationery,RESTOCK,111,5.77,5.77,7
2025-04-28 00:00,10013,Test product 14 (seasonal),Snacks,RESTOCK,143,4.21,4.21,7
2025-04-28 00:00,10014,Test product 15 (growing),Household,RESTOCK,63,3.91,3.91,7
2025-04-28 00:00,10016,Test product 17 (intermittent),Stationery,RESTOCK,8,2.47,2.47,7
2025-04-28 00:00,10017,Test product 18 (lumpy),Snacks,RESTOCK,38,0.69,0.69,7
2025-04-28 00:00,10018,Test product 19 (smooth),Household,RESTOCK,75,2.32,2.32,7
2025-04-28 00:00,10019,Test product 20 (seasonal),Drinks,RESTOCK,83,6.48,6.48,7
2025-04-28 00:00,10021,Test product 22 (declining),Snacks,RESTOCK,112,6.63,6.63,7
2025-04-28 00:00,10022,Test product 23 (intermittent),Household,RESTOCK,8,7.14,7.14,7
2025-04-28 00:00,10023,Test product 24 (lumpy),Drinks,RESTOCK,19,2.75,2.75,7
2025-04-28 00:00,10024,Test product 25 (smooth),Stationery,RESTOCK,133,3.6,3.6,7
2025-04-28 00:00,10025,Test product 26 (seasonal),Snacks,RESTOCK,109,4.66,4.66,7
2025-04-28 00:00,10026,Test product 27 (growing),Household,RESTOCK,56,5.53,5.53,7
2025-04-28 00:00,10027,Test product 28 (declining),Drinks,RESTOCK,100,3.02,3.02,7
2025-04-28 00:00,10028,Test product 29 (intermittent),Stationery,RESTOCK,8,3.79,3.79,7
2025-04-28 00:00,10029,Test product 30 (lumpy),Snacks,RESTOCK,24,6.69,6.69,7
2025-04-28 00:00,10030,Test product 31 (smooth),Household,RESTOCK,106,4.86,4.86,7
2025-04-28 00:00,10031,Test product 32 (seasonal),Drinks,RESTOCK,52,5.18,5.18,7
2025-04-28 00:00,10032,Test product 33 (growing),Stationery,RESTOCK,150,3.83,3.83,7
2025-04-28 00:00,10033,Test product 34 (declining),Snacks,RESTOCK,128,0.66,0.66,7
2025-04-28 00:00,10034,Test product 35 (intermittent),Household,RESTOCK,6,1.11,1.11,7
2025-04-28 00:00,10036,Test product 37 (smooth),Stationery,RESTOCK,102,1.97,1.97,7
2025-04-28 00:00,10037,Test product 38 (seasonal),Snacks,RESTOCK,78,3.12,3.12,7
2025-04-28 00:00,10038,Test product 39 (growing),Household,RESTOCK,179,2.67,2.67,7
2025-04-28 00:00,10039,Test product 40 (declining),Drinks,RESTOCK,37,0.52,0.52,7
2025-04-28 12:00,10006,Test product 7 (smooth),Household,SALE,30,2.37,1.66,7
2025-04-28 12:00,10038,Test product 39 (growing),Household,SALE,10,3.82,2.67,7
2025-04-28 15:00,10027,Test product 28 (declining),Drinks,SALE,8,4.32,3.02,7
2025-04-28 16:00,10015,Test product 16 (declining),Drinks,SALE,11,10.3,7.21,7
2025-04-29 09:00,10001,Test product 2 (seasonal),Snacks,SALE,8,3.68,2.58,7
2025-04-29 10:00,10014,Test product 15 (growing),Household,SALE,2,5.58,3.91,7
2025-04-29 10:00,10031,Test product 32 (seasonal),Drinks,SALE,4,7.4,5.18,7
2025-04-29 10:00,10039,Test product 40 (declining),Drinks,SALE,6,0.75,0.52,7
2025-04-29 11:00,10003,Test product 4 (declining),Drinks,SALE,65,6.94,4.86,7
2025-04-29 11:00,10022,Test product 23 (intermittent),Household,SALE,3,10.2,7.14,7
2025-04-29 14:00,10030,Test product 31 (smooth),Household,SALE,43,6.94,4.86,7
2025-04-29 15:00,10012,Test product 13 (smooth),Stationery,SALE,29,8.25,5.77,7
2025-04-29 16:00,10013,Test product 14 (seasonal),Snacks,SALE,9,6.02,4.21,7
2025-04-29 16:00,10025,Test product 26 (seasonal),Snacks,SALE,23,6.65,4.66,7
2025-04-29 16:00,10031,Test product 32 (seasonal),Drinks,SALE,3,7.4,5.18,7
2025-04-29 17:00,10009,Test product 10 (declining),Snacks,SALE,9,7.37,5.16,7
2025-04-30 10:00,10005,Test product 6 (lumpy),Snacks,SALE,4,9.38,6.57,7
2025-04-30 11:00,10036,Test product 37 (smooth),Stationery,SALE,12,2.81,1.97,7
2025-04-30 12:00,10000,Test product 1 (smooth),Stationery,SALE,15,8.26,5.78,7
2025-04-30 12:00,10001,Test product 2 (seasonal),Snacks,SALE,10,3.68,2.58,7
2025-04-30 12:00,10005,Test product 6 (lumpy),Snacks,SALE,2,9.38,6.57,7
2025-04-30 12:00,10007,Test product 8 (seasonal),Drinks,SALE,23,7.86,5.5,7
2025-04-30 12:00,10010,Test product 11 (intermittent),Household,SALE,3,10.5,7.35,7
2025-04-30 12:00,10015,Test product 16 (declining),Drinks,SALE,7,10.3,7.21,7
2025-04-30 13:00,10011,Test product 12 (lumpy),Drinks,SALE,12,2.43,1.7,7
2025-04-30 13:00,10026,Test product 27 (growing),Household,SALE,3,7.9,5.53,7
2025-04-30 15:00,10018,Test product 19 (smooth),Household,SALE,20,3.32,2.32,7
2025-04-30 15:00,10021,Test product 22 (declining),Snacks,SALE,34,9.47,6.63,7
2025-04-30 16:00,10019,Test product 20 (seasonal),Drinks,SALE,22,9.26,6.48,7
2025-04-30 16:00,10026,Test product 27 (growing),Household,SALE,4,7.9,5.53,7
2025-04-30 16:00,10027,Test product 28 (declining),Drinks,SALE,13,4.32,3.02,7
2025-04-30 16:00,10037,Test product 38 (seasonal),Snacks,SALE,12,4.46,3.12,7
2025-05-01 08:00,10009,Test product 10 (declining),Snacks,SALE,10,7.37,5.16,7
2025-05-01 08:00,10027,Test product 28 (declining),Drinks,SALE,10,4.32,3.02,7
2025-05-01 09:00,10039,Test product 40 (declining),Drinks,SALE,3,0.75,0.52,7
2025-05-01 13:00,10013,Test product 14 (seasonal),Snacks,SALE,17,6.02,4.21,7
2025-05-01 13:00,10024,Test product 25 (smooth),Stationery,SALE,16,5.15,3.6,7
2025-05-01 14:00,10014,Test product 15 (growing),Household,SALE,2,5.58,3.91,7
2025-05-01 14:00,10022,Test product 23 (intermittent),Household,SALE,1,10.2,7.14,7
2025-05-01 14:00,10033,Test product 34 (declining),Snacks,SALE,32,0.94,0.66,7
2025-05-01 15:00,10024,Test product 25 (smooth),Stationery,SALE,23,5.15,3.6,7
2025-05-01 16:00,10002,Test product 3 (growing),Household,SALE,17,3.2,2.24,7
2025-05-01 17:00,10022,Test product 23 (intermittent),Household,SALE,1,10.2,7.14,7
2025-05-01 17:00,10031,Test product 32 (seasonal),Drinks,SALE,4,7.4,5.18,7
2025-05-02 08:00,10009,Test product 10 (declining),Snacks,SALE,14,7.37,5.16,7
2025-05-02 09:00,10037,Test product 38 (seasonal),Snacks,SALE,7,4.46,3.12,7
2025-05-02 10:00,10020,Test product 21 (growing),Stationery,SALE,23,8.66,6.06,7
2025-05-02 10:00,10036,Test product 37 (smooth),Stationery,SALE,9,2.81,1.97,7
2025-05-02 15:00,10011,Test product 12 (lumpy),Drinks,SALE,9,2.43,1.7,7
2025-05-02 16:00,10033,Test product 34 (declining),Snacks,SALE,23,0.94,0.66,7
2025-05-02 17:00,10008,Test product 9 (growing),Stationery,SALE,3,4.89,3.42,7
2025-05-03 08:00,10010,Test product 11 (intermittent),Household,SALE,1,10.5,7.35,7
2025-05-03 08:00,10039,Test product 40 (declining),Drinks,SALE,5,0.75,0.52,7
2025-05-03 10:00,10038,Test product 39 (growing),Household,SALE,16,3.82,2.67,7
2025-05-03 11:00,10014,Test product 15 (growing),Household,SALE,4,5.58,3.91,7
2025-05-03 13:00,10032,Test product 33 (growing),Stationery,SALE,21,5.47,3.83,7
2025-05-05 00:00,10010,Test product 11 (intermittent),Household,RESTOCK,6,7.35,7.35,7
2025-05-05 08:00,10008,Test product 9 (growing),Stationery,SALE,4,4.89,3.42,7
2025-05-05 11:00,10005,Test product 6 (lumpy),Snacks,SALE,14,9.38,6.57,7
2025-05-05 12:00,10004,Test product 5 (intermittent),Stationery,SALE,3,3.26,2.28,7
2025-05-05 13:00,10001,Test product 2 (seasonal),Snacks,SALE,6,3.68,2.58,7
2025-05-05 13:00,10015,Test product 16 (declining),Drinks,SALE,5,10.3,7.21,7
2025-05-05 13:00,10018,Test product 19 (smooth),Household,SALE,5,3.32,2.32,7
2025-05-05 13:00,10037,Test product 38 (seasonal),Snacks,SALE,3,4.46,3.12,7
2025-05-05 14:00,10019,Test product 20 (seasonal),Drinks,SALE,8,9.26,6.48,7
2025-05-05 15:00,10021,Test product 22 (declining),Snacks,SALE,13,9.47,6.63,7
2025-05-05 15:00,10024,Test product 25 (smooth),Stationery,SALE,26,5.15,3.6,7
2025-05-05 15:00,10033,Test product 34 (declining),Snacks,SALE,10,0.94,0.66,7
2025-05-05 16:00,10013,Test product 14 (seasonal),Snacks,SALE,15,6.02,4.21,7
2025-05-05 17:00,10015,Test product 16 (declining),Drinks,SALE,8,10.3,7.21,7
2025-05-05 17:00,10024,Test product 25 (smooth),Stationery,SALE,13,5.15,3.6,7
2025-05-05 17:00,10037,Test product 38 (seasonal),Snacks,SALE,8,4.46,3.12,7
2025-05-06 08:00,10008,Test product 9 (growing),Stationery,SALE,3,4.89,3.42,7
2025-05-06 11:00,10036,Test product 37 (smooth),Stationery,SALE,36,2.81,1.97,7
2025-05-06 14:00,10031,Test product 32 (seasonal),Drinks,SALE,3,7.4,5.18,7
2025-05-06 15:00,10014,Test product 15 (growing),Household,SALE,2,5.58,3.91,7
2025-05-06 15:00,10018,Test product 19 (smooth),Household,SALE,5,3.32,2.32,7
2025-05-06 15:00,10030,Test product 31 (smooth),Household,SALE,25,6.94,4.86,7
2025-05-06 16:00,10026,Test product 27 (growing),Household,SALE,4,7.9,5.53,7
2025-05-07 09:00,10001,Test product 2 (seasonal),Snacks,SALE,7,3.68,2.58,7
2025-05-07 10:00,10007,Test product 8 (seasonal),Drinks,SALE,31,7.86,5.5,7
2025-05-07 10:00,10014,Test product 15 (growing),Household,SALE,4,5.58,3.91,7
2025-05-07 10:00,10038,Test product 39 (growing),Household,SALE,13,3.82,2.67,7
2025-05-07 11:00,10002,Test product 3 (growing),Household,SALE,9,3.2,2.24,7
2025-05-07 16:00,10012,Test product 13 (smooth),Stationery,SALE,11,8.25,5.77,7
2025-05-07 16:00,10019,Test product 20 (seasonal),Drinks,SALE,11,9.26,6.48,7
2025-05-07 17:00,10031,Test product 32 (seasonal),Drinks,SALE,5,7.4,5.18,7
2025-05-08 09:00,10032,Test product 33 (growing),Stationery,SALE,30,5.47,3.83,7
2025-05-08 10:00,10003,Test product 4 (declining),Drinks,SALE,20,6.94,4.86,7
2025-05-08 10:00,10013,Test product 14 (seasonal),Snacks,SALE,14,6.02,4.21,7
2025-05-08 11:00,10025,Test product 26 (seasonal),Snacks,SALE,6,6.65,4.66,7
2025-05-08 13:00,10027,Test product 28 (declining),Drinks,SALE,35,4.32,3.02,7
2025-05-08 15:00,10003,Test product 4 (declining),Drinks,SALE,24,6.94,4.86,7
2025-05-08 15:00,10025,Test product 26 (seasonal),Snacks,SALE,8,6.65,4.66,7
2025-05-08 17:00,10009,Test product 10 (declining),Snacks,SALE,22,7.37,5.16,7
2025-05-09 08:00,10002,Test product 3 (growing),Household,SALE,6,3.2,2.24,7
2025-05-09 08:00,10021,Test product 22 (declining),Snacks,SALE,6,9.47,6.63,7
2025-05-09 08:00,10026,Test product 27 (growing),Household,SALE,7,7.9,5.53,7
2025-05-09 11:00,10018,Test product 19 (smooth),Household,SALE,10,3.32,2.32,7
2025-05-09 11:00,10019,Test product 20 (seasonal),Drinks,SALE,4,9.26,6.48,7
2025-05-09 11:00,10021,Test product 22 (declining),Snacks,SALE,11,9.47,6.63,7
2025-05-09 11:00,10025,Test product 26 (seasonal),Snacks,SALE,6,6.65,4.66,7
2025-05-09 12:00,10033,Test product 34 (declining),Snacks,SALE,17,0.94,0.66,7
2025-05-09 13:00,10001,Test product 2 (seasonal),Snacks,SALE,7,3.68,2.58,7
2025-05-09 14:00,10009,Test product 10 (declining),Snacks,SALE,12,7.37,5.16,7
2025-05-09 15:00,10012,Test product 13 (smooth),Stationery,SALE,12,8.25,5.77,7
2025-05-09 15:00,10039,Test product 40 (declining),Drinks,SALE,7,0.75,0.52,7
2025-05-10 09:00,10038,Test product 39 (growing),Household,SALE,13,3.82,2.67,7
2025-05-10 10:00,10031,Test product 32 (seasonal),Drinks,SALE,4,7.4,5.18,7
2025-05-10 12:00,10014,Test product 15 (growing),Household,SALE,3,5.58,3.91,7
2025-05-10 12:00,10020,Test product 21 (growing),Stationery,SALE,19,8.66,6.06,7
2025-05-10 13:00,10002,Test product 3 (growing),Household,SALE,7,3.2,2.24,7
2025-05-10 13:00,10005,Test product 6 (lumpy),Snacks,SALE,11,9.38,6.57,7
2025-05-10 13:00,10015,Test product 16 (declining),Drinks,SALE,10,10.3,7.21,7
2025-05-10 14:00,10006,Test product 7 (smooth),Household,SALE,32,2.37,1.66,7
2025-05-10 15:00,10000,Test product 1 (smooth),Stationery,SALE,30,8.26,5.78,7
2025-05-10 16:00,10033,Test product 34 (declining),Snacks,SALE,20,0.94,0.66,7
2025-05-12 00:00,10005,Test product 6 (lumpy),Snacks,RESTOCK,33,6.57,6.57,7
2025-05-12 10:00,10019,Test product 20 (seasonal),Drinks,SALE,3,9.26,6.48,7
2025-05-12 10:00,10027,Test product 28 (declining),Drinks,SALE,8,4.32,3.02,7
2025-05-12 11:00,10031,Test product 32 (seasonal),Drinks,SALE,12,7.4,5.18,7
2025-05-12 11:00,10032,Test product 33 (growing),Stationery,SALE,9,5.47,3.83,7
2025-05-12 13:00,10034,Test product 35 (intermittent),Household,SALE,1,1.59,1.11,7
2025-05-12 14:00,10011,Test product 12 (lumpy),Drinks,SALE,9,2.43,1.7,7
2025-05-12 14:00,10013,Test product 14 (seasonal),Snacks,SALE,33,6.02,4.21,7
2025-05-12 15:00,10039,Test product 40 (declining),Drinks,SALE,5,0.75,0.52,7
2025-05-12 16:00,10001,Test product 2 (seasonal),Snacks,SALE,18,3.68,2.58,7
2025-05-12 16:00,10015,Test product 16 (declining),Drinks,SALE,9,10.3,7.21,7
2025-05-13 08:00,10006,Test product 7 (smooth),Household,SALE,30,2.37,1.66,7
2025-05-13 08:00,10011,Test product 12 (lumpy),Drinks,SALE,19,2.43,1.7,7
2025-05-13 08:00,10037,Test product 38 (seasonal),Snacks,SALE,3,4.46,3.12,7
2025-05-13 09:00,10009,Test product 10 (declining),Snacks,SALE,13,7.37,5.16,7
2025-05-13 09:00,10015,Test product 16 (declining),Drinks,SALE,4,10.3,7.21,7
2025-05-13 09:00,10033,Test product 34 (declining),Snacks,SALE,20,0.94,0.66,7
2025-05-13 10:00,10025,Test product 26 (seasonal),Snacks,SALE,9,6.65,4.66,7
2025-05-13 11:00,10025,Test product 26 (seasonal),Snacks,SALE,10,6.65,4.66,7
2025-05-13 13:00,10022,Test product 23 (intermittent),Household,SALE,2,10.2,7.14,7
2025-05-13 15:00,10018,Test product 19 (smooth),Household,SALE,6,3.32,2.32,7
2025-05-13 16:00,10012,Test product 13 (smooth),Stationery,SALE,12,8.25,5.77,7
2025-05-13 17:00,10000,Test product 1 (smooth),Stationery,SALE,6,8.26,5.78,7
2025-05-14 09:00,10020,Test product 21 (growing),Stationery,SALE,11,8.66,6.06,7
2025-05-14 09:00,10037,Test product 38 (seasonal),Snacks,SALE,8,4.46,3.12,7
2025-05-14 10:00,10003,Test product 4 (declining),Drinks,SALE,10,6.94,4.86,7
2025-05-14 11:00,10019,Test product 20 (seasonal),Drinks,SALE,5,9.26,6.48,7
2025-05-14 13:00,10009,Test product 10 (declining),Snacks,SALE,14,7.37,5.16,7
2025-05-14 16:00,10026,Test product 27 (growing),Household,SALE,3,7.9,5.53,7
2025-05-14 17:00,10014,Test product 15 (growing),Household,SALE,4,5.58,3.91,7
2025-05-14 17:00,10017,Test product 18 (lumpy),Snacks,SALE,14,0.98,0.69,7
2025-05-15 08:00,10020,Test product 21 (growing),Stationery,SALE,6,8.66,6.06,7
2025-05-15 08:00,10024,Test product 25 (smooth),Stationery,SALE,36,5.15,3.6,7
2025-05-15 08:00,10025,Test product 26 (seasonal),Snacks,SALE,9,6.65,4.66,7
2025-05-15 10:00,10030,Test product 31 (smooth),Household,SALE,19,6.94,4.86,7
2025-05-15 11:00,10018,Test product 19 (smooth),Household,SALE,10,3.32,2.32,7
2025-05-15 13:00,10003,Test product 4 (declining),Drinks,SALE,8,6.94,4.86,7
2025-05-15 14:00,10007,Test product 8 (seasonal),Drinks,SALE,8,7.86,5.5,7
2025-05-15 15:00,10021,Test product 22 (declining),Snacks,SALE,14,9.47,6.63,7
2025-05-15 15:00,10037,Test product 38 (seasonal),Snacks,SALE,3,4.46,3.12,7
2025-05-15 16:00,10012,Test product 13 (smooth),Stationery,SALE,12,8.25,5.77,7
2025-05-15 16:00,10017,Test product 18 (lumpy),Snacks,SALE,13,0.98,0.69,7
2025-05-15 17:00,10014,Test product 15 (growing),Household,SALE,3,5.58,3.91,7
2025-05-15 17:00,10030,Test product 31 (smooth),Household,SALE,13,6.94,4.86,7
2025-05-16 09:00,10000,Test product 1 (smooth),Stationery,SALE,7,8.26,5.78,7
2025-05-16 10:00,10015,Test product 16 (declining),Drinks,SALE,5,10.3,7.21,7
2025-05-16 10:00,10038,Test product 39 (growing),Household,SALE,29,3.82,2.67,7
2025-05-16 12:00,10009,Test product 10 (declining),Snacks,SALE,8,7.37,5.16,7
2025-05-16 13:00,10032,Test product 33 (growing),Stationery,SALE,20,5.47,3.83,7
2025-05-16 13:00,10033,Test product 34 (declining),Snacks,SALE,33,0.94,0.66,7
2025-05-16 14:00,10027,Test product 28 (declining),Drinks,SALE,13,4.32,3.02,7
2025-05-16 15:00,10002,Test product 3 (growing),Household,SALE,14,3.2,2.24,7
2025-05-16 15:00,10026,Test product 27 (growing),Household,SALE,3,7.9,5.53,7
2025-05-16 16:00,10011,Test product 12 (lumpy),Drinks,SALE,14,2.43,1.7,7
2025-05-16 17:00,10027,Test product 28 (declining),Drinks,SALE,7,4.32,3.02,7
2025-05-17 08:00,10036,Test product 37 (smooth),Stationery,SALE,27,2.81,1.97,7
2025-05-17 09:00,10007,Test product 8 (seasonal),Drinks,SALE,10,7.86,5.5,7
2025-05-17 09:00,10014,Test product 15 (growing),Household,SALE,3,5.58,3.91,7
2025-05-17 09:00,10019,Test product 20 (seasonal),Drinks,SALE,4,9.26,6.48,7
2025-05-17 10:00,10000,Test product 1 (smooth),Stationery,SALE,8,8.26,5.78,7
2025-05-17 10:00,10021,Test product 22 (declining),Snacks,SALE,31,9.47,6.63,7
2025-05-17 10:00,10026,Test product 27 (growing),Household,SALE,2,7.9,5.53,7
2025-05-17 11:00,10003,Test product 4 (declining),Drinks,SALE,10,6.94,4.86,7
2025-05-17 13:00,10039,Test product 40 (declining),Drinks,SALE,2,0.75,0.52,7
2025-05-17 15:00,10020,Test product 21 (growing),Stationery,SALE,8,8.66,6.06,7
2025-05-17 16:00,10007,Test product 8 (seasonal),Drinks,SALE,9,7.86,5.5,7
2025-05-17 17:00,10008,Test product 9 (growing),Stationery,SALE,8,4.89,3.42,7
2025-05-19 00:00,10000,Test product 1 (smooth),Stationery,RESTOCK,112,5.78,5.78,7
2025-05-19 00:00,10015,Test product 16 (declining),Drinks,RESTOCK,46,7.21,7.21,7
2025-05-19 00:00,10020,Test product 21 (growing),Stationery,RESTOCK,129,6.06,6.06,7
2025-05-19 00:00,10035,Test product 36 (lumpy),Drinks,RESTOCK,31,5.68,5.68,7
2025-05-19 08:00,10003,Test product 4 (declining),Drinks,SALE,22,6.94,4.86,7
2025-05-19 08:00,10005,Test product 6 (lumpy),Snacks,SALE,36,9.38,6.57,7
2025-05-19 10:00,10021,Test product 22 (declining),Snacks,SALE,22,9.47,6.63,7
2025-05-19 11:00,10036,Test product 37 (smooth),Stationery,SALE,7,2.81,1.97,7
2025-05-19 11:00,10037,Test product 38 (seasonal),Snacks,SALE,2,4.46,3.12,7
2025-05-19 13:00,10014,Test product 15 (growing),Household,SALE,5,5.58,3.91,7
2025-05-19 13:00,10032,Test product 33 (growing),Stationery,SALE,12,5.47,3.83,7
2025-05-19 14:00,10009,Test product 10 (declining),Snacks,SALE,13,7.37,5.16,7
2025-05-19 16:00,10002,Test product 3 (growing),Household,SALE,11,3.2,2.24,7
2025-05-20 08:00,10038,Test product 39 (growing),Household,SALE,28,3.82,2.67,7
2025-05-20 09:00,10027,Test product 28 (declining),Drinks,SALE,24,4.32,3.02,7
2025-05-20 12:00,10025,Test product 26 (seasonal),Snacks,SALE,11,6.65,4.66,7
2025-05-20 13:00,10007,Test product 8 (seasonal),Drinks,SALE,8,7.86,5.5,7
2025-05-20 17:00,10009,Test product 10 (declining),Snacks,SALE,11,7.37,5.16,7
2025-05-21 08:00,10019,Test product 20 (seasonal),Drinks,SALE,21,9.26,6.48,7
2025-05-21 11:00,10039,Test product 40 (declining),Drinks,SALE,3,0.75,0.52,7
2025-05-21 12:00,10002,Test product 3 (growing),Household,SALE,11,3.2,2.24,7
2025-05-21 12:00,10021,Test product 22 (declining),Snacks,SALE,23,9.47,6.63,7
2025-05-21 12:00,10036,Test product 37 (smooth),Stationery,SALE,7,2.81,1.97,7
2025-05-21 13:00,10015,Test product 16 (declining),Drinks,SALE,8,10.3,7.21,7
2025-05-21 13:00,10032,Test product 33 (growing),Stationery,SALE,16,5.47,3.83,7
2025-05-21 13:00,10033,Test product 34 (declining),Snacks,SALE,20,0.94,0.66,7
2025-05-21 14:00,10018,Test product 19 (smooth),Household,SALE,9,3.32,2.32,7
2025-05-21 14:00,10020,Test product 21 (growing),Stationery,SALE,15,8.66,6.06,7
2025-05-21 14:00,10028,Test product 29 (intermittent),Stationery,SALE,2,5.41,3.79,7
2025-05-21 15:00,10018,Test product 19 (smooth),Household,SALE,10,3.32,2.32,7
2025-05-22 09:00,10012,Test product 13 (smooth),Stationery,SALE,5,8.25,5.77,7
2025-05-22 10:00,10008,Test product 9 (growing),Stationery,SALE,6,4.89,3.42,7
2025-05-22 10:00,10014,Test product 15 (growing),Household,SALE,8,5.58,3.91,7
2025-05-22 10:00,10039,Test product 40 (declining),Drinks,SALE,6,0.75,0.52,7
2025-05-22 11:00,10031,Test product 32 (seasonal),Drinks,SALE,3,7.4,5.18,7
2025-05-22 11:00,10033,Test product 34 (declining),Snacks,SALE,10,0.94,0.66,7
2025-05-22 12:00,10000,Test product 1 (smooth),Stationery,SALE,9,8.26,5.78,7
2025-05-22 12:00,10000,Test product 1 (smooth),Stationery,SALE,15,8.26,5.78,7
2025-05-22 12:00,10024,Test product 25 (smooth),Stationery,SALE,15,5.15,3.6,7
2025-05-22 12:00,10028,Test product 29 (intermittent),Stationery,SALE,3,5.41,3.79,7
2025-05-22 13:00,10008,Test product 9 (growing),Stationery,SALE,3,4.89,3.42,7
2025-05-22 13:00,10013,Test product 14 (seasonal),Snacks,SALE,27,6.02,4.21,7
2025-05-22 14:00,10024,Test product 25 (smooth),Stationery,SALE,7,5.15,3.6,7
2025-05-22 14:00,10037,Test product 38 (seasonal),Snacks,SALE,3,4.46,3.12,7
2025-05-22 15:00,10012,Test product 13 (smooth),Stationery,SALE,10,8.25,5.77,7
2025-05-22 15:00,10024,Test product 25 (smooth),Stationery,SALE,10,5.15,3.6,7
2025-05-22 16:00,10015,Test product 16 (declining),Drinks,SALE,14,10.3,7.21,7
2025-05-22 17:00,10026,Test product 27 (growing),Household,SALE,5,7.9,5.53,7
2025-05-22 17:00,10027,Test product 28 (declining),Drinks,SALE,22,4.32,3.02,7
2025-05-23 09:00,10001,Test product 2 (seasonal),Snacks,SALE,24,3.68,2.58,7
2025-05-23 09:00,10006,Test product 7 (smooth),Household,SALE,16,2.37,1.66,7
2025-05-23 10:00,10026,Test product 27 (growing),Household,SALE,6,7.9,5.53,7
2025-05-23 12:00,10025,Test product 26 (seasonal),Snacks,SALE,9,6.65,4.66,7
2025-05-23 13:00,10007,Test product 8 (seasonal),Drinks,SALE,11,7.86,5.5,7
2025-05-23 13:00,10012,Test product 13 (smooth),Stationery,SALE,9,8.25,5.77,7
2025-05-23 14:00,10005,Test product 6 (lumpy),Snacks,SALE,61,9.38,6.57,7
2025-05-23 14:00,10005,Test product 6 (lumpy),Snacks,SALE,56,9.38,6.57,7
2025-05-23 15:00,10020,Test product 21 (growing),Stationery,SALE,6,8.66,6.06,7
2025-05-23 16:00,10006,Test product 7 (smooth),Household,SALE,14,2.37,1.66,7
2025-05-24 08:00,10003,Test product 4 (declining),Drinks,SALE,21,6.94,4.86,7
2025-05-24 09:00,10033,Test product 34 (declining),Snacks,SALE,14,0.94,0.66,7
2025-05-24 10:00,10009,Test product 10 (declining),Snacks,SALE,6,7.37,5.16,7
2025-05-24 11:00,10030,Test product 31 (smooth),Household,SALE,29,6.94,4.86,7
2025-05-24 11:00,10037,Test product 38 (seasonal),Snacks,SALE,8,4.46,3.12,7
2025-05-24 12:00,10031,Test product 32 (seasonal),Drinks,SALE,5,7.4,5.18,7
2025-05-24 16:00,10007,Test product 8 (seasonal),Drinks,SALE,5,7.86,5.5,7
2025-05-24 17:00,10036,Test product 37 (smooth),Stationery,SALE,10,2.81,1.97,7
2025-05-26 00:00,10001,Test product 2 (seasonal),Snacks,RESTOCK,114,2.58,2.58,7
2025-05-26 00:00,10002,Test product 3 (growing),Household,RESTOCK,85,2.24,2.24,7
2025-05-26 00:00,10003,Test product 4 (declining),Drinks,RESTOCK,119,4.86,4.86,7
2025-05-26 00:00,10004,Test product 5 (intermittent),Stationery,RESTOCK,6,2.28,2.28,7
2025-05-26 00:00,10006,Test product 7 (smooth),Household,RESTOCK,127,1.66,1.66,7
2025-05-26 00:00,10007,Test product 8 (seasonal),Drinks,RESTOCK,138,5.5,5.5,7
2025-05-26 00:00,10008,Test product 9 (growing),Stationery,RESTOCK,40,3.42,3.42,7
2025-05-26 00:00,10009,Test product 10 (declining),Snacks,RESTOCK,96,5.16,5.16,7
2025-05-26 00:00,10011,Test product 12 (lumpy),Drinks,RESTOCK,39,1.7,1.7,7
2025-05-26 00:00,10012,Test product 13 (smooth),Stationery,RESTOCK,117,5.77,5.77,7
2025-05-26 00:00,10013,Test product 14 (seasonal),Snacks,RESTOCK,159,4.21,4.21,7
2025-05-26 00:00,10014,Test product 15 (growing),Household,RESTOCK,54,3.91,3.91,7
2025-05-26 00:00,10016,Test product 17 (intermittent),Stationery,RESTOCK,8,2.47,2.47,7
2025-05-26 00:00,10017,Test product 18 (lumpy),Snacks,RESTOCK,39,0.69,0.69,7
2025-05-26 00:00,10018,Test product 19 (smooth),Household,RESTOCK,79,2.32,2.32,7
2025-05-26 00:00,10019,Test product 20 (seasonal),Drinks,RESTOCK,85,6.48,6.48,7
2025-05-26 00:00,10021,Test product 22 (declining),Snacks,RESTOCK,120,6.63,6.63,7
2025-05-26 00:00,10022,Test product 23 (intermittent),Household,RESTOCK,9,7.14,7.14,7
2025-05-26 00:00,10023,Test product 24 (lumpy),Drinks,RESTOCK,19,2.75,2.75,7
2025-05-26 00:00,10024,Test product 25 (smooth),Stationery,RESTOCK,120,3.6,3.6,7
2025-05-26 00:00,10025,Test product 26 (seasonal),Snacks,RESTOCK,117,4.66,4.66,7
2025-05-26 00:00,10026,Test product 27 (growing),Household,RESTOCK,57,5.53,5.53,7
2025-05-26 00:00,10027,Test product 28 (declining),Drinks,RESTOCK,112,3.02,3.02,7
2025-05-26 00:00,10028,Test product 29 (intermittent),Stationery,RESTOCK,8,3.79,3.79,7
2025-05-26 00:00,10029,Test product 30 (lumpy),Snacks,RESTOCK,24,6.69,6.69,7
2025-05-26 00:00,10030,Test product 31 (smooth),Household,RESTOCK,110,4.86,4.86,7
2025-05-26 00:00,10031,Test product 32 (seasonal),Drinks,RESTOCK,65,5.18,5.18,7
2025-05-26 00:00,10032,Test product 33 (growing),Stationery,RESTOCK,138,3.83,3.83,7
2025-05-26 00:00,10033,Test product 34 (declining),Snacks,RESTOCK,127,0.66,0.66,7
2025-05-26 00:00,10034,Test product 35 (intermittent),Household,RESTOCK,7,1.11,1.11,7
2025-05-26 00:00,10036,Test product 37 (smooth),Stationery,RESTOCK,93,1.97,1.97,7
2025-05-26 00:00,10037,Test product 38 (seasonal),Snacks,RESTOCK,79,3.12,3.12,7
2025-05-26 00:00,10038,Test product 39 (growing),Household,RESTOCK,177,2.67,2.67,7
2025-05-26 00:00,10039,Test product 40 (declining),Drinks,RESTOCK,32,0.52,0.52,7
2025-05-26 09:00,10007,Test product 8 (seasonal),Drinks,SALE,9,7.86,5.5,7
2025-05-26 09:00,10009,Test product 10 (declining),Snacks,SALE,6,7.37,5.16,7
2025-05-26 11:00,10006,Test product 7 (smooth),Household,SALE,5,2.37,1.66,7
2025-05-26 11:00,10030,Test product 31 (smooth),Household,SALE,16,6.94,4.86,7
2025-05-26 12:00,10038,Test product 39 (growing),Household,SALE,13,3.82,2.67,7
2025-05-26 14:00,10001,Test product 2 (seasonal),Snacks,SALE,9,3.68,2.58,7
2025-05-26 14:00,10026,Test product 27 (growing),Household,SALE,11,7.9,5.53,7
2025-05-26 16:00,10003,Test product 4 (declining),Drinks,SALE,52,6.94,4.86,7
2025-05-26 16:00,10030,Test product 31 (smooth),Household,SALE,12,6.94,4.86,7
2025-05-26 16:00,10031,Test product 32 (seasonal),Drinks,SALE,4,7.4,5.18,7
2025-05-26 17:00,10013,Test product 14 (seasonal),Snacks,SALE,11,6.02,4.21,7
2025-05-26 17:00,10015,Test product 16 (declining),Drinks,SALE,5,10.3,7.21,7
2025-05-26 17:00,10024,Test product 25 (smooth),Stationery,SALE,33,5.15,3.6,7
2025-05-27 08:00,10018,Test product 19 (smooth),Household,SALE,3,3.32,2.32,7
2025-05-27 09:00,10007,Test product 8 (seasonal),Drinks,SALE,14,7.86,5.5,7
2025-05-27 09:00,10018,Test product 19 (smooth),Household,SALE,7,3.32,2.32,7
2025-05-27 11:00,10038,Test product 39 (growing),Household,SALE,7,3.82,2.67,7
2025-05-27 12:00,10001,Test product 2 (seasonal),Snacks,SALE,5,3.68,2.58,7
2025-05-27 17:00,10008,Test product 9 (growing),Stationery,SALE,4,4.89,3.42,7
2025-05-27 17:00,10025,Test product 26 (seasonal),Snacks,SALE,20,6.65,4.66,7
2025-05-28 08:00,10000,Test product 1 (smooth),Stationery,SALE,10,8.26,5.78,7
2025-05-28 08:00,10013,Test product 14 (seasonal),Snacks,SALE,16,6.02,4.21,7
2025-05-28 11:00,10032,Test product 33 (growing),Stationery,SALE,11,5.47,3.83,7
2025-05-28 12:00,10001,Test product 2 (seasonal),Snacks,SALE,8,3.68,2.58,7
2025-05-28 14:00,10002,Test product 3 (growing),Household,SALE,7,3.2,2.24,7
2025-05-28 14:00,10031,Test product 32 (seasonal),Drinks,SALE,11,7.4,5.18,7
2025-05-28 16:00,10037,Test product 38 (seasonal),Snacks,SALE,6,4.46,3.12,7
2025-05-29 08:00,10033,Test product 34 (declining),Snacks,SALE,18,0.94,0.66,7
2025-05-29 08:00,10038,Test product 39 (growing),Household,SALE,11,3.82,2.67,7
2025-05-29 09:00,10020,Test product 21 (growing),Stationery,SALE,11,8.66,6.06,7
2025-05-29 09:00,10033,Test product 34 (declining),Snacks,SALE,15,0.94,0.66,7
2025-05-29 10:00,10033,Test product 34 (declining),Snacks,SALE,15,0.94,0.66,7
2025-05-29 11:00,10027,Test product 28 (declining),Drinks,SALE,12,4.32,3.02,7
2025-05-29 12:00,10027,Test product 28 (declining),Drinks,SALE,4,4.32,3.02,7
2025-05-29 16:00,10012,Test product 13 (smooth),Stationery,SALE,24,8.25,5.77,7
2025-05-29 16:00,10036,Test product 37 (smooth),Stationery,SALE,20,2.81,1.97,7
2025-05-29 17:00,10006,Test product 7 (smooth),Household,SALE,10,2.37,1.66,7
2025-05-30 09:00,10015,Test product 16 (declining),Drinks,SALE,4,10.3,7.21,7
2025-05-30 09:00,10018,Test product 19 (smooth),Household,SALE,11,3.32,2.32,7
2025-05-30 09:00,10034,Test product 35 (intermittent),Household,SALE,8,1.59,1.11,7
2025-05-30 11:00,10019,Test product 20 (seasonal),Drinks,SALE,12,9.26,6.48,7
2025-05-30 12:00,10002,Test product 3 (growing),Household,SALE,6,3.2,2.24,7
2025-05-30 12:00,10015,Test product 16 (declining),Drinks,SALE,8,10.3,7.21,7
2025-05-30 12:00,10037,Test product 38 (seasonal),Snacks,SALE,2,4.46,3.12,7
2025-05-30 13:00,10000,Test product 1 (smooth),Stationery,SALE,12,8.26,5.78,7
2025-05-30 13:00,10032,Test product 33 (growing),Stationery,SALE,9,5.47,3.83,7
2025-05-30 14:00,10032,Test product 33 (growing),Stationery,SALE,8,5.47,3.83,7
2025-05-30 15:00,10039,Test product 40 (declining),Drinks,SALE,11,0.75,0.52,7
2025-05-31 08:00,10009,Test product 10 (declining),Snacks,SALE,9,7.37,5.16,7
2025-05-31 08:00,10020,Test product 21 (growing),Stationery,SALE,15,8.66,6.06,7
2025-05-31 08:00,10021,Test product 22 (declining),Snacks,SALE,34,9.47,6.63,7
2025-05-31 09:00,10027,Test product 28 (declining),Drinks,SALE,15,4.32,3.02,7
2025-05-31 10:00,10009,Test product 10 (declining),Snacks,SALE,6,7.37,5.16,7
2025-05-31 12:00,10000,Test product 1 (smooth),Stationery,SALE,6,8.26,5.78,7
2025-05-31 12:00,10006,Test product 7 (smooth),Household,SALE,9,2.37,1.66,7
2025-05-31 15:00,10014,Test product 15 (growing),Household,SALE,17,5.58,3.91,7
2025-06-02 00:00,10010,Test product 11 (intermittent),Household,RESTOCK,7,7.35,7.35,7
2025-06-02 08:00,10011,Test product 12 (lumpy),Drinks,SALE,32,2.43,1.7,7
2025-06-02 08:00,10013,Test product 14 (seasonal),Snacks,SALE,12,6.02,4.21,7
2025-06-02 08:00,10026,Test product 27 (growing),Household,SALE,6,7.9,5.53,7
2025-06-02 09:00,10037,Test product 38 (seasonal),Snacks,SALE,7,4.46,3.12,7
2025-06-02 10:00,10038,Test product 39 (growing),Household,SALE,14,3.82,2.67,7
2025-06-02 12:00,10006,Test product 7 (smooth),Household,SALE,7,2.37,1.66,7
2025-06-02 12:00,10013,Test product 14 (seasonal),Snacks,SALE,9,6.02,4.21,7
2025-06-02 13:00,10007,Test product 8 (seasonal),Drinks,SALE,30,7.86,5.5,7
2025-06-02 13:00,10021,Test product 22 (declining),Snacks,SALE,19,9.47,6.63,7
2025-06-02 14:00,10026,Test product 27 (growing),Household,SALE,3,7.9,5.53,7
2025-06-02 14:00,10031,Test product 32 (seasonal),Drinks,SALE,2,7.4,5.18,7
2025-06-02 15:00,10000,Test product 1 (smooth),Stationery,SALE,16,8.26,5.78,7
2025-06-02 15:00,10032,Test product 33 (growing),Stationery,SALE,20,5.47,3.83,7
2025-06-02 16:00,10021,Test product 22 (declining),Snacks,SALE,12,9.47,6.63,7
2025-06-02 17:00,10008,Test product 9 (growing),Stationery,SALE,2,4.89,3.42,7
2025-06-03 08:00,10020,Test product 21 (growing),Stationery,SALE,6,8.66,6.06,7
2025-06-03 08:00,10035,Test product 36 (lumpy),Drinks,SALE,28,8.11,5.68,7
2025-06-03 09:00,10019,Test product 20 (seasonal),Drinks,SALE,15,9.26,6.48,7
2025-06-03 11:00,10009,Test product 10 (declining),Snacks,SALE,7,7.37,5.16,7
2025-06-03 12:00,10020,Test product 21 (growing),Stationery,SALE,11,8.66,6.06,7
2025-06-03 14:00,10027,Test product 28 (declining),Drinks,SALE,34,4.32,3.02,7
2025-06-03 14:00,10037,Test product 38 (seasonal),Snacks,SALE,4,4.46,3.12,7
2025-06-03 15:00,10008,Test product 9 (growing),Stationery,SALE,4,4.89,3.42,7
2025-06-03 16:00,10026,Test product 27 (growing),Household,SALE,4,7.9,5.53,7
2025-06-04 08:00,10031,Test product 32 (seasonal),Drinks,SALE,3,7.4,5.18,7
2025-06-04 09:00,10001,Test product 2 (seasonal),Snacks,SALE,5,3.68,2.58,7
2025-06-04 09:00,10014,Test product 15 (growing),Household,SALE,9,5.58,3.91,7
2025-06-04 09:00,10024,Test product 25 (smooth),Stationery,SALE,13,5.15,3.6,7
2025-06-04 09:00,10037,Test product 38 (seasonal),Snacks,SALE,2,4.46,3.12,7
2025-06-04 10:00,10030,Test product 31 (smooth),Household,SALE,16,6.94,4.86,7
2025-06-04 12:00,10009,Test product 10 (declining),Snacks,SALE,4,7.37,5.16,7
2025-06-04 12:00,10038,Test product 39 (growing),Household,SALE,15,3.82,2.67,7
2025-06-04 14:00,10031,Test product 32 (seasonal),Drinks,SALE,5,7.4,5.18,7
2025-06-04 16:00,10009,Test product 10 (declining),Snacks,SALE,9,7.37,5.16,7
2025-06-04 17:00,10001,Test product 2 (seasonal),Snacks,SALE,2,3.68,2.58,7
2025-06-04 17:00,10024,Test product 25 (smooth),Stationery,SALE,16,5.15,3.6,7
2025-06-05 08:00,10001,Test product 2 (seasonal),Snacks,SALE,5,3.68,2.58,7
2025-06-05 09:00,10006,Test product 7 (smooth),Household,SALE,7,2.37,1.66,7
2025-06-05 14:00,10036,Test product 37 (smooth),Stationery,SALE,14,2.81,1.97,7
2025-06-05 15:00,10020,Test product 21 (growing),Stationery,SALE,6,8.66,6.06,7
2025-06-05 16:00,10003,Test product 4 (declining),Drinks,SALE,12,6.94,4.86,7
2025-06-05 16:00,10010,Test product 11 (intermittent),Household,SALE,4,10.5,7.35,7
2025-06-05 16:00,10014,Test product 15 (growing),Household,SALE,6,5.58,3.91,7
2025-06-05 16:00,10015,Test product 16 (declining),Drinks,SALE,16,10.3,7.21,7
2025-06-06 08:00,10011,Test product 12 (lumpy),Drinks,SALE,28,2.43,1.7,7
2025-06-06 08:00,10012,Test product 13 (smooth),Stationery,SALE,28,8.25,5.77,7
2025-06-06 09:00,10039,Test product 40 (declining),Drinks,SALE,2,0.75,0.52,7
2025-06-06 11:00,10028,Test product 29 (intermittent),Stationery,SALE,1,5.41,3.79,7
2025-06-06 12:00,10003,Test product 4 (declining),Drinks,SALE,22,6.94,4.86,7
2025-06-06 13:00,10036,Test product 37 (smooth),Stationery,SALE,18,2.81,1.97,7
2025-06-06 14:00,10033,Test product 34 (declining),Snacks,SALE,10,0.94,0.66,7
2025-06-06 15:00,10033,Test product 34 (declining),Snacks,SALE,12,0.94,0.66,7
2025-06-07 08:00,10025,Test product 26 (seasonal),Snacks,SALE,10,6.65,4.66,7
2025-06-07 08:00,10039,Test product 40 (declining),Drinks,SALE,9,0.75,0.52,7
2025-06-07 10:00,10000,Test product 1 (smooth),Stationery,SALE,14,8.26,5.78,7
2025-06-07 10:00,10018,Test product 19 (smooth),Household,SALE,14,3.32,2.32,7
2025-06-07 11:00,10006,Test product 7 (smooth),Household,SALE,10,2.37,1.66,7
2025-06-07 12:00,10033,Test product 34 (declining),Snacks,SALE,15,0.94,0.66,7
2025-06-07 13:00,10008,Test product 9 (growing),Stationery,SALE,3,4.89,3.42,7
2025-06-07 14:00,10003,Test product 4 (declining),Drinks,SALE,17,6.94,4.86,7
2025-06-07 15:00,10002,Test product 3 (growing),Household,SALE,9,3.2,2.24,7
2025-06-07 15:00,10016,Test product 17 (intermittent),Stationery,SALE,6,3.53,2.47,7
2025-06-07 15:00,10025,Test product 26 (seasonal),Snacks,SALE,12,6.65,4.66,7
2025-06-07 15:00,10030,Test product 31 (smooth),Household,SALE,10,6.94,4.86,7
2025-06-07 16:00,10002,Test product 3 (growing),Household,SALE,5,3.2,2.24,7
2025-06-09 00:00,10005,Test product 6 (lumpy),Snacks,RESTOCK,42,6.57,6.57,7
2025-06-09 08:00,10009,Test product 10 (declining),Snacks,SALE,8,7.37,5.16,7
2025-06-09 08:00,10032,Test product 33 (growing),Stationery,SALE,12,5.47,3.83,7
2025-06-09 12:00,10024,Test product 25 (smooth),Stationery,SALE,5,5.15,3.6,7
2025-06-09 12:00,10033,Test product 34 (declining),Snacks,SALE,33,0.94,0.66,7
2025-06-09 12:00,10038,Test product 39 (growing),Household,SALE,8,3.82,2.67,7
2025-06-09 13:00,10026,Test product 27 (growing),Household,SALE,7,7.9,5.53,7
2025-06-09 14:00,10001,Test product 2 (seasonal),Snacks,SALE,10,3.68,2.58,7
2025-06-09 15:00,10008,Test product 9 (growing),Stationery,SALE,7,4.89,3.42,7
2025-06-09 17:00,10039,Test product 40 (declining),Drinks,SALE,10,0.75,0.52,7
2025-06-10 09:00,10019,Test product 20 (seasonal),Drinks,SALE,5,9.26,6.48,7
2025-06-10 09:00,10024,Test product 25 (smooth),Stationery,SALE,9,5.15,3.6,7
2025-06-10 09:00,10031,Test product 32 (seasonal),Drinks,SALE,11,7.4,5.18,7
2025-06-10 11:00,10015,Test product 16 (declining),Drinks,SALE,22,10.3,7.21,7
2025-06-10 15:00,10032,Test product 33 (growing),Stationery,SALE,14,5.47,3.83,7
2025-06-10 17:00,10001,Test product 2 (seasonal),Snacks,SALE,6,3.68,2.58,7
2025-06-11 08:00,10037,Test product 38 (seasonal),Snacks,SALE,15,4.46,3.12,7
2025-06-11 10:00,10002,Test product 3 (growing),Household,SALE,6,3.2,2.24,7
2025-06-11 10:00,10004,Test product 5 (intermittent),Stationery,SALE,1,3.26,2.28,7
2025-06-11 10:00,10009,Test product 10 (declining),Snacks,SALE,8,7.37,5.16,7
2025-06-11 10:00,10020,Test product 21 (growing),Stationery,SALE,10,8.66,6.06,7
2025-06-11 15:00,10007,Test product 8 (seasonal),Drinks,SALE,18,7.86,5.5,7
2025-06-11 15:00,10009,Test product 10 (declining),Snacks,SALE,11,7.37,5.16,7
2025-06-11 15:00,10019,Test product 20 (seasonal),Drinks,SALE,4,9.26,6.48,7
2025-06-11 16:00,10000,Test product 1 (smooth),Stationery,SALE,13,8.26,5.78,7
2025-06-11 16:00,10008,Test product 9 (growing),Stationery,SALE,3,4.89,3.42,7
2025-06-11 17:00,10014,Test product 15 (growing),Household,SALE,6,5.58,3.91,7
2025-06-11 17:00,10023,Test product 24 (lumpy),Drinks,SALE,13,3.93,2.75,7
2025-06-12 08:00,10004,Test product 5 (intermittent),Stationery,SALE,1,3.26,2.28,7
2025-06-12 08:00,10006,Test product 7 (smooth),Household,SALE,11,2.37,1.66,7
2025-06-12 09:00,10020,Test product 21 (growing),Stationery,SALE,11,8.66,6.06,7
2025-06-12 10:00,10003,Test product 4 (declining),Drinks,SALE,21,6.94,4.86,7
2025-06-12 10:00,10027,Test product 28 (declining),Drinks,SALE,33,4.32,3.02,7
2025-06-12 11:00,10026,Test product 27 (growing),Household,SALE,5,7.9,5.53,7
2025-06-12 11:00,10030,Test product 31 (smooth),Household,SALE,7,6.94,4.86,7
2025-06-12 13:00,10000,Test product 1 (smooth),Stationery,SALE,16,8.26,5.78,7
2025-06-12 13:00,10013,Test product 14 (seasonal),Snacks,SALE,21,6.02,4.21,7
2025-06-12 14:00,10030,Test product 31 (smooth),Household,SALE,11,6.94,4.86,7
2025-06-12 15:00,10030,Test product 31 (smooth),Household,SALE,9,6.94,4.86,7
2025-06-12 16:00,10021,Test product 22 (declining),Snacks,SALE,16,9.47,6.63,7
2025-06-13 08:00,10021,Test product 22 (declining),Snacks,SALE,18,9.47,6.63,7
2025-06-13 08:00,10035,Test product 36 (lumpy),Drinks,SALE,11,8.11,5.68,7
2025-06-13 09:00,10018,Test product 19 (smooth),Household,SALE,8,3.32,2.32,7
2025-06-13 11:00,10035,Test product 36 (lumpy),Drinks,SALE,17,8.11,5.68,7
2025-06-13 12:00,10002,Test product 3 (growing),Household,SALE,9,3.2,2.24,7
2025-06-13 12:00,10038,Test product 39 (growing),Household,SALE,14,3.82,2.67,7
2025-06-13 13:00,10018,Test product 19 (smooth),Household,SALE,4,3.32,2.32,7
2025-06-13 13:00,10024,Test product 25 (smooth),Stationery,SALE,9,5.15,3.6,7
2025-06-13 14:00,10003,Test product 4 (declining),Drinks,SALE,20,6.94,4.86,7
2025-06-13 15:00,10018,Test product 19 (smooth),Household,SALE,7,3.32,2.32,7
2025-06-13 15:00,10019,Test product 20 (seasonal),Drinks,SALE,7,9.26,6.48,7
2025-06-14 08:00,10036,Test product 37 (smooth),Stationery,SALE,19,2.81,1.97,7
2025-06-14 09:00,10012,Test product 13 (smooth),Stationery,SALE,23,8.25,5.77,7
2025-06-14 10:00,10025,Test product 26 (seasonal),Snacks,SALE,19,6.65,4.66,7
2025-06-14 10:00,10026,Test product 27 (growing),Household,SALE,3,7.9,5.53,7
2025-06-14 11:00,10006,Test product 7 (smooth),Household,SALE,9,2.37,1.66,7
2025-06-14 11:00,10035,Test product 36 (lumpy),Drinks,SALE,5,8.11,5.68,7
2025-06-14 13:00,10006,Test product 7 (smooth),Household,SALE,8,2.37,1.66,7
2025-06-14 14:00,10021,Test product 22 (declining),Snacks,SALE,15,9.47,6.63,7
2025-06-14 14:00,10023,Test product 24 (lumpy),Drinks,SALE,17,3.93,2.75,7
2025-06-14 14:00,10038,Test product 39 (growing),Household,SALE,11,3.82,2.67,7
2025-06-16 00:00,10000,Test product 1 (smooth),Stationery,RESTOCK,111,5.78,5.78,7
2025-06-16 00:00,10015,Test product 16 (declining),Drinks,RESTOCK,52,7.21,7.21,7
2025-06-16 00:00,10020,Test product 21 (growing),Stationery,RESTOCK,163,6.06,6.06,7
2025-06-16 00:00,10035,Test product 36 (lumpy),Drinks,RESTOCK,32,5.68,5.68,7
2025-06-16 08:00,10007,Test product 8 (seasonal),Drinks,SALE,9,7.86,5.5,7
2025-06-16 08:00,10008,Test product 9 (growing),Stationery,SALE,8,4.89,3.42,7
2025-06-16 08:00,10009,Test product 10 (declining),Snacks,SALE,6,7.37,5.16,7
2025-06-16 09:00,10028,Test product 29 (intermittent),Stationery,SALE,2,5.41,3.79,7
2025-06-16 09:00,10039,Test product 40 (declining),Drinks,SALE,6,0.75,0.52,7
2025-06-16 10:00,10014,Test product 15 (growing),Household,SALE,3,5.58,3.91,7
2025-06-16 12:00,10036,Test product 37 (smooth),Stationery,SALE,6,2.81,1.97,7
2025-06-16 13:00,10012,Test product 13 (smooth),Stationery,SALE,10,8.25,5.77,7
2025-06-16 13:00,10021,Test product 22 (declining),Snacks,SALE,20,9.47,6.63,7
2025-06-16 13:00,10030,Test product 31 (smooth),Household,SALE,22,6.94,4.86,7
2025-06-16 14:00,10020,Test product 21 (growing),Stationery,SALE,7,8.66,6.06,7
2025-06-16 14:00,10020,Test product 21 (growing),Stationery,SALE,5,8.66,6.06,7
2025-06-16 16:00,10025,Test product 26 (seasonal),Snacks,SALE,8,6.65,4.66,7
2025-06-16 17:00,10018,Test product 19 (smooth),Household,SALE,10,3.32,2.32,7
2025-06-16 17:00,10027,Test product 28 (declining),Drinks,SALE,12,4.32,3.02,7
2025-06-17 08:00,10036,Test product 37 (smooth),Stationery,SALE,8,2.81,1.97,7
2025-06-17 10:00,10024,Test product 25 (smooth),Stationery,SALE,11,5.15,3.6,7
2025-06-17 11:00,10026,Test product 27 (growing),Household,SALE,10,7.9,5.53,7
2025-06-17 12:00,10032,Test product 33 (growing),Stationery,SALE,13,5.47,3.83,7
2025-06-17 15:00,10021,Test product 22 (declining),Snacks,SALE,20,9.47,6.63,7
2025-06-17 15:00,10027,Test product 28 (declining),Drinks,SALE,8,4.32,3.02,7
2025-06-17 17:00,10031,Test product 32 (seasonal),Drinks,SALE,3,7.4,5.18,7
2025-06-18 08:00,10013,Test product 14 (seasonal),Snacks,SALE,8,6.02,4.21,7
2025-06-18 08:00,10038,Test product 39 (growing),Household,SALE,17,3.82,2.67,7
2025-06-18 10:00,10018,Test product 19 (smooth),Household,SALE,6,3.32,2.32,7
2025-06-18 12:00,10019,Test product 20 (seasonal),Drinks,SALE,4,9.26,6.48,7
2025-06-18 14:00,10015,Test product 16 (declining),Drinks,SALE,5,10.3,7.21,7
2025-06-18 16:00,10032,Test product 33 (growing),Stationery,SALE,9,5.47,3.83,7
2025-06-18 16:00,10037,Test product 38 (seasonal),Snacks,SALE,5,4.46,3.12,7
2025-06-19 09:00,10012,Test product 13 (smooth),Stationery,SALE,15,8.25,5.77,7
2025-06-19 10:00,10019,Test product 20 (seasonal),Drinks,SALE,5,9.26,6.48,7
2025-06-19 10:00,10027,Test product 28 (declining),Drinks,SALE,14,4.32,3.02,7
2025-06-19 12:00,10009,Test product 10 (declining),Snacks,SALE,8,7.37,5.16,7
2025-06-19 12:00,10015,Test product 16 (declining),Drinks,SALE,5,10.3,7.21,7
2025-06-19 12:00,10039,Test product 40 (declining),Drinks,SALE,7,0.75,0.52,7
2025-06-19 13:00,10000,Test product 1 (smooth),Stationery,SALE,11,8.26,5.78,7
2025-06-19 13:00,10006,Test product 7 (smooth),Household,SALE,42,2.37,1.66,7
2025-06-19 13:00,10013,Test product 14 (seasonal),Snacks,SALE,8,6.02,4.21,7
2025-06-19 13:00,10018,Test product 19 (smooth),Household,SALE,7,3.32,2.32,7
2025-06-19 13:00,10033,Test product 34 (declining),Snacks,SALE,49,0.94,0.66,7
2025-06-19 14:00,10015,Test product 16 (declining),Drinks,SALE,2,10.3,7.21,7
2025-06-19 16:00,10005,Test product 6 (lumpy),Snacks,SALE,21,9.38,6.57,7
2025-06-19 16:00,10013,Test product 14 (seasonal),Snacks,SALE,4,6.02,4.21,7
2025-06-19 16:00,10031,Test product 32 (seasonal),Drinks,SALE,2,7.4,5.18,7
2025-06-19 17:00,10002,Test product 3 (growing),Household,SALE,15,3.2,2.24,7
2025-06-19 17:00,10024,Test product 25 (smooth),Stationery,SALE,13,5.15,3.6,7
2025-06-20 08:00,10000,Test product 1 (smooth),Stationery,SALE,7,8.26,5.78,7
2025-06-20 09:00,10020,Test product 21 (growing),Stationery,SALE,12,8.66,6.06,7
2025-06-20 09:00,10028,Test product 29 (intermittent),Stationery,SALE,2,5.41,3.79,7
2025-06-20 10:00,10003,Test product 4 (declining),Drinks,SALE,37,6.94,4.86,7
2025-06-20 11:00,10001,Test product 2 (seasonal),Snacks,SALE,7,3.68,2.58,7
2025-06-20 11:00,10024,Test product 25 (smooth),Stationery,SALE,8,5.15,3.6,7
2025-06-20 12:00,10038,Test product 39 (growing),Household,SALE,12,3.82,2.67,7
2025-06-20 15:00,10000,Test product 1 (smooth),Stationery,SALE,11,8.26,5.78,7
2025-06-20 16:00,10019,Test product 20 (seasonal),Drinks,SALE,8,9.26,6.48,7
2025-06-20 17:00,10005,Test product 6 (lumpy),Snacks,SALE,23,9.38,6.57,7
2025-06-20 17:00,10007,Test product 8 (seasonal),Drinks,SALE,8,7.86,5.5,7
2025-06-21 08:00,10038,Test product 39 (growing),Household,SALE,11,3.82,2.67,7
2025-06-21 09:00,10034,Test product 35 (intermittent),Household,SALE,1,1.59,1.11,7
2025-06-21 11:00,10009,Test product 10 (declining),Snacks,SALE,12,7.37,5.16,7
2025-06-21 13:00,10032,Test product 33 (growing),Stationery,SALE,10,5.47,3.83,7
2025-06-21 14:00,10001,Test product 2 (seasonal),Snacks,SALE,9,3.68,2.58,7
2025-06-21 14:00,10007,Test product 8 (seasonal),Drinks,SALE,8,7.86,5.5,7
2025-06-21 14:00,10025,Test product 26 (seasonal),Snacks,SALE,6,6.65,4.66,7
2025-06-21 14:00,10037,Test product 38 (seasonal),Snacks,SALE,5,4.46,3.12,7
2025-06-21 15:00,10014,Test product 15 (growing),Household,SALE,5,5.58,3.91,7
2025-06-21 16:00,10036,Test product 37 (smooth),Stationery,SALE,6,2.81,1.97,7
2025-06-23 00:00,10001,Test product 2 (seasonal),Snacks,RESTOCK,121,2.58,2.58,7
2025-06-23 00:00,10002,Test product 3 (growing),Household,RESTOCK,109,2.24,2.24,7
2025-06-23 00:00,10003,Test product 4 (declining),Drinks,RESTOCK,143,4.86,4.86,7
2025-06-23 00:00,10004,Test product 5 (intermittent),Stationery,RESTOCK,6,2.28,2.28,7
2025-06-23 00:00,10006,Test product 7 (smooth),Household,RESTOCK,119,1.66,1.66,7
2025-06-23 00:00,10007,Test product 8 (seasonal),Drinks,RESTOCK,146,5.5,5.5,7
2025-06-23 00:00,10008,Test product 9 (growing),Stationery,RESTOCK,46,3.42,3.42,7
2025-06-23 00:00,10009,Test product 10 (declining),Snacks,RESTOCK,96,5.16,5.16,7
2025-06-23 00:00,10011,Test product 12 (lumpy),Drinks,RESTOCK,36,1.7,1.7,7
2025-06-23 00:00,10012,Test product 13 (smooth),Stationery,RESTOCK,104,5.77,5.77,7
2025-06-23 00:00,10013,Test product 14 (seasonal),Snacks,RESTOCK,142,4.21,4.21,7
2025-06-23 00:00,10014,Test product 15 (growing),Household,RESTOCK,65,3.91,3.91,7
2025-06-23 00:00,10016,Test product 17 (intermittent),Stationery,RESTOCK,8,2.47,2.47,7
2025-06-23 00:00,10017,Test product 18 (lumpy),Snacks,RESTOCK,48,0.69,0.69,7
2025-06-23 00:00,10018,Test product 19 (smooth),Household,RESTOCK,75,2.32,2.32,7
2025-06-23 00:00,10019,Test product 20 (seasonal),Drinks,RESTOCK,82,6.48,6.48,7
2025-06-23 00:00,10021,Test product 22 (declining),Snacks,RESTOCK,98,6.63,6.63,7
2025-06-23 00:00,10022,Test product 23 (intermittent),Household,RESTOCK,8,7.14,7.14,7
2025-06-23 00:00,10023,Test product 24 (lumpy),Drinks,RESTOCK,19,2.75,2.75,7
2025-06-23 00:00,10024,Test product 25 (smooth),Stationery,RESTOCK,142,3.6,3.6,7
2025-06-23 00:00,10025,Test product 26 (seasonal),Snacks,RESTOCK,125,4.66,4.66,7
2025-06-23 00:00,10026,Test product 27 (growing),Household,RESTOCK,61,5.53,5.53,7
2025-06-23 00:00,10027,Test product 28 (declining),Drinks,RESTOCK,109,3.02,3.02,7
2025-06-23 00:00,10028,Test product 29 (intermittent),Stationery,RESTOCK,7,3.79,3.79,7
2025-06-23 00:00,10029,Test product 30 (lumpy),Snacks,RESTOCK,22,6.69,6.69,7
2025-06-23 00:00,10030,Test product 31 (smooth),Household,RESTOCK,110,4.86,4.86,7
2025-06-23 00:00,10031,Test product 32 (seasonal),Drinks,RESTOCK,59,5.18,5.18,7
2025-06-23 00:00,10032,Test product 33 (growing),Stationery,RESTOCK,140,3.83,3.83,7
2025-06-23 00:00,10033,Test product 34 (declining),Snacks,RESTOCK,157,0.66,0.66,7
2025-06-23 00:00,10034,Test product 35 (intermittent),Household,RESTOCK,6,1.11,1.11,7
2025-06-23 00:00,10036,Test product 37 (smooth),Stationery,RESTOCK,109,1.97,1.97,7
2025-06-23 00:00,10037,Test product 38 (seasonal),Snacks,RESTOCK,64,3.12,3.12,7
2025-06-23 00:00,10038,Test product 39 (growing),Household,RESTOCK,193,2.67,2.67,7
2025-06-23 00:00,10039,Test product 40 (declining),Drinks,RESTOCK,38,0.52,0.52,7
2025-06-23 10:00,10008,Test product 9 (growing),Stationery,SALE,2,4.89,3.42,7
2025-06-23 11:00,10031,Test product 32 (seasonal),Drinks,SALE,1,7.4,5.18,7
2025-06-23 14:00,10014,Test product 15 (growing),Household,SALE,4,5.58,3.91,7
2025-06-23 16:00,10036,Test product 37 (smooth),Stationery,SALE,31,2.81,1.97,7
2025-06-23 17:00,10003,Test product 4 (declining),Drinks,SALE,23,6.94,4.86,7
2025-06-24 08:00,10026,Test product 27 (growing),Household,SALE,1,7.9,5.53,7
2025-06-24 09:00,10019,Test product 20 (seasonal),Drinks,SALE,2,9.26,6.48,7
2025-06-24 09:00,10039,Test product 40 (declining),Drinks,SALE,3,0.75,0.52,7
2025-06-24 10:00,10038,Test product 39 (growing),Household,SALE,36,3.82,2.67,7
2025-06-24 12:00,10010,Test product 11 (intermittent),Household,SALE,1,10.5,7.35,7
2025-06-24 14:00,10001,Test product 2 (seasonal),Snacks,SALE,7,3.68,2.58,7
2025-06-24 14:00,10032,Test product 33 (growing),Stationery,SALE,11,5.47,3.83,7
2025-06-24 15:00,10013,Test product 14 (seasonal),Snacks,SALE,11,6.02,4.21,7
2025-06-24 15:00,10027,Test product 28 (declining),Drinks,SALE,37,4.32,3.02,7
2025-06-24 16:00,10000,Test product 1 (smooth),Stationery,SALE,7,8.26,5.78,7
2025-06-24 16:00,10013,Test product 14 (seasonal),Snacks,SALE,9,6.02,4.21,7
2025-06-24 16:00,10030,Test product 31 (smooth),Household,SALE,7,6.94,4.86,7
2025-06-24 17:00,10008,Test product 9 (growing),Stationery,SALE,3,4.89,3.42,7
2025-06-24 17:00,10011,Test product 12 (lumpy),Drinks,SALE,15,2.43,1.7,7
2025-06-24 17:00,10033,Test product 34 (declining),Snacks,SALE,35,0.94,0.66,7
2025-06-25 08:00,10000,Test product 1 (smooth),Stationery,SALE,11,8.26,5.78,7
2025-06-25 09:00,10000,Test product 1 (smooth),Stationery,SALE,6,8.26,5.78,7
2025-06-25 09:00,10025,Test product 26 (seasonal),Snacks,SALE,5,6.65,4.66,7
2025-06-25 10:00,10003,Test product 4 (declining),Drinks,SALE,20,6.94,4.86,7
2025-06-25 11:00,10019,Test product 20 (seasonal),Drinks,SALE,7,9.26,6.48,7
2025-06-25 12:00,10012,Test product 13 (smooth),Stationery,SALE,21,8.25,5.77,7
2025-06-25 14:00,10018,Test product 19 (smooth),Household,SALE,4,3.32,2.32,7
2025-06-25 14:00,10030,Test product 31 (smooth),Household,SALE,13,6.94,4.86,7
2025-06-25 15:00,10039,Test product 40 (declining),Drinks,SALE,2,0.75,0.52,7
2025-06-25 16:00,10010,Test product 11 (intermittent),Household,SALE,1,10.5,7.35,7
2025-06-26 08:00,10030,Test product 31 (smooth),Household,SALE,6,6.94,4.86,7
2025-06-26 09:00,10032,Test product 33 (growing),Stationery,SALE,9,5.47,3.83,7
2025-06-26 10:00,10002,Test product 3 (growing),Household,SALE,6,3.2,2.24,7
2025-06-26 10:00,10011,Test product 12 (lumpy),Drinks,SALE,17,2.43,1.7,7
2025-06-26 12:00,10001,Test product 2 (seasonal),Snacks,SALE,13,3.68,2.58,7
2025-06-26 14:00,10015,Test product 16 (declining),Drinks,SALE,5,10.3,7.21,7
2025-06-26 15:00,10002,Test product 3 (growing),Household,SALE,5,3.2,2.24,7
2025-06-26 15:00,10020,Test product 21 (growing),Stationery,SALE,24,8.66,6.06,7
2025-06-26 15:00,10026,Test product 27 (growing),Household,SALE,1,7.9,5.53,7
2025-06-26 17:00,10021,Test product 22 (declining),Snacks,SALE,13,9.47,6.63,7
2025-06-26 17:00,10037,Test product 38 (seasonal),Snacks,SALE,3,4.46,3.12,7
2025-06-27 08:00,10007,Test product 8 (seasonal),Drinks,SALE,10,7.86,5.5,7
2025-06-27 08:00,10018,Test product 19 (smooth),Household,SALE,7,3.32,2.32,7
2025-06-27 08:00,10026,Test product 27 (growing),Household,SALE,1,7.9,5.53,7
2025-06-27 09:00,10025,Test product 26 (seasonal),Snacks,SALE,7,6.65,4.66,7
2025-06-27 11:00,10001,Test product 2 (seasonal),Snacks,SALE,5,3.68,2.58,7
2025-06-27 11:00,10006,Test product 7 (smooth),Household,SALE,27,2.37,1.66,7
2025-06-27 11:00,10015,Test product 16 (declining),Drinks,SALE,11,10.3,7.21,7
2025-06-27 11:00,10018,Test product 19 (smooth),Household,SALE,4,3.32,2.32,7
2025-06-27 11:00,10025,Test product 26 (seasonal),Snacks,SALE,6,6.65,4.66,7
2025-06-27 12:00,10031,Test product 32 (seasonal),Drinks,SALE,3,7.4,5.18,7
2025-06-28 09:00,10008,Test product 9 (growing),Stationery,SALE,4,4.89,3.42,7
2025-06-28 09:00,10009,Test product 10 (declining),Snacks,SALE,23,7.37,5.16,7
2025-06-28 09:00,10021,Test product 22 (declining),Snacks,SALE,18,9.47,6.63,7
2025-06-28 11:00,10007,Test product 8 (seasonal),Drinks,SALE,15,7.86,5.5,7
2025-06-28 11:00,10019,Test product 20 (seasonal),Drinks,SALE,1,9.26,6.48,7
2025-06-28 13:00,10037,Test product 38 (seasonal),Snacks,SALE,7,4.46,3.12,7
2025-06-28 14:00,10014,Test product 15 (growing),Household,SALE,3,5.58,3.91,7
2025-06-28 14:00,10024,Test product 25 (smooth),Stationery,SALE,35,5.15,3.6,7
2025-06-28 15:00,10002,Test product 3 (growing),Household,SALE,3,3.2,2.24,7
2025-06-28 15:00,10031,Test product 32 (seasonal),Drinks,SALE,5,7.4,5.18,7
2025-06-30 00:00,10010,Test product 11 (intermittent),Household,RESTOCK,7,7.35,7.35,7
2025-06-30 09:00,10013,Test product 14 (seasonal),Snacks,SALE,22,6.02,4.21,7
2025-06-30 10:00,10031,Test product 32 (seasonal),Drinks,SALE,2,7.4,5.18,7
2025-06-30 10:00,10032,Test product 33 (growing),Stationery,SALE,13,5.47,3.83,7
2025-06-30 11:00,10009,Test product 10 (declining),Snacks,SALE,13,7.37,5.16,7
2025-06-30 11:00,10027,Test product 28 (declining),Drinks,SALE,8,4.32,3.02,7
2025-06-30 13:00,10009,Test product 10 (declining),Snacks,SALE,16,7.37,5.16,7
2025-06-30 13:00,10018,Test product 19 (smooth),Household,SALE,5,3.32,2.32,7
2025-06-30 13:00,10018,Test product 19 (smooth),Household,SALE,6,3.32,2.32,7
2025-06-30 13:00,10036,Test product 37 (smooth),Stationery,SALE,5,2.81,1.97,7
2025-06-30 14:00,10037,Test product 38 (seasonal),Snacks,SALE,8,4.46,3.12,7
2025-06-30 15:00,10036,Test product 37 (smooth),Stationery,SALE,13,2.81,1.97,7
2025-06-30 15:00,10037,Test product 38 (seasonal),Snacks,SALE,5,4.46,3.12,7
2025-06-30 16:00,10000,Test product 1 (smooth),Stationery,SALE,6,8.26,5.78,7
2025-07-01 08:00,10001,Test product 2 (seasonal),Snacks,SALE,2,3.68,2.58,7
2025-07-01 08:00,10025,Test product 26 (seasonal),Snacks,SALE,10,6.65,4.66,7
2025-07-01 09:00,10008,Test product 9 (growing),Stationery,SALE,4,4.89,3.42,7
2025-07-01 09:00,10024,Test product 25 (smooth),Stationery,SALE,15,5.15,3.6,7
2025-07-01 11:00,10004,Test product 5 (intermittent),Stationery,SALE,4,3.26,2.28,7
2025-07-01 11:00,10025,Test product 26 (seasonal),Snacks,SALE,3,6.65,4.66,7
2025-07-01 12:00,10038,Test product 39 (growing),Household,SALE,38,3.82,2.67,7
2025-07-01 14:00,10012,Test product 13 (smooth),Stationery,SALE,21,8.25,5.77,7
2025-07-01 15:00,10014,Test product 15 (growing),Household,SALE,4,5.58,3.91,7
2025-07-01 16:00,10007,Test product 8 (seasonal),Drinks,SALE,30,7.86,5.5,7
2025-07-01 17:00,10000,Test product 1 (smooth),Stationery,SALE,5,8.26,5.78,7
2025-07-01 17:00,10002,Test product 3 (growing),Household,SALE,7,3.2,2.24,7
2025-07-02 08:00,10030,Test product 31 (smooth),Household,SALE,14,6.94,4.86,7
2025-07-02 09:00,10020,Test product 21 (growing),Stationery,SALE,20,8.66,6.06,7
2025-07-02 09:00,10030,Test product 31 (smooth),Household,SALE,10,6.94,4.86,7
2025-07-02 10:00,10002,Test product 3 (growing),Household,SALE,11,3.2,2.24,7
2025-07-02 10:00,10032,Test product 33 (growing),Stationery,SALE,15,5.47,3.83,7
2025-07-02 12:00,10004,Test product 5 (intermittent),Stationery,SALE,1,3.26,2.28,7
2025-07-02 13:00,10003,Test product 4 (declining),Drinks,SALE,15,6.94,4.86,7
2025-07-02 15:00,10001,Test product 2 (seasonal),Snacks,SALE,5,3.68,2.58,7
2025-07-02 15:00,10008,Test product 9 (growing),Stationery,SALE,5,4.89,3.42,7
2025-07-02 15:00,10021,Test product 22 (declining),Snacks,SALE,16,9.47,6.63,7
2025-07-03 10:00,10024,Test product 25 (smooth),Stationery,SALE,13,5.15,3.6,7
2025-07-03 11:00,10003,Test product 4 (declining),Drinks,SALE,14,6.94,4.86,7
2025-07-03 11:00,10033,Test product 34 (declining),Snacks,SALE,37,0.94,0.66,7
2025-07-03 12:00,10014,Test product 15 (growing),Household,SALE,9,5.58,3.91,7
2025-07-03 12:00,10031,Test product 32 (seasonal),Drinks,SALE,4,7.4,5.18,7
2025-07-03 13:00,10001,Test product 2 (seasonal),Snacks,SALE,4,3.68,2.58,7
2025-07-03 13:00,10026,Test product 27 (growing),Household,SALE,13,7.9,5.53,7
2025-07-03 14:00,10003,Test product 4 (declining),Drinks,SALE,23,6.94,4.86,7
2025-07-03 15:00,10031,Test product 32 (seasonal),Drinks,SALE,4,7.4,5.18,7
2025-07-04 13:00,10027,Test product 28 (declining),Drinks,SALE,13,4.32,3.02,7
2025-07-04 15:00,10021,Test product 22 (declining),Snacks,SALE,13,9.47,6.63,7
2025-07-05 08:00,10039,Test product 40 (declining),Drinks,SALE,10,0.75,0.52,7
2025-07-05 10:00,10027,Test product 28 (declining),Drinks,SALE,10,4.32,3.02,7
2025-07-05 11:00,10036,Test product 37 (smooth),Stationery,SALE,5,2.81,1.97,7
2025-07-05 13:00,10002,Test product 3 (growing),Household,SALE,6,3.2,2.24,7
2025-07-05 14:00,10000,Test product 1 (smooth),Stationery,SALE,10,8.26,5.78,7
2025-07-05 14:00,10019,Test product 20 (seasonal),Drinks,SALE,20,9.26,6.48,7
2025-07-05 15:00,10015,Test product 16 (declining),Drinks,SALE,24,10.3,7.21,7
2025-07-05 16:00,10006,Test product 7 (smooth),Household,SALE,26,2.37,1.66,7
2025-07-05 16:00,10018,Test product 19 (smooth),Household,SALE,8,3.32,2.32,7
2025-07-07 00:00,10005,Test product 6 (lumpy),Snacks,RESTOCK,41,6.57,6.57,7
2025-07-07 08:00,10029,Test product 30 (lumpy),Snacks,SALE,50,9.55,6.69,7
2025-07-07 09:00,10025,Test product 26 (seasonal),Snacks,SALE,20,6.65,4.66,7
2025-07-07 10:00,10030,Test product 31 (smooth),Household,SALE,10,6.94,4.86,7
2025-07-07 10:00,10039,Test product 40 (declining),Drinks,SALE,7,0.75,0.52,7
2025-07-07 11:00,10018,Test product 19 (smooth),Household,SALE,8,3.32,2.32,7
2025-07-07 11:00,10032,Test product 33 (growing),Stationery,SALE,12,5.47,3.83,7
2025-07-07 12:00,10021,Test product 22 (declining),Snacks,SALE,31,9.47,6.63,7
2025-07-07 13:00,10026,Test product 27 (growing),Household,SALE,2,7.9,5.53,7
2025-07-07 14:00,10008,Test product 9 (growing),Stationery,SALE,1,4.89,3.42,7
2025-07-07 14:00,10020,Test product 21 (growing),Stationery,SALE,26,8.66,6.06,7
2025-07-07 16:00,10001,Test product 2 (seasonal),Snacks,SALE,5,3.68,2.58,7
2025-07-07 17:00,10003,Test product 4 (declining),Drinks,SALE,16,6.94,4.86,7
2025-07-07 17:00,10016,Test product 17 (intermittent),Stationery,SALE,1,3.53,2.47,7
2025-07-08 08:00,10039,Test product 40 (declining),Drinks,SALE,5,0.75,0.52,7
2025-07-08 09:00,10030,Test product 31 (smooth),Household,SALE,7,6.94,4.86,7
2025-07-08 10:00,10036,Test product 37 (smooth),Stationery,SALE,3,2.81,1.97,7
2025-07-08 11:00,10003,Test product 4 (declining),Drinks,SALE,16,6.94,4.86,7
2025-07-08 11:00,10007,Test product 8 (seasonal),Drinks,SALE,8,7.86,5.5,7
2025-07-08 11:00,10028,Test product 29 (intermittent),Stationery,SALE,4,5.41,3.79,7
2025-07-08 12:00,10024,Test product 25 (smooth),Stationery,SALE,11,5.15,3.6,7
2025-07-08 13:00,10013,Test product 14 (seasonal),Snacks,SALE,6,6.02,4.21,7
2025-07-08 13:00,10013,Test product 14 (seasonal),Snacks,SALE,11,6.02,4.21,7
2025-07-08 13:00,10033,Test product 34 (declining),Snacks,SALE,12,0.94,0.66,7
2025-07-08 14:00,10008,Test product 9 (growing),Stationery,SALE,4,4.89,3.42,7
2025-07-08 17:00,10008,Test product 9 (growing),Stationery,SALE,2,4.89,3.42,7
2025-07-08 17:00,10026,Test product 27 (growing),Household,SALE,2,7.9,5.53,7
2025-07-08 17:00,10033,Test product 34 (declining),Snacks,SALE,12,0.94,0.66,7
2025-07-09 08:00,10003,Test product 4 (declining),Drinks,SALE,15,6.94,4.86,7
2025-07-09 08:00,10038,Test product 39 (growing),Household,SALE,28,3.82,2.67,7
2025-07-09 09:00,10006,Test product 7 (smooth),Household,SALE,9,2.37,1.66,7
2025-07-09 09:00,10033,Test product 34 (declining),Snacks,SALE,16,0.94,0.66,7
2025-07-09 10:00,10001,Test product 2 (seasonal),Snacks,SALE,7,3.68,2.58,7
2025-07-09 11:00,10006,Test product 7 (smooth),Household,SALE,19,2.37,1.66,7
2025-07-09 11:00,10027,Test product 28 (declining),Drinks,SALE,19,4.32,3.02,7
2025-07-09 12:00,10001,Test product 2 (seasonal),Snacks,SALE,5,3.68,2.58,7
2025-07-09 13:00,10036,Test product 37 (smooth),Stationery,SALE,6,2.81,1.97,7
2025-07-09 13:00,10039,Test product 40 (declining),Drinks,SALE,3,0.75,0.52,7
2025-07-09 14:00,10009,Test product 10 (declining),Snacks,SALE,23,7.37,5.16,7
2025-07-09 14:00,10012,Test product 13 (smooth),Stationery,SALE,12,8.25,5.77,7
2025-07-09 15:00,10007,Test product 8 (seasonal),Drinks,SALE,9,7.86,5.5,7
2025-07-09 15:00,10015,Test product 16 (declining),Drinks,SALE,4,10.3,7.21,7
2025-07-09 16:00,10000,Test product 1 (smooth),Stationery,SALE,14,8.26,5.78,7
2025-07-09 17:00,10024,Test product 25 (smooth),Stationery,SALE,10,5.15,3.6,7
2025-07-10 08:00,10002,Test product 3 (growing),Household,SALE,5,3.2,2.24,7
2025-07-10 10:00,10036,Test product 37 (smooth),Stationery,SALE,8,2.81,1.97,7
2025-07-10 11:00,10015,Test product 16 (declining),Drinks,SALE,2,10.3,7.21,7
2025-07-10 12:00,10006,Test product 7 (smooth),Household,SALE,8,2.37,1.66,7
2025-07-10 13:00,10018,Test product 19 (smooth),Household,SALE,12,3.32,2.32,7
2025-07-10 13:00,10031,Test product 32 (seasonal),Drinks,SALE,4,7.4,5.18,7
2025-07-10 16:00,10019,Test product 20 (seasonal),Drinks,SALE,7,9.26,6.48,7
2025-07-10 16:00,10037,Test product 38 (seasonal),Snacks,SALE,6,4.46,3.12,7
2025-07-10 16:00,10037,Test product 38 (seasonal),Snacks,SALE,3,4.46,3.12,7
2025-07-10 17:00,10014,Test product 15 (growing),Household,SALE,2,5.58,3.91,7
2025-07-10 17:00,10037,Test product 38 (seasonal),Snacks,SALE,3,4.46,3.12,7
2025-07-11 08:00,10016,Test product 17 (intermittent),Stationery,SALE,6,3.53,2.47,7
2025-07-11 08:00,10024,Test product 25 (smooth),Stationery,SALE,11,5.15,3.6,7
2025-07-11 12:00,10013,Test product 14 (seasonal),Snacks,SALE,8,6.02,4.21,7
2025-07-11 12:00,10026,Test product 27 (growing),Household,SALE,1,7.9,5.53,7
2025-07-11 13:00,10014,Test product 15 (growing),Household,SALE,2,5.58,3.91,7
2025-07-11 14:00,10032,Test product 33 (growing),Stationery,SALE,6,5.47,3.83,7
2025-07-12 10:00,10000,Test product 1 (smooth),Stationery,SALE,12,8.26,5.78,7
2025-07-12 12:00,10019,Test product 20 (seasonal),Drinks,SALE,8,9.26,6.48,7
2025-07-12 12:00,10030,Test product 31 (smooth),Household,SALE,10,6.94,4.86,7
2025-07-12 13:00,10012,Test product 13 (smooth),Stationery,SALE,9,8.25,5.77,7
2025-07-12 13:00,10015,Test product 16 (declining),Drinks,SALE,3,10.3,7.21,7
2025-07-12 14:00,10032,Test product 33 (growing),Stationery,SALE,11,5.47,3.83,7
2025-07-12 17:00,10002,Test product 3 (growing),Household,SALE,17,3.2,2.24,7
2025-07-12 17:00,10031,Test product 32 (seasonal),Drinks,SALE,4,7.4,5.18,7
2025-07-14 00:00,10000,Test product 1 (smooth),Stationery,RESTOCK,114,5.78,5.78,7
2025-07-14 00:00,10015,Test product 16 (declining),Drinks,RESTOCK,50,7.21,7.21,7
2025-07-14 00:00,10020,Test product 21 (growing),Stationery,RESTOCK,166,6.06,6.06,7
2025-07-14 00:00,10035,Test product 36 (lumpy),Drinks,RESTOCK,34,5.68,5.68,7
2025-07-14 09:00,10002,Test product 3 (growing),Household,SALE,2,3.2,2.24,7
2025-07-14 09:00,10013,Test product 14 (seasonal),Snacks,SALE,5,6.02,4.21,7
2025-07-14 09:00,10024,Test product 25 (smooth),Stationery,SALE,23,5.15,3.6,7
2025-07-14 09:00,10026,Test product 27 (growing),Household,SALE,8,7.9,5.53,7
2025-07-14 09:00,10027,Test product 28 (declining),Drinks,SALE,25,4.32,3.02,7
2025-07-14 09:00,10036,Test product 37 (smooth),Stationery,SALE,6,2.81,1.97,7
2025-07-14 10:00,10002,Test product 3 (growing),Household,SALE,8,3.2,2.24,7
2025-07-14 11:00,10032,Test product 33 (growing),Stationery,SALE,31,5.47,3.83,7
2025-07-14 12:00,10015,Test product 16 (declining),Drinks,SALE,18,10.3,7.21,7
2025-07-14 12:00,10037,Test product 38 (seasonal),Snacks,SALE,19,4.46,3.12,7
2025-07-14 16:00,10007,Test product 8 (seasonal),Drinks,SALE,8,7.86,5.5,7
2025-07-14 16:00,10030,Test product 31 (smooth),Household,SALE,9,6.94,4.86,7
2025-07-14 17:00,10021,Test product 22 (declining),Snacks,SALE,17,9.47,6.63,7
2025-07-14 17:00,10025,Test product 26 (seasonal),Snacks,SALE,24,6.65,4.66,7
2025-07-15 09:00,10001,Test product 2 (seasonal),Snacks,SALE,2,3.68,2.58,7
2025-07-15 09:00,10006,Test product 7 (smooth),Household,SALE,15,2.37,1.66,7
2025-07-15 09:00,10008,Test product 9 (growing),Stationery,SALE,2,4.89,3.42,7
2025-07-15 11:00,10039,Test product 40 (declining),Drinks,SALE,2,0.75,0.52,7
2025-07-15 13:00,10013,Test product 14 (seasonal),Snacks,SALE,9,6.02,4.21,7
2025-07-15 13:00,10019,Test product 20 (seasonal),Drinks,SALE,2,9.26,6.48,7
2025-07-15 15:00,10014,Test product 15 (growing),Household,SALE,6,5.58,3.91,7
2025-07-15 16:00,10000,Test product 1 (smooth),Stationery,SALE,20,8.26,5.78,7
2025-07-15 16:00,10001,Test product 2 (seasonal),Snacks,SALE,10,3.68,2.58,7
2025-07-15 17:00,10002,Test product 3 (growing),Household,SALE,7,3.2,2.24,7
2025-07-15 17:00,10013,Test product 14 (seasonal),Snacks,SALE,9,6.02,4.21,7
2025-07-16 08:00,10003,Test product 4 (declining),Drinks,SALE,12,6.94,4.86,7
2025-07-16 12:00,10009,Test product 10 (declining),Snacks,SALE,14,7.37,5.16,7
2025-07-16 12:00,10039,Test product 40 (declining),Drinks,SALE,2,0.75,0.52,7
2025-07-16 13:00,10021,Test product 22 (declining),Snacks,SALE,16,9.47,6.63,7
2025-07-16 16:00,10038,Test product 39 (growing),Household,SALE,38,3.82,2.67,7
2025-07-17 10:00,10018,Test product 19 (smooth),Household,SALE,15,3.32,2.32,7
2025-07-17 13:00,10030,Test product 31 (smooth),Household,SALE,9,6.94,4.86,7
2025-07-17 14:00,10006,Test product 7 (smooth),Household,SALE,9,2.37,1.66,7
2025-07-17 15:00,10006,Test product 7 (smooth),Household,SALE,7,2.37,1.66,7
2025-07-17 15:00,10012,Test product 13 (smooth),Stationery,SALE,11,8.25,5.77,7
2025-07-17 16:00,10009,Test product 10 (declining),Snacks,SALE,9,7.37,5.16,7
2025-07-17 17:00,10001,Test product 2 (seasonal),Snacks,SALE,7,3.68,2.58,7
2025-07-17 17:00,10012,Test product 13 (smooth),Stationery,SALE,8,8.25,5.77,7
2025-07-18 08:00,10007,Test product 8 (seasonal),Drinks,SALE,10,7.86,5.5,7
2025-07-18 09:00,10026,Test product 27 (growing),Household,SALE,3,7.9,5.53,7
2025-07-18 10:00,10003,Test product 4 (declining),Drinks,SALE,8,6.94,4.86,7
2025-07-18 10:00,10020,Test product 21 (growing),Stationery,SALE,9,8.66,6.06,7
2025-07-18 10:00,10031,Test product 32 (seasonal),Drinks,SALE,6,7.4,5.18,7
2025-07-18 10:00,10036,Test product 37 (smooth),Stationery,SALE,11,2.81,1.97,7
2025-07-18 12:00,10019,Test product 20 (seasonal),Drinks,SALE,4,9.26,6.48,7
2025-07-18 13:00,10019,Test product 20 (seasonal),Drinks,SALE,10,9.26,6.48,7
2025-07-18 14:00,10030,Test product 31 (smooth),Household,SALE,5,6.94,4.86,7
2025-07-18 14:00,10036,Test product 37 (smooth),Stationery,SALE,10,2.81,1.97,7
2025-07-18 15:00,10005,Test product 6 (lumpy),Snacks,SALE,44,9.38,6.57,7
2025-07-18 15:00,10031,Test product 32 (seasonal),Drinks,SALE,1,7.4,5.18,7
2025-07-18 15:00,10033,Test product 34 (declining),Snacks,SALE,53,0.94,0.66,7
2025-07-18 16:00,10024,Test product 25 (smooth),Stationery,SALE,12,5.15,3.6,7
2025-07-18 17:00,10000,Test product 1 (smooth),Stationery,SALE,18,8.26,5.78,7
2025-07-19 10:00,10020,Test product 21 (growing),Stationery,SALE,9,8.66,6.06,7
2025-07-19 13:00,10014,Test product 15 (growing),Household,SALE,8,5.58,3.91,7
2025-07-19 14:00,10003,Test product 4 (declining),Drinks,SALE,11,6.94,4.86,7
2025-07-19 15:00,10020,Test product 21 (growing),Stationery,SALE,8,8.66,6.06,7
2025-07-19 15:00,10024,Test product 25 (smooth),Stationery,SALE,16,5.15,3.6,7
2025-07-21 00:00,10001,Test product 2 (seasonal),Snacks,RESTOCK,120,2.58,2.58,7
2025-07-21 00:00,10002,Test product 3 (growing),Household,RESTOCK,85,2.24,2.24,7
2025-07-21 00:00,10003,Test product 4 (declining),Drinks,RESTOCK,121,4.86,4.86,7
2025-07-21 00:00,10004,Test product 5 (intermittent),Stationery,RESTOCK,6,2.28,2.28,7
2025-07-21 00:00,10006,Test product 7 (smooth),Household,RESTOCK,117,1.66,1.66,7
2025-07-21 00:00,10007,Test product 8 (seasonal),Drinks,RESTOCK,113,5.5,5.5,7
2025-07-21 00:00,10008,Test product 9 (growing),Stationery,RESTOCK,45,3.42,3.42,7
2025-07-21 00:00,10009,Test product 10 (declining),Snacks,RESTOCK,91,5.16,5.16,7
2025-07-21 00:00,10011,Test product 12 (lumpy),Drinks,RESTOCK,42,1.7,1.7,7
2025-07-21 00:00,10012,Test product 13 (smooth),Stationery,RESTOCK,102,5.77,5.77,7
2025-07-21 00:00,10013,Test product 14 (seasonal),Snacks,RESTOCK,134,4.21,4.21,7
2025-07-21 00:00,10014,Test product 15 (growing),Household,RESTOCK,69,3.91,3.91,7
2025-07-21 00:00,10016,Test product 17 (intermittent),Stationery,RESTOCK,9,2.47,2.47,7
2025-07-21 00:00,10017,Test product 18 (lumpy),Snacks,RESTOCK,36,0.69,0.69,7
2025-07-21 00:00,10018,Test product 19 (smooth),Household,RESTOCK,78,2.32,2.32,7
2025-07-21 00:00,10019,Test product 20 (seasonal),Drinks,RESTOCK,91,6.48,6.48,7
2025-07-21 00:00,10021,Test product 22 (declining),Snacks,RESTOCK,91,6.63,6.63,7
2025-07-21 00:00,10022,Test product 23 (intermittent),Household,RESTOCK,9,7.14,7.14,7
2025-07-21 00:00,10023,Test product 24 (lumpy),Drinks,RESTOCK,22,2.75,2.75,7
2025-07-21 00:00,10024,Test product 25 (smooth),Stationery,RESTOCK,153,3.6,3.6,7
2025-07-21 00:00,10025,Test product 26 (seasonal),Snacks,RESTOCK,110,4.66,4.66,7
2025-07-21 00:00,10026,Test product 27 (growing),Household,RESTOCK,51,5.53,5.53,7
2025-07-21 00:00,10027,Test product 28 (declining),Drinks,RESTOCK,96,3.02,3.02,7
2025-07-21 00:00,10028,Test product 29 (intermittent),Stationery,RESTOCK,7,3.79,3.79,7
2025-07-21 00:00,10029,Test product 30 (lumpy),Snacks,RESTOCK,19,6.69,6.69,7
2025-07-21 00:00,10030,Test product 31 (smooth),Household,RESTOCK,110,4.86,4.86,7
2025-07-21 00:00,10031,Test product 32 (seasonal),Drinks,RESTOCK,54,5.18,5.18,7
2025-07-21 00:00,10032,Test product 33 (growing),Stationery,RESTOCK,138,3.83,3.83,7
2025-07-21 00:00,10033,Test product 34 (declining),Snacks,RESTOCK,154,0.66,0.66,7
2025-07-21 00:00,10034,Test product 35 (intermittent),Household,RESTOCK,7,1.11,1.11,7
2025-07-21 00:00,10036,Test product 37 (smooth),Stationery,RESTOCK,111,1.97,1.97,7
2025-07-21 00:00,10037,Test product 38 (seasonal),Snacks,RESTOCK,66,3.12,3.12,7
2025-07-21 00:00,10038,Test product 39 (growing),Household,RESTOCK,192,2.67,2.67,7
2025-07-21 00:00,10039,Test product 40 (declining),Drinks,RESTOCK,34,0.52,0.52,7
2025-07-21 09:00,10025,Test product 26 (seasonal),Snacks,SALE,13,6.65,4.66,7
2025-07-21 11:00,10001,Test product 2 (seasonal),Snacks,SALE,8,3.68,2.58,7
2025-07-21 11:00,10021,Test product 22 (declining),Snacks,SALE,15,9.47,6.63,7
2025-07-21 13:00,10009,Test product 10 (declining),Snacks,SALE,9,7.37,5.16,7
2025-07-21 15:00,10002,Test product 3 (growing),Household,SALE,6,3.2,2.24,7
2025-07-21 16:00,10021,Test product 22 (declining),Snacks,SALE,8,9.47,6.63,7
2025-07-22 08:00,10013,Test product 14 (seasonal),Snacks,SALE,15,6.02,4.21,7
2025-07-22 11:00,10030,Test product 31 (smooth),Household,SALE,23,6.94,4.86,7
2025-07-22 12:00,10001,Test product 2 (seasonal),Snacks,SALE,7,3.68,2.58,7
2025-07-22 12:00,10008,Test product 9 (growing),Stationery,SALE,2,4.89,3.42,7
2025-07-22 13:00,10032,Test product 33 (growing),Stationery,SALE,32,5.47,3.83,7
2025-07-22 16:00,10015,Test product 16 (declining),Drinks,SALE,8,10.3,7.21,7
2025-07-23 08:00,10008,Test product 9 (growing),Stationery,SALE,2,4.89,3.42,7
2025-07-23 09:00,10006,Test product 7 (smooth),Household,SALE,32,2.37,1.66,7
2025-07-23 09:00,10018,Test product 19 (smooth),Household,SALE,9,3.32,2.32,7
2025-07-23 09:00,10037,Test product 38 (seasonal),Snacks,SALE,7,4.46,3.12,7
2025-07-23 12:00,10009,Test product 10 (declining),Snacks,SALE,10,7.37,5.16,7
2025-07-23 14:00,10038,Test product 39 (growing),Household,SALE,46,3.82,2.67,7
2025-07-23 15:00,10036,Test product 37 (smooth),Stationery,SALE,19,2.81,1.97,7
2025-07-23 15:00,10037,Test product 38 (seasonal),Snacks,SALE,7,4.46,3.12,7
2025-07-23 16:00,10000,Test product 1 (smooth),Stationery,SALE,6,8.26,5.78,7
2025-07-23 16:00,10003,Test product 4 (declining),Drinks,SALE,47,6.94,4.86,7
2025-07-23 17:00,10021,Test product 22 (declining),Snacks,SALE,7,9.47,6.63,7
2025-07-23 17:00,10024,Test product 25 (smooth),Stationery,SALE,15,5.15,3.6,7
2025-07-24 08:00,10007,Test product 8 (seasonal),Drinks,SALE,19,7.86,5.5,7
2025-07-24 08:00,10019,Test product 20 (seasonal),Drinks,SALE,5,9.26,6.48,7
2025-07-24 09:00,10012,Test product 13 (smooth),Stationery,SALE,27,8.25,5.77,7
2025-07-24 09:00,10039,Test product 40 (declining),Drinks,SALE,4,0.75,0.52,7
2025-07-24 11:00,10002,Test product 3 (growing),Household,SALE,4,3.2,2.24,7
2025-07-24 12:00,10019,Test product 20 (seasonal),Drinks,SALE,7,9.26,6.48,7
2025-07-24 13:00,10000,Test product 1 (smooth),Stationery,SALE,9,8.26,5.78,7
2025-07-24 13:00,10027,Test product 28 (declining),Drinks,SALE,27,4.32,3.02,7
2025-07-24 14:00,10009,Test product 10 (declining),Snacks,SALE,14,7.37,5.16,7
2025-07-24 15:00,10015,Test product 16 (declining),Drinks,SALE,8,10.3,7.21,7
2025-07-24 15:00,10019,Test product 20 (seasonal),Drinks,SALE,5,9.26,6.48,7
2025-07-24 15:00,10039,Test product 40 (declining),Drinks,SALE,6,0.75,0.52,7
2025-07-25 08:00,10020,Test product 21 (growing),Stationery,SALE,20,8.66,6.06,7
2025-07-25 09:00,10031,Test product 32 (seasonal),Drinks,SALE,1,7.4,5.18,7
2025-07-25 11:00,10013,Test product 14 (seasonal),Snacks,SALE,21,6.02,4.21,7
2025-07-25 11:00,10014,Test product 15 (growing),Household,SALE,6,5.58,3.91,7
2025-07-25 11:00,10026,Test product 27 (growing),Household,SALE,10,7.9,5.53,7
2025-07-25 12:00,10000,Test product 1 (smooth),Stationery,SALE,9,8.26,5.78,7
2025-07-25 13:00,10031,Test product 32 (seasonal),Drinks,SALE,3,7.4,5.18,7
2025-07-25 14:00,10022,Test product 23 (intermittent),Household,SALE,3,10.2,7.14,7
2025-07-25 16:00,10018,Test product 19 (smooth),Household,SALE,10,3.32,2.32,7
2025-07-26 11:00,10008,Test product 9 (growing),Stationery,SALE,4,4.89,3.42,7
2025-07-26 11:00,10033,Test product 34 (declining),Snacks,SALE,34,0.94,0.66,7
2025-07-26 11:00,10039,Test product 40 (declining),Drinks,SALE,2,0.75,0.52,7
2025-07-26 13:00,10001,Test product 2 (seasonal),Snacks,SALE,5,3.68,2.58,7
2025-07-26 14:00,10024,Test product 25 (smooth),Stationery,SALE,17,5.15,3.6,7
2025-07-26 14:00,10031,Test product 32 (seasonal),Drinks,SALE,4,7.4,5.18,7
2025-07-26 15:00,10002,Test product 3 (growing),Household,SALE,4,3.2,2.24,7
2025-07-28 00:00,10010,Test product 11 (intermittent),Household,RESTOCK,6,7.35,7.35,7
2025-07-28 09:00,10032,Test product 33 (growing),Stationery,SALE,12,5.47,3.83,7
2025-07-28 10:00,10015,Test product 16 (declining),Drinks,SALE,8,10.3,7.21,7
2025-07-28 10:00,10033,Test product 34 (declining),Snacks,SALE,20,0.94,0.66,7
2025-07-28 15:00,10003,Test product 4 (declining),Drinks,SALE,15,6.94,4.86,7
2025-07-28 16:00,10027,Test product 28 (declining),Drinks,SALE,14,4.32,3.02,7
2025-07-28 16:00,10039,Test product 40 (declining),Drinks,SALE,2,0.75,0.52,7
2025-07-28 17:00,10000,Test product 1 (smooth),Stationery,SALE,9,8.26,5.78,7
2025-07-28 17:00,10008,Test product 9 (growing),Stationery,SALE,2,4.89,3.42,7
2025-07-29 08:00,10016,Test product 17 (intermittent),Stationery,SALE,1,3.53,2.47,7
2025-07-29 09:00,10013,Test product 14 (seasonal),Snacks,SALE,8,6.02,4.21,7
2025-07-29 09:00,10032,Test product 33 (growing),Stationery,SALE,15,5.47,3.83,7
2025-07-29 11:00,10019,Test product 20 (seasonal),Drinks,SALE,9,9.26,6.48,7
2025-07-29 13:00,10037,Test product 38 (seasonal),Snacks,SALE,7,4.46,3.12,7
2025-07-29 15:00,10003,Test product 4 (declining),Drinks,SALE,9,6.94,4.86,7
2025-07-29 15:00,10027,Test product 28 (declining),Drinks,SALE,13,4.32,3.02,7
2025-07-29 16:00,10006,Test product 7 (smooth),Household,SALE,18,2.37,1.66,7
2025-07-29 16:00,10034,Test product 35 (intermittent),Household,SALE,1,1.59,1.11,7
2025-07-30 08:00,10002,Test product 3 (growing),Household,SALE,5,3.2,2.24,7
2025-07-30 08:00,10038,Test product 39 (growing),Household,SALE,11,3.82,2.67,7
2025-07-30 09:00,10003,Test product 4 (declining),Drinks,SALE,11,6.94,4.86,7
2025-07-30 09:00,10020,Test product 21 (growing),Stationery,SALE,22,8.66,6.06,7
2025-07-30 09:00,10026,Test product 27 (growing),Household,SALE,9,7.9,5.53,7
2025-07-30 09:00,10034,Test product 35 (intermittent),Household,SALE,1,1.59,1.11,7
2025-07-30 10:00,10030,Test product 31 (smooth),Household,SALE,6,6.94,4.86,7
2025-07-30 11:00,10021,Test product 22 (declining),Snacks,SALE,10,9.47,6.63,7
2025-07-30 13:00,10002,Test product 3 (growing),Household,SALE,7,3.2,2.24,7
2025-07-30 13:00,10038,Test product 39 (growing),Household,SALE,19,3.82,2.67,7
2025-07-30 14:00,10007,Test product 8 (seasonal),Drinks,SALE,9,7.86,5.5,7
2025-07-30 14:00,10021,Test product 22 (declining),Snacks,SALE,12,9.47,6.63,7
2025-07-30 16:00,10018,Test product 19 (smooth),Household,SALE,4,3.32,2.32,7
2025-07-31 08:00,10018,Test product 19 (smooth),Household,SALE,4,3.32,2.32,7
2025-07-31 08:00,10036,Test product 37 (smooth),Stationery,SALE,20,2.81,1.97,7
2025-07-31 09:00,10025,Test product 26 (seasonal),Snacks,SALE,3,6.65,4.66,7
2025-07-31 11:00,10001,Test product 2 (seasonal),Snacks,SALE,8,3.68,2.58,7
2025-07-31 11:00,10031,Test product 32 (seasonal),Drinks,SALE,5,7.4,5.18,7
2025-07-31 12:00,10015,Test product 16 (declining),Drinks,SALE,8,10.3,7.21,7
2025-07-31 12:00,10019,Test product 20 (seasonal),Drinks,SALE,8,9.26,6.48,7
2025-07-31 15:00,10009,Test product 10 (declining),Snacks,SALE,14,7.37,5.16,7
2025-07-31 15:00,10012,Test product 13 (smooth),Stationery,SALE,28,8.25,5.77,7
2025-07-31 17:00,10025,Test product 26 (seasonal),Snacks,SALE,7,6.65,4.66,7
2025-07-31 17:00,10026,Test product 27 (growing),Household,SALE,5,7.9,5.53,7
2025-07-31 17:00,10031,Test product 32 (seasonal),Drinks,SALE,5,7.4,5.18,7
2025-07-31 17:00,10038,Test product 39 (growing),Household,SALE,7,3.82,2.67,7
2025-08-01 10:00,10015,Test product 16 (declining),Drinks,SALE,7,10.3,7.21,7
2025-08-01 10:00,10016,Test product 17 (intermittent),Stationery,SALE,1,3.53,2.47,7
2025-08-01 10:00,10025,Test product 26 (seasonal),Snacks,SALE,7,6.65,4.66,7
2025-08-01 12:00,10000,Test product 1 (smooth),Stationery,SALE,10,8.26,5.78,7
2025-08-01 12:00,10021,Test product 22 (declining),Snacks,SALE,12,9.47,6.63,7
2025-08-01 12:00,10030,Test product 31 (smooth),Household,SALE,6,6.94,4.86,7
2025-08-01 13:00,10006,Test product 7 (smooth),Household,SALE,9,2.37,1.66,7
2025-08-01 13:00,10007,Test product 8 (seasonal),Drinks,SALE,9,7.86,5.5,7
2025-08-01 15:00,10039,Test product 40 (declining),Drinks,SALE,8,0.75,0.52,7
2025-08-01 16:00,10033,Test product 34 (declining),Snacks,SALE,20,0.94,0.66,7
2025-08-01 16:00,10037,Test product 38 (seasonal),Snacks,SALE,4,4.46,3.12,7
2025-08-01 17:00,10014,Test product 15 (growing),Household,SALE,8,5.58,3.91,7
2025-08-01 17:00,10027,Test product 28 (declining),Drinks,SALE,8,4.32,3.02,7
2025-08-01 17:00,10030,Test product 31 (smooth),Household,SALE,8,6.94,4.86,7
2025-08-02 08:00,10000,Test product 1 (smooth),Stationery,SALE,4,8.26,5.78,7
2025-08-02 08:00,10018,Test product 19 (smooth),Household,SALE,5,3.32,2.32,7
2025-08-02 10:00,10014,Test product 15 (growing),Household,SALE,7,5.58,3.91,7
2025-08-02 12:00,10024,Test product 25 (smooth),Stationery,SALE,33,5.15,3.6,7
2025-08-02 13:00,10008,Test product 9 (growing),Stationery,SALE,3,4.89,3.42,7
2025-08-02 13:00,10009,Test product 10 (declining),Snacks,SALE,9,7.37,5.16,7
2025-08-02 14:00,10001,Test product 2 (seasonal),Snacks,SALE,5,3.68,2.58,7
2025-08-02 15:00,10013,Test product 14 (seasonal),Snacks,SALE,10,6.02,4.21,7
2025-08-02 17:00,10007,Test product 8 (seasonal),Drinks,SALE,5,7.86,5.5,7
2025-08-04 00:00,10005,Test product 6 (lumpy),Snacks,RESTOCK,42,6.57,6.57,7
2025-08-04 08:00,10017,Test product 18 (lumpy),Snacks,SALE,75,0.98,0.69,7
2025-08-04 09:00,10024,Test product 25 (smooth),Stationery,SALE,10,5.15,3.6,7
2025-08-04 11:00,10020,Test product 21 (growing),Stationery,SALE,15,8.66,6.06,7
2025-08-04 14:00,10018,Test product 19 (smooth),Household,SALE,3,3.32,2.32,7
2025-08-04 14:00,10024,Test product 25 (smooth),Stationery,SALE,5,5.15,3.6,7
2025-08-04 15:00,10024,Test product 25 (smooth),Stationery,SALE,11,5.15,3.6,7
2025-08-04 16:00,10012,Test product 13 (smooth),Stationery,SALE,6,8.25,5.77,7
2025-08-05 08:00,10002,Test product 3 (growing),Household,SALE,16,3.2,2.24,7
2025-08-05 08:00,10026,Test product 27 (growing),Household,SALE,1,7.9,5.53,7
2025-08-05 09:00,10013,Test product 14 (seasonal),Snacks,SALE,30,6.02,4.21,7
2025-08-05 09:00,10019,Test product 20 (seasonal),Drinks,SALE,8,9.26,6.48,7
2025-08-05 11:00,10021,Test product 22 (declining),Snacks,SALE,11,9.47,6.63,7
2025-08-05 12:00,10003,Test product 4 (declining),Drinks,SALE,17,6.94,4.86,7
2025-08-05 13:00,10027,Test product 28 (declining),Drinks,SALE,12,4.32,3.02,7
2025-08-05 14:00,10014,Test product 15 (growing),Household,SALE,1,5.58,3.91,7
2025-08-05 14:00,10021,Test product 22 (declining),Snacks,SALE,17,9.47,6.63,7
2025-08-05 16:00,10032,Test product 33 (growing),Stationery,SALE,18,5.47,3.83,7
2025-08-06 08:00,10009,Test product 10 (declining),Snacks,SALE,17,7.37,5.16,7
2025-08-06 11:00,10015,Test product 16 (declining),Drinks,SALE,6,10.3,7.21,7
2025-08-06 11:00,10027,Test product 28 (declining),Drinks,SALE,21,4.32,3.02,7
2025-08-06 12:00,10015,Test product 16 (declining),Drinks,SALE,5,10.3,7.21,7
2025-08-06 12:00,10039,Test product 40 (declining),Drinks,SALE,5,0.75,0.52,7
2025-08-06 13:00,10019,Test product 20 (seasonal),Drinks,SALE,7,9.26,6.48,7
2025-08-06 14:00,10007,Test product 8 (seasonal),Drinks,SALE,22,7.86,5.5,7
2025-08-06 14:00,10025,Test product 26 (seasonal),Snacks,SALE,10,6.65,4.66,7
2025-08-06 15:00,10012,Test product 13 (smooth),Stationery,SALE,9,8.25,5.77,7
2025-08-06 15:00,10025,Test product 26 (seasonal),Snacks,SALE,3,6.65,4.66,7
2025-08-06 15:00,10033,Test product 34 (declining),Snacks,SALE,18,0.94,0.66,7
2025-08-06 15:00,10036,Test product 37 (smooth),Stationery,SALE,29,2.81,1.97,7
2025-08-06 16:00,10033,Test product 34 (declining),Snacks,SALE,19,0.94,0.66,7
2025-08-07 08:00,10001,Test product 2 (seasonal),Snacks,SALE,17,3.68,2.58,7
2025-08-07 08:00,10008,Test product 9 (growing),Stationery,SALE,2,4.89,3.42,7
2025-08-07 09:00,10030,Test product 31 (smooth),Household,SALE,15,6.94,4.86,7
2025-08-07 11:00,10009,Test product 10 (declining),Snacks,SALE,7,7.37,5.16,7
2025-08-07 11:00,10034,Test product 35 (intermittent),Household,SALE,4,1.59,1.11,7
2025-08-07 15:00,10003,Test product 4 (declining),Drinks,SALE,30,6.94,4.86,7
2025-08-07 15:00,10034,Test product 35 (intermittent),Household,SALE,1,1.59,1.11,7
2025-08-07 15:00,10039,Test product 40 (declining),Drinks,SALE,6,0.75,0.52,7
2025-08-07 16:00,10010,Test product 11 (intermittent),Household,SALE,2,10.5,7.35,7
2025-08-07 16:00,10026,Test product 27 (growing),Household,SALE,6,7.9,5.53,7
2025-08-07 16:00,10033,Test product 34 (declining),Snacks,SALE,12,0.94,0.66,7
2025-08-08 09:00,10032,Test product 33 (growing),Stationery,SALE,14,5.47,3.83,7
2025-08-08 09:00,10038,Test product 39 (growing),Household,SALE,16,3.82,2.67,7
2025-08-08 11:00,10019,Test product 20 (seasonal),Drinks,SALE,8,9.26,6.48,7
2025-08-08 13:00,10020,Test product 21 (growing),Stationery,SALE,12,8.66,6.06,7
2025-08-08 15:00,10000,Test product 1 (smooth),Stationery,SALE,14,8.26,5.78,7
2025-08-08 15:00,10006,Test product 7 (smooth),Household,SALE,10,2.37,1.66,7
2025-08-08 15:00,10008,Test product 9 (growing),Stationery,SALE,2,4.89,3.42,7
2025-08-08 15:00,10010,Test product 11 (intermittent),Household,SALE,2,10.5,7.35,7
2025-08-09 08:00,10012,Test product 13 (smooth),Stationery,SALE,8,8.25,5.77,7
2025-08-09 08:00,10015,Test product 16 (declining),Drinks,SALE,5,10.3,7.21,7
2025-08-09 09:00,10008,Test product 9 (growing),Stationery,SALE,3,4.89,3.42,7
2025-08-09 09:00,10014,Test product 15 (growing),Household,SALE,5,5.58,3.91,7
2025-08-09 10:00,10000,Test product 1 (smooth),Stationery,SALE,17,8.26,5.78,7
2025-08-09 10:00,10037,Test product 38 (seasonal),Snacks,SALE,12,4.46,3.12,7
2025-08-09 11:00,10018,Test product 19 (smooth),Household,SALE,8,3.32,2.32,7
2025-08-09 11:00,10030,Test product 31 (smooth),Household,SALE,12,6.94,4.86,7
2025-08-09 13:00,10014,Test product 15 (growing),Household,SALE,5,5.58,3.91,7
2025-08-09 13:00,10018,Test product 19 (smooth),Household,SALE,8,3.32,2.32,7
2025-08-09 14:00,10006,Test product 7 (smooth),Household,SALE,16,2.37,1.66,7
2025-08-09 15:00,10031,Test product 32 (seasonal),Drinks,SALE,8,7.4,5.18,7
2025-08-09 15:00,10038,Test product 39 (growing),Household,SALE,14,3.82,2.67,7
2025-08-09 17:00,10025,Test product 26 (seasonal),Snacks,SALE,7,6.65,4.66,7
2025-08-11 00:00,10000,Test product 1 (smooth),Stationery,RESTOCK,98,5.78,5.78,7
2025-08-11 00:00,10015,Test product 16 (declining),Drinks,RESTOCK,50,7.21,7.21,7
2025-08-11 00:00,10020,Test product 21 (growing),Stationery,RESTOCK,127,6.06,6.06,7
2025-08-11 00:00,10035,Test product 36 (lumpy),Drinks,RESTOCK,30,5.68,5.68,7
2025-08-11 08:00,10036,Test product 37 (smooth),Stationery,SALE,6,2.81,1.97,7
2025-08-11 09:00,10000,Test product 1 (smooth),Stationery,SALE,10,8.26,5.78,7
2025-08-11 09:00,10009,Test product 10 (declining),Snacks,SALE,9,7.37,5.16,7
2025-08-11 09:00,10020,Test product 21 (growing),Stationery,SALE,15,8.66,6.06,7
2025-08-11 10:00,10013,Test product 14 (seasonal),Snacks,SALE,8,6.02,4.21,7
2025-08-11 10:00,10027,Test product 28 (declining),Drinks,SALE,17,4.32,3.02,7
2025-08-11 11:00,10001,Test product 2 (seasonal),Snacks,SALE,1,3.68,2.58,7
2025-08-11 11:00,10004,Test product 5 (intermittent),Stationery,SALE,1,3.26,2.28,7
2025-08-11 11:00,10035,Test product 36 (lumpy),Drinks,SALE,20,8.11,5.68,7
2025-08-11 12:00,10007,Test product 8 (seasonal),Drinks,SALE,2,7.86,5.5,7
2025-08-11 12:00,10021,Test product 22 (declining),Snacks,SALE,13,9.47,6.63,7
2025-08-11 13:00,10031,Test product 32 (seasonal),Drinks,SALE,3,7.4,5.18,7
2025-08-11 14:00,10014,Test product 15 (growing),Household,SALE,1,5.58,3.91,7
2025-08-11 14:00,10025,Test product 26 (seasonal),Snacks,SALE,8,6.65,4.66,7
2025-08-11 17:00,10012,Test product 13 (smooth),Stationery,SALE,11,8.25,5.77,7
2025-08-11 17:00,10036,Test product 37 (smooth),Stationery,SALE,8,2.81,1.97,7
2025-08-12 09:00,10038,Test product 39 (growing),Household,SALE,35,3.82,2.67,7
2025-08-12 10:00,10019,Test product 20 (seasonal),Drinks,SALE,8,9.26,6.48,7
2025-08-12 11:00,10015,Test product 16 (declining),Drinks,SALE,3,10.3,7.21,7
2025-08-12 12:00,10001,Test product 2 (seasonal),Snacks,SALE,8,3.68,2.58,7
2025-08-12 13:00,10006,Test product 7 (smooth),Household,SALE,25,2.37,1.66,7
2025-08-12 13:00,10035,Test product 36 (lumpy),Drinks,SALE,33,8.11,5.68,7
2025-08-12 15:00,10033,Test product 34 (declining),Snacks,SALE,19,0.94,0.66,7
2025-08-12 16:00,10007,Test product 8 (seasonal),Drinks,SALE,13,7.86,5.5,7
2025-08-12 16:00,10014,Test product 15 (growing),Household,SALE,3,5.58,3.91,7
2025-08-12 17:00,10026,Test product 27 (growing),Household,SALE,3,7.9,5.53,7
2025-08-12 17:00,10033,Test product 34 (declining),Snacks,SALE,24,0.94,0.66,7
2025-08-13 10:00,10037,Test product 38 (seasonal),Snacks,SALE,8,4.46,3.12,7
2025-08-13 12:00,10008,Test product 9 (growing),Stationery,SALE,6,4.89,3.42,7
2025-08-13 12:00,10012,Test product 13 (smooth),Stationery,SALE,10,8.25,5.77,7
2025-08-13 12:00,10013,Test product 14 (seasonal),Snacks,SALE,8,6.02,4.21,7
2025-08-13 12:00,10015,Test product 16 (declining),Drinks,SALE,8,10.3,7.21,7
2025-08-13 14:00,10025,Test product 26 (seasonal),Snacks,SALE,7,6.65,4.66,7
2025-08-13 15:00,10000,Test product 1 (smooth),Stationery,SALE,6,8.26,5.78,7
2025-08-13 15:00,10009,Test product 10 (declining),Snacks,SALE,8,7.37,5.16,7
2025-08-13 15:00,10019,Test product 20 (seasonal),Drinks,SALE,3,9.26,6.48,7
2025-08-13 15:00,10030,Test product 31 (smooth),Household,SALE,10,6.94,4.86,7
2025-08-13 15:00,10032,Test product 33 (growing),Stationery,SALE,10,5.47,3.83,7
2025-08-13 17:00,10026,Test product 27 (growing),Household,SALE,3,7.9,5.53,7
2025-08-14 09:00,10027,Test product 28 (declining),Drinks,SALE,13,4.32,3.02,7
2025-08-14 10:00,10004,Test product 5 (intermittent),Stationery,SALE,1,3.26,2.28,7
2025-08-14 10:00,10037,Test product 38 (seasonal),Snacks,SALE,7,4.46,3.12,7
2025-08-14 11:00,10032,Test product 33 (growing),Stationery,SALE,12,5.47,3.83,7
2025-08-14 12:00,10003,Test product 4 (declining),Drinks,SALE,37,6.94,4.86,7
2025-08-14 14:00,10036,Test product 37 (smooth),Stationery,SALE,9,2.81,1.97,7
2025-08-15 08:00,10008,Test product 9 (growing),Stationery,SALE,4,4.89,3.42,7
2025-08-15 08:00,10015,Test product 16 (declining),Drinks,SALE,2,10.3,7.21,7
2025-08-15 08:00,10031,Test product 32 (seasonal),Drinks,SALE,1,7.4,5.18,7
2025-08-15 08:00,10039,Test product 40 (declining),Drinks,SALE,14,0.75,0.52,7
2025-08-15 09:00,10030,Test product 31 (smooth),Household,SALE,8,6.94,4.86,7
2025-08-15 10:00,10025,Test product 26 (seasonal),Snacks,SALE,16,6.65,4.66,7
2025-08-15 12:00,10000,Test product 1 (smooth),Stationery,SALE,4,8.26,5.78,7
2025-08-15 12:00,10028,Test product 29 (intermittent),Stationery,SALE,1,5.41,3.79,7
2025-08-15 12:00,10031,Test product 32 (seasonal),Drinks,SALE,7,7.4,5.18,7
2025-08-15 12:00,10032,Test product 33 (growing),Stationery,SALE,3,5.47,3.83,7
2025-08-15 13:00,10024,Test product 25 (smooth),Stationery,SALE,16,5.15,3.6,7
2025-08-15 14:00,10013,Test product 14 (seasonal),Snacks,SALE,4,6.02,4.21,7
2025-08-15 14:00,10018,Test product 19 (smooth),Household,SALE,24,3.32,2.32,7
2025-08-15 15:00,10002,Test product 3 (growing),Household,SALE,5,3.2,2.24,7
2025-08-15 15:00,10030,Test product 31 (smooth),Household,SALE,8,6.94,4.86,7
2025-08-15 16:00,10026,Test product 27 (growing),Household,SALE,3,7.9,5.53,7
2025-08-15 17:00,10037,Test product 38 (seasonal),Snacks,SALE,5,4.46,3.12,7
2025-08-16 09:00,10009,Test product 10 (declining),Snacks,SALE,9,7.37,5.16,7
2025-08-16 10:00,10002,Test product 3 (growing),Household,SALE,5,3.2,2.24,7
2025-08-16 10:00,10020,Test product 21 (growing),Stationery,SALE,18,8.66,6.06,7
2025-08-16 11:00,10024,Test product 25 (smooth),Stationery,SALE,18,5.15,3.6,7
2025-08-16 12:00,10007,Test product 8 (seasonal),Drinks,SALE,4,7.86,5.5,7
2025-08-16 12:00,10019,Test product 20 (seasonal),Drinks,SALE,6,9.26,6.48,7
2025-08-16 13:00,10021,Test product 22 (declining),Snacks,SALE,13,9.47,6.63,7
2025-08-16 14:00,10001,Test product 2 (seasonal),Snacks,SALE,2,3.68,2.58,7
2025-08-16 15:00,10014,Test product 15 (growing),Household,SALE,3,5.58,3.91,7
2025-08-16 16:00,10002,Test product 3 (growing),Household,SALE,8,3.2,2.24,7
2025-08-18 00:00,10001,Test product 2 (seasonal),Snacks,RESTOCK,97,2.58,2.58,7
2025-08-18 00:00,10002,Test product 3 (growing),Household,RESTOCK,99,2.24,2.24,7
2025-08-18 00:00,10003,Test product 4 (declining),Drinks,RESTOCK,156,4.86,4.86,7
2025-08-18 00:00,10004,Test product 5 (intermittent),Stationery,RESTOCK,7,2.28,2.28,7
2025-08-18 00:00,10006,Test product 7 (smooth),Household,RESTOCK,110,1.66,1.66,7
2025-08-18 00:00,10007,Test product 8 (seasonal),Drinks,RESTOCK,125,5.5,5.5,7
2025-08-18 00:00,10008,Test product 9 (growing),Stationery,RESTOCK,49,3.42,3.42,7
2025-08-18 00:00,10009,Test product 10 (declining),Snacks,RESTOCK,87,5.16,5.16,7
2025-08-18 00:00,10011,Test product 12 (lumpy),Drinks,RESTOCK,34,1.7,1.7,7
2025-08-18 00:00,10012,Test product 13 (smooth),Stationery,RESTOCK,99,5.77,5.77,7
2025-08-18 00:00,10013,Test product 14 (seasonal),Snacks,RESTOCK,126,4.21,4.21,7
2025-08-18 00:00,10014,Test product 15 (growing),Household,RESTOCK,60,3.91,3.91,7
2025-08-18 00:00,10016,Test product 17 (intermittent),Stationery,RESTOCK,9,2.47,2.47,7
2025-08-18 00:00,10017,Test product 18 (lumpy),Snacks,RESTOCK,44,0.69,0.69,7
2025-08-18 00:00,10018,Test product 19 (smooth),Household,RESTOCK,67,2.32,2.32,7
2025-08-18 00:00,10019,Test product 20 (seasonal),Drinks,RESTOCK,86,6.48,6.48,7
2025-08-18 00:00,10021,Test product 22 (declining),Snacks,RESTOCK,92,6.63,6.63,7
2025-08-18 00:00,10022,Test product 23 (intermittent),Household,RESTOCK,8,7.14,7.14,7
2025-08-18 00:00,10023,Test product 24 (lumpy),Drinks,RESTOCK,21,2.75,2.75,7
2025-08-18 00:00,10024,Test product 25 (smooth),Stationery,RESTOCK,153,3.6,3.6,7
2025-08-18 00:00,10025,Test product 26 (seasonal),Snacks,RESTOCK,108,4.66,4.66,7
2025-08-18 00:00,10026,Test product 27 (growing),Household,RESTOCK,57,5.53,5.53,7
2025-08-18 00:00,10027,Test product 28 (declining),Drinks,RESTOCK,89,3.02,3.02,7
2025-08-18 00:00,10028,Test product 29 (intermittent),Stationery,RESTOCK,8,3.79,3.79,7
2025-08-18 00:00,10029,Test product 30 (lumpy),Snacks,RESTOCK,23,6.69,6.69,7
2025-08-18 00:00,10030,Test product 31 (smooth),Household,RESTOCK,116,4.86,4.86,7
2025-08-18 00:00,10031,Test product 32 (seasonal),Drinks,RESTOCK,64,5.18,5.18,7
2025-08-18 00:00,10032,Test product 33 (growing),Stationery,RESTOCK,145,3.83,3.83,7
2025-08-18 00:00,10033,Test product 34 (declining),Snacks,RESTOCK,136,0.66,0.66,7
2025-08-18 00:00,10034,Test product 35 (intermittent),Household,RESTOCK,6,1.11,1.11,7
2025-08-18 00:00,10036,Test product 37 (smooth),Stationery,RESTOCK,114,1.97,1.97,7
2025-08-18 00:00,10037,Test product 38 (seasonal),Snacks,RESTOCK,62,3.12,3.12,7
2025-08-18 00:00,10038,Test product 39 (growing),Household,RESTOCK,166,2.67,2.67,7
2025-08-18 00:00,10039,Test product 40 (declining),Drinks,RESTOCK,35,0.52,0.52,7
2025-08-18 08:00,10017,Test product 18 (lumpy),Snacks,SALE,48,0.98,0.69,7
2025-08-18 08:00,10027,Test product 28 (declining),Drinks,SALE,7,4.32,3.02,7
2025-08-18 08:00,10033,Test product 34 (declining),Snacks,SALE,17,0.94,0.66,7
2025-08-18 09:00,10005,Test product 6 (lumpy),Snacks,SALE,50,9.38,6.57,7
2025-08-18 09:00,10028,Test product 29 (intermittent),Stationery,SALE,2,5.41,3.79,7
2025-08-18 10:00,10005,Test product 6 (lumpy),Snacks,SALE,42,9.38,6.57,7
2025-08-18 11:00,10019,Test product 20 (seasonal),Drinks,SALE,5,9.26,6.48,7
2025-08-18 11:00,10031,Test product 32 (seasonal),Drinks,SALE,4,7.4,5.18,7
2025-08-18 11:00,10037,Test product 38 (seasonal),Snacks,SALE,9,4.46,3.12,7
2025-08-18 13:00,10012,Test product 13 (smooth),Stationery,SALE,24,8.25,5.77,7
2025-08-18 13:00,10015,Test product 16 (declining),Drinks,SALE,7,10.3,7.21,7
2025-08-18 14:00,10000,Test product 1 (smooth),Stationery,SALE,20,8.26,5.78,7
2025-08-18 14:00,10009,Test product 10 (declining),Snacks,SALE,6,7.37,5.16,7
2025-08-18 17:00,10003,Test product 4 (declining),Drinks,SALE,39,6.94,4.86,7
2025-08-19 08:00,10027,Test product 28 (declining),Drinks,SALE,4,4.32,3.02,7
2025-08-19 09:00,10038,Test product 39 (growing),Household,SALE,15,3.82,2.67,7
2025-08-19 10:00,10030,Test product 31 (smooth),Household,SALE,32,6.94,4.86,7
2025-08-19 11:00,10001,Test product 2 (seasonal),Snacks,SALE,6,3.68,2.58,7
2025-08-19 12:00,10020,Test product 21 (growing),Stationery,SALE,14,8.66,6.06,7
2025-08-19 13:00,10024,Test product 25 (smooth),Stationery,SALE,18,5.15,3.6,7
2025-08-19 14:00,10017,Test product 18 (lumpy),Snacks,SALE,42,0.98,0.69,7
2025-08-20 09:00,10008,Test product 9 (growing),Stationery,SALE,4,4.89,3.42,7
2025-08-20 09:00,10024,Test product 25 (smooth),Stationery,SALE,16,5.15,3.6,7
2025-08-20 09:00,10036,Test product 37 (smooth),Stationery,SALE,16,2.81,1.97,7
2025-08-20 10:00,10020,Test product 21 (growing),Stationery,SALE,7,8.66,6.06,7
2025-08-20 13:00,10001,Test product 2 (seasonal),Snacks,SALE,6,3.68,2.58,7
2025-08-20 14:00,10033,Test product 34 (declining),Snacks,SALE,16,0.94,0.66,7
2025-08-20 16:00,10021,Test product 22 (declining),Snacks,SALE,12,9.47,6.63,7
2025-08-20 17:00,10005,Test product 6 (lumpy),Snacks,SALE,50,9.38,6.57,7
2025-08-20 17:00,10014,Test product 15 (growing),Household,SALE,11,5.58,3.91,7
2025-08-21 08:00,10038,Test product 39 (growing),Household,SALE,13,3.82,2.67,7
2025-08-21 09:00,10027,Test product 28 (declining),Drinks,SALE,14,4.32,3.02,7
2025-08-21 09:00,10031,Test product 32 (seasonal),Drinks,SALE,8,7.4,5.18,7
2025-08-21 09:00,10037,Test product 38 (seasonal),Snacks,SALE,4,4.46,3.12,7
2025-08-21 10:00,10006,Test product 7 (smooth),Household,SALE,20,2.37,1.66,7
2025-08-21 10:00,10011,Test product 12 (lumpy),Drinks,SALE,92,2.43,1.7,7
2025-08-21 10:00,10020,Test product 21 (growing),Stationery,SALE,9,8.66,6.06,7
2025-08-21 11:00,10019,Test product 20 (seasonal),Drinks,SALE,7,9.26,6.48,7
2025-08-21 15:00,10001,Test product 2 (seasonal),Snacks,SALE,5,3.68,2.58,7
2025-08-21 15:00,10002,Test product 3 (growing),Household,SALE,10,3.2,2.24,7
2025-08-21 15:00,10025,Test product 26 (seasonal),Snacks,SALE,11,6.65,4.66,7
2025-08-21 15:00,10026,Test product 27 (growing),Household,SALE,8,7.9,5.53,7
2025-08-21 15:00,10039,Test product 40 (declining),Drinks,SALE,4,0.75,0.52,7
2025-08-21 16:00,10006,Test product 7 (smooth),Household,SALE,13,2.37,1.66,7
2025-08-21 16:00,10032,Test product 33 (growing),Stationery,SALE,40,5.47,3.83,7
2025-08-22 08:00,10002,Test product 3 (growing),Household,SALE,8,3.2,2.24,7
2025-08-22 08:00,10009,Test product 10 (declining),Snacks,SALE,13,7.37,5.16,7
2025-08-22 08:00,10013,Test product 14 (seasonal),Snacks,SALE,14,6.02,4.21,7
2025-08-22 09:00,10013,Test product 14 (seasonal),Snacks,SALE,13,6.02,4.21,7
2025-08-22 10:00,10019,Test product 20 (seasonal),Drinks,SALE,7,9.26,6.48,7
2025-08-22 10:00,10039,Test product 40 (declining),Drinks,SALE,4,0.75,0.52,7
2025-08-22 11:00,10007,Test product 8 (seasonal),Drinks,SALE,6,7.86,5.5,7
2025-08-22 11:00,10009,Test product 10 (declining),Snacks,SALE,9,7.37,5.16,7
2025-08-22 11:00,10021,Test product 22 (declining),Snacks,SALE,12,9.47,6.63,7
2025-08-22 11:00,10038,Test product 39 (growing),Household,SALE,10,3.82,2.67,7
2025-08-22 12:00,10007,Test product 8 (seasonal),Drinks,SALE,10,7.86,5.5,7
2025-08-22 15:00,10015,Test product 16 (declining),Drinks,SALE,6,10.3,7.21,7
2025-08-23 09:00,10008,Test product 9 (growing),Stationery,SALE,8,4.89,3.42,7
2025-08-23 10:00,10025,Test product 26 (seasonal),Snacks,SALE,8,6.65,4.66,7
2025-08-23 12:00,10007,Test product 8 (seasonal),Drinks,SALE,11,7.86,5.5,7
2025-08-23 15:00,10017,Test product 18 (lumpy),Snacks,SALE,40,0.98,0.69,7
2025-08-23 15:00,10026,Test product 27 (growing),Household,SALE,7,7.9,5.53,7
2025-08-23 15:00,10036,Test product 37 (smooth),Stationery,SALE,17,2.81,1.97,7
2025-08-23 16:00,10018,Test product 19 (smooth),Household,SALE,9,3.32,2.32,7
2025-08-23 17:00,10021,Test product 22 (declining),Snacks,SALE,12,9.47,6.63,7
2025-08-25 00:00,10010,Test product 11 (intermittent),Household,RESTOCK,8,7.35,7.35,7
2025-08-25 08:00,10017,Test product 18 (lumpy),Snacks,SALE,21,0.98,0.69,7
2025-08-25 09:00,10038,Test product 39 (growing),Household,SALE,12,3.82,2.67,7
2025-08-25 10:00,10008,Test product 9 (growing),Stationery,SALE,2,4.89,3.42,7
2025-08-25 10:00,10024,Test product 25 (smooth),Stationery,SALE,10,5.15,3.6,7
2025-08-25 10:00,10026,Test product 27 (growing),Household,SALE,8,7.9,5.53,7
2025-08-25 11:00,10012,Test product 13 (smooth),Stationery,SALE,4,8.25,5.77,7
2025-08-25 12:00,10013,Test product 14 (seasonal),Snacks,SALE,11,6.02,4.21,7
2025-08-25 12:00,10034,Test product 35 (intermittent),Household,SALE,1,1.59,1.11,7
2025-08-25 13:00,10002,Test product 3 (growing),Household,SALE,13,3.2,2.24,7
2025-08-25 13:00,10009,Test product 10 (declining),Snacks,SALE,13,7.37,5.16,7
2025-08-25 13:00,10032,Test product 33 (growing),Stationery,SALE,37,5.47,3.83,7
2025-08-25 15:00,10007,Test product 8 (seasonal),Drinks,SALE,11,7.86,5.5,7
2025-08-25 15:00,10015,Test product 16 (declining),Drinks,SALE,3,10.3,7.21,7
2025-08-25 15:00,10036,Test product 37 (smooth),Stationery,SALE,10,2.81,1.97,7
2025-08-25 17:00,10039,Test product 40 (declining),Drinks,SALE,10,0.75,0.52,7
2025-08-26 09:00,10008,Test product 9 (growing),Stationery,SALE,3,4.89,3.42,7
2025-08-26 11:00,10036,Test product 37 (smooth),Stationery,SALE,10,2.81,1.97,7
2025-08-26 12:00,10018,Test product 19 (smooth),Household,SALE,9,3.32,2.32,7
2025-08-26 13:00,10000,Test product 1 (smooth),Stationery,SALE,1,8.26,5.78,7
2025-08-26 14:00,10000,Test product 1 (smooth),Stationery,SALE,4,8.26,5.78,7
2025-08-26 14:00,10001,Test product 2 (seasonal),Snacks,SALE,10,3.68,2.58,7
2025-08-26 14:00,10007,Test product 8 (seasonal),Drinks,SALE,18,7.86,5.5,7
2025-08-26 15:00,10015,Test product 16 (declining),Drinks,SALE,8,10.3,7.21,7
2025-08-26 15:00,10018,Test product 19 (smooth),Household,SALE,9,3.32,2.32,7
2025-08-26 16:00,10033,Test product 34 (declining),Snacks,SALE,19,0.94,0.66,7
2025-08-26 17:00,10037,Test product 38 (seasonal),Snacks,SALE,13,4.46,3.12,7
2025-08-27 08:00,10006,Test product 7 (smooth),Household,SALE,17,2.37,1.66,7
2025-08-27 09:00,10003,Test product 4 (declining),Drinks,SALE,24,6.94,4.86,7
2025-08-27 13:00,10008,Test product 9 (growing),Stationery,SALE,6,4.89,3.42,7
2025-08-27 13:00,10022,Test product 23 (intermittent),Household,SALE,2,10.2,7.14,7
2025-08-27 14:00,10000,Test product 1 (smooth),Stationery,SALE,10,8.26,5.78,7
2025-08-27 14:00,10030,Test product 31 (smooth),Household,SALE,32,6.94,4.86,7
2025-08-28 08:00,10006,Test product 7 (smooth),Household,SALE,13,2.37,1.66,7
2025-08-28 09:00,10026,Test product 27 (growing),Household,SALE,3,7.9,5.53,7
2025-08-28 12:00,10026,Test product 27 (growing),Household,SALE,3,7.9,5.53,7
2025-08-28 13:00,10003,Test product 4 (declining),Drinks,SALE,16,6.94,4.86,7
2025-08-28 13:00,10017,Test product 18 (lumpy),Snacks,SALE,21,0.98,0.69,7
2025-08-28 13:00,10020,Test product 21 (growing),Stationery,SALE,31,8.66,6.06,7
2025-08-28 13:00,10031,Test product 32 (seasonal),Drinks,SALE,4,7.4,5.18,7
2025-08-28 15:00,10001,Test product 2 (seasonal),Snacks,SALE,12,3.68,2.58,7
2025-08-28 15:00,10015,Test product 16 (declining),Drinks,SALE,3,10.3,7.21,7
2025-08-28 17:00,10021,Test product 22 (declining),Snacks,SALE,20,9.47,6.63,7
2025-08-28 17:00,10034,Test product 35 (intermittent),Household,SALE,1,1.59,1.11,7
2025-08-29 08:00,10009,Test product 10 (declining),Snacks,SALE,9,7.37,5.16,7
2025-08-29 08:00,10033,Test product 34 (declining),Snacks,SALE,23,0.94,0.66,7
2025-08-29 09:00,10002,Test product 3 (growing),Household,SALE,10,3.2,2.24,7
2025-08-29 09:00,10025,Test product 26 (seasonal),Snacks,SALE,6,6.65,4.66,7
2025-08-29 09:00,10027,Test product 28 (declining),Drinks,SALE,25,4.32,3.02,7
2025-08-29 10:00,10014,Test product 15 (growing),Household,SALE,12,5.58,3.91,7
2025-08-29 12:00,10024,Test product 25 (smooth),Stationery,SALE,10,5.15,3.6,7
2025-08-29 13:00,10012,Test product 13 (smooth),Stationery,SALE,10,8.25,5.77,7
2025-08-29 14:00,10022,Test product 23 (intermittent),Household,SALE,1,10.2,7.14,7
2025-08-29 15:00,10024,Test product 25 (smooth),Stationery,SALE,10,5.15,3.6,7
2025-08-29 17:00,10028,Test product 29 (intermittent),Stationery,SALE,2,5.41,3.79,7
2025-08-29 17:00,10038,Test product 39 (growing),Household,SALE,24,3.82,2.67,7
2025-08-30 08:00,10028,Test product 29 (intermittent),Stationery,SALE,1,5.41,3.79,7
2025-08-30 10:00,10031,Test product 32 (seasonal),Drinks,SALE,5,7.4,5.18,7
2025-08-30 11:00,10025,Test product 26 (seasonal),Snacks,SALE,5,6.65,4.66,7
2025-08-30 12:00,10025,Test product 26 (seasonal),Snacks,SALE,7,6.65,4.66,7
2025-08-30 13:00,10019,Test product 20 (seasonal),Drinks,SALE,22,9.26,6.48,7
2025-08-30 15:00,10013,Test product 14 (seasonal),Snacks,SALE,15,6.02,4.21,7
2025-08-30 15:00,10017,Test product 18 (lumpy),Snacks,SALE,28,0.98,0.69,7
2025-08-30 16:00,10016,Test product 17 (intermittent),Stationery,SALE,4,3.53,2.47,7
2025-09-01 00:00,10005,Test product 6 (lumpy),Snacks,RESTOCK,41,6.57,6.57,7
2025-09-01 08:00,10007,Test product 8 (seasonal),Drinks,SALE,14,7.86,5.5,7
2025-09-01 08:00,10039,Test product 40 (declining),Drinks,SALE,7,0.75,0.52,7
2025-09-01 09:00,10008,Test product 9 (growing),Stationery,SALE,5,4.89,3.42,7
2025-09-01 10:00,10001,Test product 2 (seasonal),Snacks,SALE,21,3.68,2.58,7
2025-09-01 11:00,10003,Test product 4 (declining),Drinks,SALE,12,6.94,4.86,7
2025-09-01 11:00,10038,Test product 39 (growing),Household,SALE,14,3.82,2.67,7
2025-09-01 12:00,10013,Test product 14 (seasonal),Snacks,SALE,34,6.02,4.21,7
2025-09-01 13:00,10028,Test product 29 (intermittent),Stationery,SALE,2,5.41,3.79,7
2025-09-01 13:00,10030,Test product 31 (smooth),Household,SALE,10,6.94,4.86,7
2025-09-01 15:00,10009,Test product 10 (declining),Snacks,SALE,21,7.37,5.16,7
2025-09-01 16:00,10006,Test product 7 (smooth),Household,SALE,9,2.37,1.66,7
2025-09-01 16:00,10038,Test product 39 (growing),Household,SALE,8,3.82,2.67,7
2025-09-02 08:00,10024,Test product 25 (smooth),Stationery,SALE,13,5.15,3.6,7
2025-09-02 10:00,10033,Test product 34 (declining),Snacks,SALE,40,0.94,0.66,7
2025-09-02 11:00,10008,Test product 9 (growing),Stationery,SALE,7,4.89,3.42,7
2025-09-02 17:00,10006,Test product 7 (smooth),Household,SALE,15,2.37,1.66,7
2025-09-03 08:00,10038,Test product 39 (growing),Household,SALE,8,3.82,2.67,7
2025-09-03 10:00,10020,Test product 21 (growing),Stationery,SALE,10,8.66,6.06,7
2025-09-03 10:00,10027,Test product 28 (declining),Drinks,SALE,7,4.32,3.02,7
2025-09-03 11:00,10030,Test product 31 (smooth),Household,SALE,7,6.94,4.86,7
2025-09-03 12:00,10027,Test product 28 (declining),Drinks,SALE,9,4.32,3.02,7
2025-09-03 12:00,10036,Test product 37 (smooth),Stationery,SALE,11,2.81,1.97,7
2025-09-03 13:00,10020,Test product 21 (growing),Stationery,SALE,12,8.66,6.06,7
2025-09-03 14:00,10000,Test product 1 (smooth),Stationery,SALE,19,8.26,5.78,7
2025-09-03 14:00,10032,Test product 33 (growing),Stationery,SALE,13,5.47,3.83,7
2025-09-03 15:00,10004,Test product 5 (intermittent),Stationery,SALE,2,3.26,2.28,7
2025-09-03 16:00,10037,Test product 38 (seasonal),Snacks,SALE,7,4.46,3.12,7
2025-09-03 17:00,10015,Test product 16 (declining),Drinks,SALE,7,10.3,7.21,7
2025-09-03 17:00,10030,Test product 31 (smooth),Household,SALE,8,6.94,4.86,7
2025-09-04 08:00,10015,Test product 16 (declining),Drinks,SALE,2,10.3,7.21,7
2025-09-04 11:00,10025,Test product 26 (seasonal),Snacks,SALE,5,6.65,4.66,7
2025-09-04 13:00,10025,Test product 26 (seasonal),Snacks,SALE,6,6.65,4.66,7
2025-09-04 16:00,10002,Test product 3 (growing),Household,SALE,23,3.2,2.24,7
2025-09-04 16:00,10003,Test product 4 (declining),Drinks,SALE,13,6.94,4.86,7
2025-09-04 16:00,10024,Test product 25 (smooth),Stationery,SALE,10,5.15,3.6,7
2025-09-04 16:00,10026,Test product 27 (growing),Household,SALE,7,7.9,5.53,7
2025-09-04 17:00,10007,Test product 8 (seasonal),Drinks,SALE,18,7.86,5.5,7
2025-09-05 09:00,10031,Test product 32 (seasonal),Drinks,SALE,10,7.4,5.18,7
2025-09-05 10:00,10036,Test product 37 (smooth),Stationery,SALE,16,2.81,1.97,7
2025-09-05 11:00,10032,Test product 33 (growing),Stationery,SALE,22,5.47,3.83,7
2025-09-05 12:00,10027,Test product 28 (declining),Drinks,SALE,10,4.32,3.02,7
2025-09-05 14:00,10018,Test product 19 (smooth),Household,SALE,6,3.32,2.32,7
2025-09-05 15:00,10012,Test product 13 (smooth),Stationery,SALE,9,8.25,5.77,7
2025-09-05 15:00,10018,Test product 19 (smooth),Household,SALE,7,3.32,2.32,7
2025-09-05 16:00,10019,Test product 20 (seasonal),Drinks,SALE,10,9.26,6.48,7
2025-09-06 09:00,10018,Test product 19 (smooth),Household,SALE,11,3.32,2.32,7
2025-09-06 12:00,10012,Test product 13 (smooth),Stationery,SALE,5,8.25,5.77,7
2025-09-06 12:00,10019,Test product 20 (seasonal),Drinks,SALE,11,9.26,6.48,7
2025-09-06 13:00,10025,Test product 26 (seasonal),Snacks,SALE,11,6.65,4.66,7
2025-09-06 14:00,10014,Test product 15 (growing),Household,SALE,15,5.58,3.91,7
2025-09-06 14:00,10015,Test product 16 (declining),Drinks,SALE,7,10.3,7.21,7
2025-09-06 14:00,10019,Test product 20 (seasonal),Drinks,SALE,10,9.26,6.48,7
2025-09-06 14:00,10020,Test product 21 (growing),Stationery,SALE,8,8.66,6.06,7
2025-09-06 15:00,10024,Test product 25 (smooth),Stationery,SALE,12,5.15,3.6,7
2025-09-06 17:00,10003,Test product 4 (declining),Drinks,SALE,15,6.94,4.86,7
2025-09-06 17:00,10012,Test product 13 (smooth),Stationery,SALE,7,8.25,5.77,7
2025-09-06 17:00,10021,Test product 22 (declining),Snacks,SALE,31,9.47,6.63,7
2025-09-06 17:00,10037,Test product 38 (seasonal),Snacks,SALE,15,4.46,3.12,7
2025-09-08 00:00,10000,Test product 1 (smooth),Stationery,RESTOCK,104,5.78,5.78,7
2025-09-08 00:00,10015,Test product 16 (declining),Drinks,RESTOCK,57,7.21,7.21,7
2025-09-08 00:00,10020,Test product 21 (growing),Stationery,RESTOCK,129,6.06,6.06,7
2025-09-08 00:00,10035,Test product 36 (lumpy),Drinks,RESTOCK,28,5.68,5.68,7
2025-09-08 09:00,10008,Test product 9 (growing),Stationery,SALE,10,4.89,3.42,7
2025-09-08 09:00,10027,Test product 28 (declining),Drinks,SALE,24,4.32,3.02,7
2025-09-08 11:00,10009,Test product 10 (declining),Snacks,SALE,8,7.37,5.16,7
2025-09-08 11:00,10018,Test product 19 (smooth),Household,SALE,10,3.32,2.32,7
2025-09-08 12:00,10024,Test product 25 (smooth),Stationery,SALE,18,5.15,3.6,7
2025-09-08 12:00,10031,Test product 32 (seasonal),Drinks,SALE,8,7.4,5.18,7
2025-09-08 13:00,10013,Test product 14 (seasonal),Snacks,SALE,9,6.02,4.21,7
2025-09-08 14:00,10013,Test product 14 (seasonal),Snacks,SALE,10,6.02,4.21,7
2025-09-08 14:00,10037,Test product 38 (seasonal),Snacks,SALE,14,4.46,3.12,7
2025-09-08 14:00,10038,Test product 39 (growing),Household,SALE,31,3.82,2.67,7
2025-09-08 16:00,10002,Test product 3 (growing),Household,SALE,9,3.2,2.24,7
2025-09-09 08:00,10005,Test product 6 (lumpy),Snacks,SALE,12,9.38,6.57,7
2025-09-09 10:00,10026,Test product 27 (growing),Household,SALE,9,7.9,5.53,7
2025-09-09 12:00,10039,Test product 40 (declining),Drinks,SALE,7,0.75,0.52,7
2025-09-09 13:00,10006,Test product 7 (smooth),Household,SALE,33,2.37,1.66,7
2025-09-09 14:00,10021,Test product 22 (declining),Snacks,SALE,9,9.47,6.63,7
2025-09-09 14:00,10030,Test product 31 (smooth),Household,SALE,14,6.94,4.86,7
2025-09-09 17:00,10007,Test product 8 (seasonal),Drinks,SALE,40,7.86,5.5,7
2025-09-09 17:00,10009,Test product 10 (declining),Snacks,SALE,12,7.37,5.16,7
2025-09-09 17:00,10033,Test product 34 (declining),Snacks,SALE,7,0.94,0.66,7
2025-09-10 08:00,10001,Test product 2 (seasonal),Snacks,SALE,12,3.68,2.58,7
2025-09-10 08:00,10031,Test product 32 (seasonal),Drinks,SALE,8,7.4,5.18,7
2025-09-10 09:00,10000,Test product 1 (smooth),Stationery,SALE,9,8.26,5.78,7
2025-09-10 11:00,10019,Test product 20 (seasonal),Drinks,SALE,12,9.26,6.48,7
2025-09-10 12:00,10002,Test product 3 (growing),Household,SALE,10,3.2,2.24,7
2025-09-10 14:00,10033,Test product 34 (declining),Snacks,SALE,12,0.94,0.66,7
2025-09-10 15:00,10021,Test product 22 (declining),Snacks,SALE,15,9.47,6.63,7
2025-09-10 15:00,10036,Test product 37 (smooth),Stationery,SALE,6,2.81,1.97,7
2025-09-10 16:00,10000,Test product 1 (smooth),Stationery,SALE,7,8.26,5.78,7
2025-09-11 08:00,10001,Test product 2 (seasonal),Snacks,SALE,14,3.68,2.58,7
2025-09-11 08:00,10030,Test product 31 (smooth),Household,SALE,10,6.94,4.86,7
2025-09-11 09:00,10009,Test product 10 (declining),Snacks,SALE,6,7.37,5.16,7
2025-09-11 10:00,10014,Test product 15 (growing),Household,SALE,5,5.58,3.91,7
2025-09-11 10:00,10036,Test product 37 (smooth),Stationery,SALE,5,2.81,1.97,7
2025-09-11 13:00,10015,Test product 16 (declining),Drinks,SALE,12,10.3,7.21,7
2025-09-11 14:00,10033,Test product 34 (declining),Snacks,SALE,15,0.94,0.66,7
2025-09-11 15:00,10001,Test product 2 (seasonal),Snacks,SALE,10,3.68,2.58,7
2025-09-11 15:00,10014,Test product 15 (growing),Household,SALE,3,5.58,3.91,7
2025-09-11 16:00,10025,Test product 26 (seasonal),Snacks,SALE,6,6.65,4.66,7
2025-09-12 10:00,10002,Test product 3 (growing),Household,SALE,8,3.2,2.24,7
2025-09-12 10:00,10003,Test product 4 (declining),Drinks,SALE,41,6.94,4.86,7
2025-09-12 10:00,10014,Test product 15 (growing),Household,SALE,6,5.58,3.91,7
2025-09-12 10:00,10021,Test product 22 (declining),Snacks,SALE,16,9.47,6.63,7
2025-09-12 11:00,10036,Test product 37 (smooth),Stationery,SALE,12,2.81,1.97,7
2025-09-12 15:00,10020,Test product 21 (growing),Stationery,SALE,39,8.66,6.06,7
2025-09-12 16:00,10025,Test product 26 (seasonal),Snacks,SALE,9,6.65,4.66,7
2025-09-12 16:00,10032,Test product 33 (growing),Stationery,SALE,14,5.47,3.83,7
2025-09-12 17:00,10018,Test product 19 (smooth),Household,SALE,10,3.32,2.32,7
2025-09-12 17:00,10025,Test product 26 (seasonal),Snacks,SALE,8,6.65,4.66,7
2025-09-13 08:00,10004,Test product 5 (intermittent),Stationery,SALE,3,3.26,2.28,7
2025-09-13 09:00,10019,Test product 20 (seasonal),Drinks,SALE,8,9.26,6.48,7
2025-09-13 09:00,10024,Test product 25 (smooth),Stationery,SALE,22,5.15,3.6,7
2025-09-13 10:00,10032,Test product 33 (growing),Stationery,SALE,10,5.47,3.83,7
2025-09-13 11:00,10000,Test product 1 (smooth),Stationery,SALE,6,8.26,5.78,7
2025-09-13 13:00,10012,Test product 13 (smooth),Stationery,SALE,17,8.25,5.77,7
2025-09-13 14:00,10013,Test product 14 (seasonal),Snacks,SALE,8,6.02,4.21,7
2025-09-13 15:00,10004,Test product 5 (intermittent),Stationery,SALE,5,3.26,2.28,7
2025-09-13 17:00,10038,Test product 39 (growing),Household,SALE,21,3.82,2.67,7
2025-09-15 00:00,10001,Test product 2 (seasonal),Snacks,RESTOCK,113,2.58,2.58,7
2025-09-15 00:00,10002,Test product 3 (growing),Household,RESTOCK,97,2.24,2.24,7
2025-09-15 00:00,10003,Test product 4 (declining),Drinks,RESTOCK,122,4.86,4.86,7
2025-09-15 00:00,10004,Test product 5 (intermittent),Stationery,RESTOCK,7,2.28,2.28,7
2025-09-15 00:00,10006,Test product 7 (smooth),Household,RESTOCK,114,1.66,1.66,7
2025-09-15 00:00,10007,Test product 8 (seasonal),Drinks,RESTOCK,116,5.5,5.5,7
2025-09-15 00:00,10008,Test product 9 (growing),Stationery,RESTOCK,48,3.42,3.42,7
2025-09-15 00:00,10009,Test product 10 (declining),Snacks,RESTOCK,78,5.16,5.16,7
2025-09-15 00:00,10011,Test product 12 (lumpy),Drinks,RESTOCK,39,1.7,1.7,7
2025-09-15 00:00,10012,Test product 13 (smooth),Stationery,RESTOCK,115,5.77,5.77,7
2025-09-15 00:00,10013,Test product 14 (seasonal),Snacks,RESTOCK,134,4.21,4.21,7
2025-09-15 00:00,10014,Test product 15 (growing),Household,RESTOCK,52,3.91,3.91,7
2025-09-15 00:00,10016,Test product 17 (intermittent),Stationery,RESTOCK,8,2.47,2.47,7
2025-09-15 00:00,10017,Test product 18 (lumpy),Snacks,RESTOCK,37,0.69,0.69,7
2025-09-15 00:00,10018,Test product 19 (smooth),Household,RESTOCK,82,2.32,2.32,7
2025-09-15 00:00,10019,Test product 20 (seasonal),Drinks,RESTOCK,103,6.48,6.48,7
2025-09-15 00:00,10021,Test product 22 (declining),Snacks,RESTOCK,120,6.63,6.63,7
2025-09-15 00:00,10022,Test product 23 (intermittent),Household,RESTOCK,8,7.14,7.14,7
2025-09-15 00:00,10023,Test product 24 (lumpy),Drinks,RESTOCK,22,2.75,2.75,7
2025-09-15 00:00,10024,Test product 25 (smooth),Stationery,RESTOCK,117,3.6,3.6,7
2025-09-15 00:00,10025,Test product 26 (seasonal),Snacks,RESTOCK,106,4.66,4.66,7
2025-09-15 00:00,10026,Test product 27 (growing),Household,RESTOCK,60,5.53,5.53,7
2025-09-15 00:00,10027,Test product 28 (declining),Drinks,RESTOCK,101,3.02,3.02,7
2025-09-15 00:00,10028,Test product 29 (intermittent),Stationery,RESTOCK,7,3.79,3.79,7
2025-09-15 00:00,10029,Test product 30 (lumpy),Snacks,RESTOCK,21,6.69,6.69,7
2025-09-15 00:00,10030,Test product 31 (smooth),Household,RESTOCK,123,4.86,4.86,7
2025-09-15 00:00,10031,Test product 32 (seasonal),Drinks,RESTOCK,60,5.18,5.18,7
2025-09-15 00:00,10032,Test product 33 (growing),Stationery,RESTOCK,153,3.83,3.83,7
2025-09-15 00:00,10033,Test product 34 (declining),Snacks,RESTOCK,125,0.66,0.66,7
2025-09-15 00:00,10034,Test product 35 (intermittent),Household,RESTOCK,7,1.11,1.11,7
2025-09-15 00:00,10036,Test product 37 (smooth),Stationery,RESTOCK,103,1.97,1.97,7
2025-09-15 00:00,10037,Test product 38 (seasonal),Snacks,RESTOCK,65,3.12,3.12,7
2025-09-15 00:00,10038,Test product 39 (growing),Household,RESTOCK,157,2.67,2.67,7
2025-09-15 00:00,10039,Test product 40 (declining),Drinks,RESTOCK,38,0.52,0.52,7
2025-09-15 09:00,10004,Test product 5 (intermittent),Stationery,SALE,5,3.26,2.28,7
2025-09-15 09:00,10020,Test product 21 (growing),Stationery,SALE,39,8.66,6.06,7
2025-09-15 10:00,10013,Test product 14 (seasonal),Snacks,SALE,8,6.02,4.21,7
2025-09-15 10:00,10019,Test product 20 (seasonal),Drinks,SALE,10,9.26,6.48,7
2025-09-15 10:00,10037,Test product 38 (seasonal),Snacks,SALE,7,4.46,3.12,7
2025-09-15 11:00,10001,Test product 2 (seasonal),Snacks,SALE,8,3.68,2.58,7
2025-09-15 11:00,10019,Test product 20 (seasonal),Drinks,SALE,5,9.26,6.48,7
2025-09-15 11:00,10037,Test product 38 (seasonal),Snacks,SALE,3,4.46,3.12,7
2025-09-15 12:00,10038,Test product 39 (growing),Household,SALE,30,3.82,2.67,7
2025-09-15 13:00,10008,Test product 9 (growing),Stationery,SALE,2,4.89,3.42,7
2025-09-15 13:00,10023,Test product 24 (lumpy),Drinks,SALE,6,3.93,2.75,7
2025-09-15 13:00,10033,Test product 34 (declining),Snacks,SALE,20,0.94,0.66,7
2025-09-15 14:00,10018,Test product 19 (smooth),Household,SALE,17,3.32,2.32,7
2025-09-15 15:00,10007,Test product 8 (seasonal),Drinks,SALE,6,7.86,5.5,7
2025-09-15 15:00,10023,Test product 24 (lumpy),Drinks,SALE,8,3.93,2.75,7
2025-09-15 15:00,10030,Test product 31 (smooth),Household,SALE,10,6.94,4.86,7
2025-09-15 16:00,10006,Test product 7 (smooth),Household,SALE,15,2.37,1.66,7
2025-09-15 16:00,10008,Test product 9 (growing),Stationery,SALE,3,4.89,3.42,7
2025-09-15 17:00,10014,Test product 15 (growing),Household,SALE,6,5.58,3.91,7
2025-09-15 17:00,10015,Test product 16 (declining),Drinks,SALE,3,10.3,7.21,7
2025-09-16 09:00,10032,Test product 33 (growing),Stationery,SALE,6,5.47,3.83,7
2025-09-16 11:00,10000,Test product 1 (smooth),Stationery,SALE,11,8.26,5.78,7
2025-09-16 12:00,10014,Test product 15 (growing),Household,SALE,10,5.58,3.91,7
2025-09-16 13:00,10031,Test product 32 (seasonal),Drinks,SALE,11,7.4,5.18,7
2025-09-16 13:00,10031,Test product 32 (seasonal),Drinks,SALE,4,7.4,5.18,7
2025-09-16 14:00,10032,Test product 33 (growing),Stationery,SALE,12,5.47,3.83,7
2025-09-16 15:00,10021,Test product 22 (declining),Snacks,SALE,10,9.47,6.63,7
2025-09-16 15:00,10027,Test product 28 (declining),Drinks,SALE,11,4.32,3.02,7
2025-09-16 16:00,10007,Test product 8 (seasonal),Drinks,SALE,11,7.86,5.5,7
2025-09-16 16:00,10026,Test product 27 (growing),Household,SALE,2,7.9,5.53,7
2025-09-17 08:00,10023,Test product 24 (lumpy),Drinks,SALE,4,3.93,2.75,7
2025-09-17 08:00,10039,Test product 40 (declining),Drinks,SALE,3,0.75,0.52,7
2025-09-17 09:00,10001,Test product 2 (seasonal),Snacks,SALE,8,3.68,2.58,7
2025-09-17 09:00,10024,Test product 25 (smooth),Stationery,SALE,36,5.15,3.6,7
2025-09-17 09:00,10025,Test product 26 (seasonal),Snacks,SALE,28,6.65,4.66,7
2025-09-17 10:00,10012,Test product 13 (smooth),Stationery,SALE,27,8.25,5.77,7
2025-09-17 13:00,10021,Test product 22 (declining),Snacks,SALE,11,9.47,6.63,7
2025-09-17 13:00,10037,Test product 38 (seasonal),Snacks,SALE,5,4.46,3.12,7
2025-09-17 14:00,10030,Test product 31 (smooth),Household,SALE,12,6.94,4.86,7
2025-09-17 15:00,10013,Test product 14 (seasonal),Snacks,SALE,11,6.02,4.21,7
2025-09-17 17:00,10013,Test product 14 (seasonal),Snacks,SALE,15,6.02,4.21,7
2025-09-17 17:00,10026,Test product 27 (growing),Household,SALE,6,7.9,5.53,7
2025-09-18 10:00,10006,Test product 7 (smooth),Household,SALE,15,2.37,1.66,7
2025-09-18 14:00,10039,Test product 40 (declining),Drinks,SALE,3,0.75,0.52,7
2025-09-18 15:00,10015,Test product 16 (declining),Drinks,SALE,3,10.3,7.21,7
2025-09-18 15:00,10030,Test product 31 (smooth),Household,SALE,9,6.94,4.86,7
2025-09-18 17:00,10009,Test product 10 (declining),Snacks,SALE,15,7.37,5.16,7
2025-09-18 17:00,10021,Test product 22 (declining),Snacks,SALE,13,9.47,6.63,7
2025-09-18 17:00,10033,Test product 34 (declining),Snacks,SALE,14,0.94,0.66,7
2025-09-19 11:00,10019,Test product 20 (seasonal),Drinks,SALE,11,9.26,6.48,7
2025-09-19 15:00,10003,Test product 4 (declining),Drinks,SALE,18,6.94,4.86,7
2025-09-19 15:00,10027,Test product 28 (declining),Drinks,SALE,10,4.32,3.02,7
2025-09-19 17:00,10032,Test product 33 (growing),Stationery,SALE,12,5.47,3.83,7
2025-09-20 13:00,10000,Test product 1 (smooth),Stationery,SALE,8,8.26,5.78,7
2025-09-20 13:00,10001,Test product 2 (seasonal),Snacks,SALE,14,3.68,2.58,7
2025-09-20 13:00,10002,Test product 3 (growing),Household,SALE,20,3.2,2.24,7
2025-09-20 13:00,10003,Test product 4 (declining),Drinks,SALE,12,6.94,4.86,7
2025-09-20 14:00,10027,Test product 28 (declining),Drinks,SALE,8,4.32,3.02,7
2025-09-20 16:00,10007,Test product 8 (seasonal),Drinks,SALE,11,7.86,5.5,7
2025-09-20 16:00,10015,Test product 16 (declining),Drinks,SALE,5,10.3,7.21,7
2025-09-20 17:00,10036,Test product 37 (smooth),Stationery,SALE,23,2.81,1.97,7
2025-09-22 00:00,10010,Test product 11 (intermittent),Household,RESTOCK,6,7.35,7.35,7
2025-09-22 10:00,10032,Test product 33 (growing),Stationery,SALE,26,5.47,3.83,7
2025-09-22 10:00,10033,Test product 34 (declining),Snacks,SALE,12,0.94,0.66,7
2025-09-22 11:00,10004,Test product 5 (intermittent),Stationery,SALE,6,3.26,2.28,7
2025-09-22 12:00,10012,Test product 13 (smooth),Stationery,SALE,13,8.25,5.77,7
2025-09-22 14:00,10027,Test product 28 (declining),Drinks,SALE,27,4.32,3.02,7
2025-09-22 15:00,10002,Test product 3 (growing),Household,SALE,10,3.2,2.24,7
2025-09-22 15:00,10037,Test product 38 (seasonal),Snacks,SALE,6,4.46,3.12,7
2025-09-22 16:00,10000,Test product 1 (smooth),Stationery,SALE,6,8.26,5.78,7
2025-09-22 17:00,10017,Test product 18 (lumpy),Snacks,SALE,42,0.98,0.69,7
2025-09-22 17:00,10031,Test product 32 (seasonal),Drinks,SALE,6,7.4,5.18,7
2025-09-22 17:00,10035,Test product 36 (lumpy),Drinks,SALE,20,8.11,5.68,7
2025-09-23 09:00,10000,Test product 1 (smooth),Stationery,SALE,14,8.26,5.78,7
2025-09-23 09:00,10007,Test product 8 (seasonal),Drinks,SALE,12,7.86,5.5,7
2025-09-23 09:00,10008,Test product 9 (growing),Stationery,SALE,2,4.89,3.42,7
2025-09-23 09:00,10013,Test product 14 (seasonal),Snacks,SALE,20,6.02,4.21,7
2025-09-23 10:00,10014,Test product 15 (growing),Household,SALE,11,5.58,3.91,7
2025-09-23 10:00,10039,Test product 40 (declining),Drinks,SALE,1,0.75,0.52,7
2025-09-23 11:00,10000,Test product 1 (smooth),Stationery,SALE,3,8.26,5.78,7
2025-09-23 11:00,10012,Test product 13 (smooth),Stationery,SALE,9,8.25,5.77,7
2025-09-23 11:00,10037,Test product 38 (seasonal),Snacks,SALE,4,4.46,3.12,7
2025-09-23 12:00,10019,Test product 20 (seasonal),Drinks,SALE,14,9.26,6.48,7
2025-09-23 14:00,10009,Test product 10 (declining),Snacks,SALE,28,7.37,5.16,7
2025-09-23 14:00,10021,Test product 22 (declining),Snacks,SALE,8,9.47,6.63,7
2025-09-23 14:00,10038,Test product 39 (growing),Household,SALE,27,3.82,2.67,7
2025-09-23 16:00,10003,Test product 4 (declining),Drinks,SALE,44,6.94,4.86,7
2025-09-24 09:00,10008,Test product 9 (growing),Stationery,SALE,1,4.89,3.42,7
2025-09-24 12:00,10021,Test product 22 (declining),Snacks,SALE,13,9.47,6.63,7
2025-09-24 13:00,10007,Test product 8 (seasonal),Drinks,SALE,8,7.86,5.5,7
2025-09-24 15:00,10018,Test product 19 (smooth),Household,SALE,19,3.32,2.32,7
2025-09-24 15:00,10024,Test product 25 (smooth),Stationery,SALE,36,5.15,3.6,7
2025-09-24 15:00,10031,Test product 32 (seasonal),Drinks,SALE,7,7.4,5.18,7
2025-09-24 17:00,10001,Test product 2 (seasonal),Snacks,SALE,8,3.68,2.58,7
2025-09-25 08:00,10007,Test product 8 (seasonal),Drinks,SALE,10,7.86,5.5,7
2025-09-25 10:00,10001,Test product 2 (seasonal),Snacks,SALE,5,3.68,2.58,7
2025-09-25 12:00,10037,Test product 38 (seasonal),Snacks,SALE,7,4.46,3.12,7
2025-09-25 13:00,10015,Test product 16 (declining),Drinks,SALE,22,10.3,7.21,7
2025-09-25 13:00,10033,Test product 34 (declining),Snacks,SALE,14,0.94,0.66,7
2025-09-25 14:00,10001,Test product 2 (seasonal),Snacks,SALE,10,3.68,2.58,7
2025-09-25 14:00,10002,Test product 3 (growing),Household,SALE,11,3.2,2.24,7
2025-09-25 14:00,10020,Test product 21 (growing),Stationery,SALE,32,8.66,6.06,7
2025-09-25 16:00,10030,Test product 31 (smooth),Household,SALE,11,6.94,4.86,7
2025-09-25 16:00,10035,Test product 36 (lumpy),Drinks,SALE,15,8.11,5.68,7
2025-09-26 08:00,10006,Test product 7 (smooth),Household,SALE,10,2.37,1.66,7
2025-09-26 08:00,10026,Test product 27 (growing),Household,SALE,10,7.9,5.53,7
2025-09-26 09:00,10012,Test product 13 (smooth),Stationery,SALE,15,8.25,5.77,7
2025-09-26 10:00,10019,Test product 20 (seasonal),Drinks,SALE,9,9.26,6.48,7
2025-09-26 10:00,10025,Test product 26 (seasonal),Snacks,SALE,25,6.65,4.66,7
2025-09-26 12:00,10039,Test product 40 (declining),Drinks,SALE,7,0.75,0.52,7
2025-09-26 13:00,10038,Test product 39 (growing),Household,SALE,22,3.82,2.67,7
2025-09-26 14:00,10039,Test product 40 (declining),Drinks,SALE,2,0.75,0.52,7
2025-09-27 08:00,10008,Test product 9 (growing),Stationery,SALE,5,4.89,3.42,7
2025-09-27 08:00,10021,Test product 22 (declining),Snacks,SALE,5,9.47,6.63,7
2025-09-27 08:00,10036,Test product 37 (smooth),Stationery,SALE,35,2.81,1.97,7
2025-09-27 10:00,10013,Test product 14 (seasonal),Snacks,SALE,31,6.02,4.21,7
2025-09-27 12:00,10033,Test product 34 (declining),Snacks,SALE,6,0.94,0.66,7
2025-09-27 13:00,10030,Test product 31 (smooth),Household,SALE,18,6.94,4.86,7
2025-09-27 15:00,10006,Test product 7 (smooth),Household,SALE,16,2.37,1.66,7
2025-09-29 00:00,10005,Test product 6 (lumpy),Snacks,RESTOCK,43,6.57,6.57,7
2025-09-29 08:00,10015,Test product 16 (declining),Drinks,SALE,2,10.3,7.21,7
2025-09-29 08:00,10031,Test product 32 (seasonal),Drinks,SALE,6,7.4,5.18,7
2025-09-29 09:00,10035,Test product 36 (lumpy),Drinks,SALE,6,8.11,5.68,7
2025-09-29 11:00,10008,Test product 9 (growing),Stationery,SALE,6,4.89,3.42,7
2025-09-29 11:00,10025,Test product 26 (seasonal),Snacks,SALE,24,6.65,4.66,7
2025-09-29 11:00,10037,Test product 38 (seasonal),Snacks,SALE,30,4.46,3.12,7
2025-09-29 13:00,10036,Test product 37 (smooth),Stationery,SALE,5,2.81,1.97,7
2025-09-29 14:00,10009,Test product 10 (declining),Snacks,SALE,11,7.37,5.16,7
2025-09-29 15:00,10007,Test product 8 (seasonal),Drinks,SALE,4,7.86,5.5,7
2025-09-29 15:00,10035,Test product 36 (lumpy),Drinks,SALE,5,8.11,5.68,7
2025-09-29 16:00,10008,Test product 9 (growing),Stationery,SALE,6,4.89,3.42,7
2025-09-29 17:00,10001,Test product 2 (seasonal),Snacks,SALE,6,3.68,2.58,7
2025-09-29 17:00,10038,Test product 39 (growing),Household,SALE,13,3.82,2.67,7
2025-09-29 17:00,10038,Test product 39 (growing),Household,SALE,10,3.82,2.67,7
2025-09-30 08:00,10032,Test product 33 (growing),Stationery,SALE,10,5.47,3.83,7
2025-09-30 09:00,10001,Test product 2 (seasonal),Snacks,SALE,12,3.68,2.58,7
2025-09-30 12:00,10007,Test product 8 (seasonal),Drinks,SALE,6,7.86,5.5,7
2025-09-30 12:00,10033,Test product 34 (declining),Snacks,SALE,35,0.94,0.66,7
2025-09-30 13:00,10021,Test product 22 (declining),Snacks,SALE,6,9.47,6.63,7
2025-09-30 17:00,10036,Test product 37 (smooth),Stationery,SALE,5,2.81,1.97,7
2025-10-01 08:00,10038,Test product 39 (growing),Household,SALE,21,3.82,2.67,7
2025-10-01 09:00,10001,Test product 2 (seasonal),Snacks,SALE,10,3.68,2.58,7
2025-10-01 09:00,10002,Test product 3 (growing),Household,SALE,9,3.2,2.24,7
2025-10-01 13:00,10028,Test product 29 (intermittent),Stationery,SALE,1,5.41,3.79,7
2025-10-01 13:00,10031,Test product 32 (seasonal),Drinks,SALE,5,7.4,5.18,7
2025-10-01 14:00,10013,Test product 14 (seasonal),Snacks,SALE,24,6.02,4.21,7
2025-10-01 14:00,10028,Test product 29 (intermittent),Stationery,SALE,3,5.41,3.79,7
2025-10-01 14:00,10032,Test product 33 (growing),Stationery,SALE,8,5.47,3.83,7
2025-10-01 15:00,10003,Test product 4 (declining),Drinks,SALE,33,6.94,4.86,7
2025-10-01 15:00,10026,Test product 27 (growing),Household,SALE,6,7.9,5.53,7
2025-10-01 15:00,10039,Test product 40 (declining),Drinks,SALE,3,0.75,0.52,7
2025-10-02 11:00,10021,Test product 22 (declining),Snacks,SALE,8,9.47,6.63,7
2025-10-02 12:00,10019,Test product 20 (seasonal),Drinks,SALE,9,9.26,6.48,7
2025-10-02 15:00,10039,Test product 40 (declining),Drinks,SALE,3,0.75,0.52,7
2025-10-02 17:00,10009,Test product 10 (declining),Snacks,SALE,12,7.37,5.16,7
2025-10-03 08:00,10013,Test product 14 (seasonal),Snacks,SALE,16,6.02,4.21,7
2025-10-03 08:00,10024,Test product 25 (smooth),Stationery,SALE,18,5.15,3.6,7
2025-10-03 09:00,10025,Test product 26 (seasonal),Snacks,SALE,15,6.65,4.66,7
2025-10-03 10:00,10026,Test product 27 (growing),Household,SALE,5,7.9,5.53,7
2025-10-03 11:00,10027,Test product 28 (declining),Drinks,SALE,9,4.32,3.02,7
2025-10-03 12:00,10018,Test product 19 (smooth),Household,SALE,23,3.32,2.32,7
2025-10-03 12:00,10030,Test product 31 (smooth),Household,SALE,28,6.94,4.86,7
2025-10-03 14:00,10016,Test product 17 (intermittent),Stationery,SALE,2,3.53,2.47,7
2025-10-03 15:00,10019,Test product 20 (seasonal),Drinks,SALE,5,9.26,6.48,7
2025-10-03 16:00,10032,Test product 33 (growing),Stationery,SALE,4,5.47,3.83,7
2025-10-03 17:00,10024,Test product 25 (smooth),Stationery,SALE,14,5.15,3.6,7
2025-10-04 08:00,10010,Test product 11 (intermittent),Household,SALE,3,10.5,7.35,7
2025-10-04 08:00,10015,Test product 16 (declining),Drinks,SALE,5,10.3,7.21,7
2025-10-04 08:00,10015,Test product 16 (declining),Drinks,SALE,2,10.3,7.21,7
2025-10-04 08:00,10021,Test product 22 (declining),Snacks,SALE,9,9.47,6.63,7
2025-10-04 10:00,10006,Test product 7 (smooth),Household,SALE,30,2.37,1.66,7
2025-10-04 11:00,10012,Test product 13 (smooth),Stationery,SALE,29,8.25,5.77,7
2025-10-04 11:00,10026,Test product 27 (growing),Household,SALE,3,7.9,5.53,7
2025-10-04 12:00,10007,Test product 8 (seasonal),Drinks,SALE,6,7.86,5.5,7
2025-10-04 12:00,10020,Test product 21 (growing),Stationery,SALE,28,8.66,6.06,7
2025-10-04 13:00,10002,Test product 3 (growing),Household,SALE,7,3.2,2.24,7
2025-10-04 13:00,10014,Test product 15 (growing),Household,SALE,11,5.58,3.91,7
2025-10-04 13:00,10036,Test product 37 (smooth),Stationery,SALE,6,2.81,1.97,7
2025-10-04 14:00,10035,Test product 36 (lumpy),Drinks,SALE,13,8.11,5.68,7
2025-10-04 15:00,10000,Test product 1 (smooth),Stationery,SALE,26,8.26,5.78,7
2025-10-04 15:00,10027,Test product 28 (declining),Drinks,SALE,17,4.32,3.02,7
2025-10-04 16:00,10014,Test product 15 (growing),Household,SALE,9,5.58,3.91,7
2025-10-04 16:00,10016,Test product 17 (intermittent),Stationery,SALE,3,3.53,2.47,7
2025-10-06 00:00,10000,Test product 1 (smooth),Stationery,RESTOCK,124,5.78,5.78,7
2025-10-06 00:00,10015,Test product 16 (declining),Drinks,RESTOCK,46,7.21,7.21,7
2025-10-06 00:00,10020,Test product 21 (growing),Stationery,RESTOCK,144,6.06,6.06,7
2025-10-06 00:00,10035,Test product 36 (lumpy),Drinks,RESTOCK,34,5.68,5.68,7
2025-10-06 09:00,10026,Test product 27 (growing),Household,SALE,5,7.9,5.53,7
2025-10-06 10:00,10019,Test product 20 (seasonal),Drinks,SALE,8,9.26,6.48,7
2025-10-06 11:00,10012,Test product 13 (smooth),Stationery,SALE,26,8.25,5.77,7
2025-10-06 11:00,10031,Test product 32 (seasonal),Drinks,SALE,18,7.4,5.18,7
2025-10-06 13:00,10008,Test product 9 (growing),Stationery,SALE,3,4.89,3.42,7
2025-10-06 14:00,10010,Test product 11 (intermittent),Household,SALE,1,10.5,7.35,7
2025-10-06 14:00,10014,Test product 15 (growing),Household,SALE,5,5.58,3.91,7
2025-10-06 15:00,10021,Test product 22 (declining),Snacks,SALE,17,9.47,6.63,7
2025-10-06 16:00,10015,Test product 16 (declining),Drinks,SALE,10,10.3,7.21,7
2025-10-06 16:00,10032,Test product 33 (growing),Stationery,SALE,7,5.47,3.83,7
2025-10-07 08:00,10032,Test product 33 (growing),Stationery,SALE,15,5.47,3.83,7
2025-10-07 10:00,10005,Test product 6 (lumpy),Snacks,SALE,29,9.38,6.57,7
2025-10-07 13:00,10020,Test product 21 (growing),Stationery,SALE,24,8.66,6.06,7
2025-10-07 14:00,10003,Test product 4 (declining),Drinks,SALE,24,6.94,4.86,7
2025-10-07 14:00,10013,Test product 14 (seasonal),Snacks,SALE,18,6.02,4.21,7
2025-10-07 14:00,10037,Test product 38 (seasonal),Snacks,SALE,10,4.46,3.12,7
2025-10-08 08:00,10019,Test product 20 (seasonal),Drinks,SALE,7,9.26,6.48,7
2025-10-08 08:00,10026,Test product 27 (growing),Household,SALE,3,7.9,5.53,7
2025-10-08 10:00,10032,Test product 33 (growing),Stationery,SALE,10,5.47,3.83,7
2025-10-08 11:00,10019,Test product 20 (seasonal),Drinks,SALE,8,9.26,6.48,7
2025-10-08 11:00,10022,Test product 23 (intermittent),Household,SALE,3,10.2,7.14,7
2025-10-08 11:00,10036,Test product 37 (smooth),Stationery,SALE,23,2.81,1.97,7
2025-10-08 12:00,10013,Test product 14 (seasonal),Snacks,SALE,15,6.02,4.21,7
2025-10-08 12:00,10023,Test product 24 (lumpy),Drinks,SALE,10,3.93,2.75,7
2025-10-08 15:00,10008,Test product 9 (growing),Stationery,SALE,6,4.89,3.42,7
2025-10-08 17:00,10024,Test product 25 (smooth),Stationery,SALE,37,5.15,3.6,7
2025-10-08 17:00,10037,Test product 38 (seasonal),Snacks,SALE,8,4.46,3.12,7
2025-10-09 08:00,10008,Test product 9 (growing),Stationery,SALE,4,4.89,3.42,7
2025-10-09 08:00,10022,Test product 23 (intermittent),Household,SALE,3,10.2,7.14,7
2025-10-09 08:00,10025,Test product 26 (seasonal),Snacks,SALE,17,6.65,4.66,7
2025-10-09 09:00,10027,Test product 28 (declining),Drinks,SALE,25,4.32,3.02,7
2025-10-09 10:00,10038,Test product 39 (growing),Household,SALE,20,3.82,2.67,7
2025-10-09 14:00,10006,Test product 7 (smooth),Household,SALE,20,2.37,1.66,7
2025-10-09 15:00,10014,Test product 15 (growing),Household,SALE,4,5.58,3.91,7
2025-10-09 15:00,10021,Test product 22 (declining),Snacks,SALE,9,9.47,6.63,7
2025-10-09 15:00,10030,Test product 31 (smooth),Household,SALE,30,6.94,4.86,7
2025-10-09 16:00,10023,Test product 24 (lumpy),Drinks,SALE,14,3.93,2.75,7
2025-10-09 16:00,10039,Test product 40 (declining),Drinks,SALE,5,0.75,0.52,7
2025-10-09 17:00,10009,Test product 10 (declining),Snacks,SALE,6,7.37,5.16,7
2025-10-10 08:00,10009,Test product 10 (declining),Snacks,SALE,11,7.37,5.16,7
2025-10-10 09:00,10002,Test product 3 (growing),Household,SALE,5,3.2,2.24,7
2025-10-10 09:00,10010,Test product 11 (intermittent),Household,SALE,3,10.5,7.35,7
2025-10-10 09:00,10038,Test product 39 (growing),Household,SALE,12,3.82,2.67,7
2025-10-10 10:00,10003,Test product 4 (declining),Drinks,SALE,23,6.94,4.86,7
2025-10-10 11:00,10001,Test product 2 (seasonal),Snacks,SALE,26,3.68,2.58,7
2025-10-10 13:00,10021,Test product 22 (declining),Snacks,SALE,14,9.47,6.63,7
2025-10-10 14:00,10002,Test product 3 (growing),Household,SALE,6,3.2,2.24,7
2025-10-10 15:00,10000,Test product 1 (smooth),Stationery,SALE,28,8.26,5.78,7
2025-10-10 16:00,10016,Test product 17 (intermittent),Stationery,SALE,3,3.53,2.47,7
2025-10-11 08:00,10005,Test product 6 (lumpy),Snacks,SALE,32,9.38,6.57,7
2025-10-11 09:00,10002,Test product 3 (growing),Household,SALE,11,3.2,2.24,7
2025-10-11 09:00,10033,Test product 34 (declining),Snacks,SALE,41,0.94,0.66,7
2025-10-11 10:00,10016,Test product 17 (intermittent),Stationery,SALE,7,3.53,2.47,7
2025-10-11 11:00,10018,Test product 19 (smooth),Household,SALE,20,3.32,2.32,7
2025-10-11 12:00,10009,Test product 10 (declining),Snacks,SALE,12,7.37,5.16,7
2025-10-11 12:00,10026,Test product 27 (growing),Household,SALE,5,7.9,5.53,7
2025-10-11 13:00,10007,Test product 8 (seasonal),Drinks,SALE,29,7.86,5.5,7
2025-10-11 13:00,10039,Test product 40 (declining),Drinks,SALE,4,0.75,0.52,7
2025-10-11 16:00,10023,Test product 24 (lumpy),Drinks,SALE,7,3.93,2.75,7
2025-10-11 17:00,10025,Test product 26 (seasonal),Snacks,SALE,15,6.65,4.66,7
2025-10-13 00:00,10001,Test product 2 (seasonal),Snacks,RESTOCK,116,2.58,2.58,7
2025-10-13 00:00,10002,Test product 3 (growing),Household,RESTOCK,89,2.24,2.24,7
2025-10-13 00:00,10003,Test product 4 (declining),Drinks,RESTOCK,148,4.86,4.86,7
2025-10-13 00:00,10004,Test product 5 (intermittent),Stationery,RESTOCK,6,2.28,2.28,7
2025-10-13 00:00,10006,Test product 7 (smooth),Household,RESTOCK,144,1.66,1.66,7
2025-10-13 00:00,10007,Test product 8 (seasonal),Drinks,RESTOCK,141,5.5,5.5,7
2025-10-13 00:00,10008,Test product 9 (growing),Stationery,RESTOCK,50,3.42,3.42,7
2025-10-13 00:00,10009,Test product 10 (declining),Snacks,RESTOCK,88,5.16,5.16,7
2025-10-13 00:00,10011,Test product 12 (lumpy),Drinks,RESTOCK,32,1.7,1.7,7
2025-10-13 00:00,10012,Test product 13 (smooth),Stationery,RESTOCK,121,5.77,5.77,7
2025-10-13 00:00,10013,Test product 14 (seasonal),Snacks,RESTOCK,146,4.21,4.21,7
2025-10-13 00:00,10014,Test product 15 (growing),Household,RESTOCK,55,3.91,3.91,7
2025-10-13 00:00,10016,Test product 17 (intermittent),Stationery,RESTOCK,9,2.47,2.47,7
2025-10-13 00:00,10017,Test product 18 (lumpy),Snacks,RESTOCK,38,0.69,0.69,7
2025-10-13 00:00,10018,Test product 19 (smooth),Household,RESTOCK,77,2.32,2.32,7
2025-10-13 00:00,10019,Test product 20 (seasonal),Drinks,RESTOCK,82,6.48,6.48,7
2025-10-13 00:00,10021,Test product 22 (declining),Snacks,RESTOCK,120,6.63,6.63,7
2025-10-13 00:00,10022,Test product 23 (intermittent),Household,RESTOCK,9,7.14,7.14,7
2025-10-13 00:00,10023,Test product 24 (lumpy),Drinks,RESTOCK,22,2.75,2.75,7
2025-10-13 00:00,10024,Test product 25 (smooth),Stationery,RESTOCK,132,3.6,3.6,7
2025-10-13 00:00,10025,Test product 26 (seasonal),Snacks,RESTOCK,120,4.66,4.66,7
2025-10-13 00:00,10026,Test product 27 (growing),Household,RESTOCK,52,5.53,5.53,7
2025-10-13 00:00,10027,Test product 28 (declining),Drinks,RESTOCK,85,3.02,3.02,7
2025-10-13 00:00,10028,Test product 29 (intermittent),Stationery,RESTOCK,7,3.79,3.79,7
2025-10-13 00:00,10029,Test product 30 (lumpy),Snacks,RESTOCK,23,6.69,6.69,7
2025-10-13 00:00,10030,Test product 31 (smooth),Household,RESTOCK,114,4.86,4.86,7
2025-10-13 00:00,10031,Test product 32 (seasonal),Drinks,RESTOCK,65,5.18,5.18,7
2025-10-13 00:00,10032,Test product 33 (growing),Stationery,RESTOCK,134,3.83,3.83,7
2025-10-13 00:00,10033,Test product 34 (declining),Snacks,RESTOCK,132,0.66,0.66,7
2025-10-13 00:00,10034,Test product 35 (intermittent),Household,RESTOCK,7,1.11,1.11,7
2025-10-13 00:00,10036,Test product 37 (smooth),Stationery,RESTOCK,102,1.97,1.97,7
2025-10-13 00:00,10037,Test product 38 (seasonal),Snacks,RESTOCK,79,3.12,3.12,7
2025-10-13 00:00,10038,Test product 39 (growing),Household,RESTOCK,158,2.67,2.67,7
2025-10-13 00:00,10039,Test product 40 (declining),Drinks,RESTOCK,32,0.52,0.52,7
2025-10-13 08:00,10030,Test product 31 (smooth),Household,SALE,7,6.94,4.86,7
2025-10-13 08:00,10036,Test product 37 (smooth),Stationery,SALE,10,2.81,1.97,7
2025-10-13 11:00,10000,Test product 1 (smooth),Stationery,SALE,23,8.26,5.78,7
2025-10-13 13:00,10038,Test product 39 (growing),Household,SALE,33,3.82,2.67,7
2025-10-13 16:00,10021,Test product 22 (declining),Snacks,SALE,12,9.47,6.63,7
2025-10-13 17:00,10006,Test product 7 (smooth),Household,SALE,40,2.37,1.66,7
2025-10-14 08:00,10002,Test product 3 (growing),Household,SALE,9,3.2,2.24,7
2025-10-14 08:00,10021,Test product 22 (declining),Snacks,SALE,12,9.47,6.63,7
2025-10-14 08:00,10028,Test product 29 (intermittent),Stationery,SALE,1,5.41,3.79,7
2025-10-14 09:00,10018,Test product 19 (smooth),Household,SALE,14,3.32,2.32,7
2025-10-14 11:00,10015,Test product 16 (declining),Drinks,SALE,2,10.3,7.21,7
2025-10-14 14:00,10025,Test product 26 (seasonal),Snacks,SALE,22,6.65,4.66,7
2025-10-14 14:00,10028,Test product 29 (intermittent),Stationery,SALE,2,5.41,3.79,7
2025-10-14 16:00,10002,Test product 3 (growing),Household,SALE,8,3.2,2.24,7
2025-10-14 17:00,10002,Test product 3 (growing),Household,SALE,6,3.2,2.24,7
2025-10-14 17:00,10030,Test product 31 (smooth),Household,SALE,9,6.94,4.86,7
2025-10-14 17:00,10033,Test product 34 (declining),Snacks,SALE,24,0.94,0.66,7
2025-10-15 08:00,10024,Test product 25 (smooth),Stationery,SALE,12,5.15,3.6,7
2025-10-15 09:00,10019,Test product 20 (seasonal),Drinks,SALE,16,9.26,6.48,7
2025-10-15 09:00,10033,Test product 34 (declining),Snacks,SALE,20,0.94,0.66,7
2025-10-15 12:00,10039,Test product 40 (declining),Drinks,SALE,2,0.75,0.52,7
2025-10-15 13:00,10013,Test product 14 (seasonal),Snacks,SALE,51,6.02,4.21,7
2025-10-15 17:00,10007,Test product 8 (seasonal),Drinks,SALE,13,7.86,5.5,7
2025-10-16 09:00,10020,Test product 21 (growing),Stationery,SALE,12,8.66,6.06,7
2025-10-16 10:00,10031,Test product 32 (seasonal),Drinks,SALE,18,7.4,5.18,7
2025-10-16 11:00,10001,Test product 2 (seasonal),Snacks,SALE,31,3.68,2.58,7
2025-10-16 11:00,10037,Test product 38 (seasonal),Snacks,SALE,2,4.46,3.12,7
2025-10-16 12:00,10024,Test product 25 (smooth),Stationery,SALE,15,5.15,3.6,7
2025-10-16 13:00,10008,Test product 9 (growing),Stationery,SALE,10,4.89,3.42,7
2025-10-16 14:00,10015,Test product 16 (declining),Drinks,SALE,11,10.3,7.21,7
2025-10-16 15:00,10012,Test product 13 (smooth),Stationery,SALE,28,8.25,5.77,7
2025-10-16 15:00,10019,Test product 20 (seasonal),Drinks,SALE,15,9.26,6.48,7
2025-10-16 17:00,10026,Test product 27 (growing),Household,SALE,14,7.9,5.53,7
2025-10-17 08:00,10020,Test product 21 (growing),Stationery,SALE,14,8.66,6.06,7
2025-10-17 09:00,10003,Test product 4 (declining),Drinks,SALE,20,6.94,4.86,7
2025-10-17 09:00,10020,Test product 21 (growing),Stationery,SALE,9,8.66,6.06,7
2025-10-17 10:00,10003,Test product 4 (declining),Drinks,SALE,22,6.94,4.86,7
2025-10-17 10:00,10039,Test product 40 (declining),Drinks,SALE,2,0.75,0.52,7
2025-10-17 13:00,10009,Test product 10 (declining),Snacks,SALE,10,7.37,5.16,7
2025-10-17 14:00,10027,Test product 28 (declining),Drinks,SALE,24,4.32,3.02,7
2025-10-17 15:00,10032,Test product 33 (growing),Stationery,SALE,26,5.47,3.83,7
2025-10-18 10:00,10036,Test product 37 (smooth),Stationery,SALE,14,2.81,1.97,7
2025-10-18 11:00,10039,Test product 40 (declining),Drinks,SALE,2,0.75,0.52,7
2025-10-18 12:00,10014,Test product 15 (growing),Household,SALE,14,5.58,3.91,7
2025-10-18 14:00,10007,Test product 8 (seasonal),Drinks,SALE,16,7.86,5.5,7
2025-10-18 15:00,10009,Test product 10 (declining),Snacks,SALE,10,7.37,5.16,7
2025-10-18 16:00,10037,Test product 38 (seasonal),Snacks,SALE,5,4.46,3.12,7
2025-10-18 16:00,10037,Test product 38 (seasonal),Snacks,SALE,5,4.46,3.12,7
2025-10-18 17:00,10021,Test product 22 (declining),Snacks,SALE,11,9.47,6.63,7
2025-10-20 00:00,10010,Test product 11 (intermittent),Household,RESTOCK,7,7.35,7.35,7
2025-10-20 09:00,10013,Test product 14 (seasonal),Snacks,SALE,11,6.02,4.21,7
2025-10-20 09:00,10038,Test product 39 (growing),Household,SALE,35,3.82,2.67,7
2025-10-20 11:00,10003,Test product 4 (declining),Drinks,SALE,9,6.94,4.86,7
2025-10-20 12:00,10026,Test product 27 (growing),Household,SALE,6,7.9,5.53,7
2025-10-20 13:00,10018,Test product 19 (smooth),Household,SALE,11,3.32,2.32,7
2025-10-20 16:00,10001,Test product 2 (seasonal),Snacks,SALE,6,3.68,2.58,7
2025-10-20 16:00,10022,Test product 23 (intermittent),Household,SALE,2,10.2,7.14,7
2025-10-20 17:00,10025,Test product 26 (seasonal),Snacks,SALE,12,6.65,4.66,7
2025-10-21 09:00,10002,Test product 3 (growing),Household,SALE,21,3.2,2.24,7
2025-10-21 09:00,10014,Test product 15 (growing),Household,SALE,3,5.58,3.91,7
2025-10-21 09:00,10024,Test product 25 (smooth),Stationery,SALE,7,5.15,3.6,7
2025-10-21 09:00,10036,Test product 37 (smooth),Stationery,SALE,26,2.81,1.97,7
2025-10-21 11:00,10018,Test product 19 (smooth),Household,SALE,11,3.32,2.32,7
2025-10-21 13:00,10006,Test product 7 (smooth),Household,SALE,20,2.37,1.66,7
2025-10-21 14:00,10013,Test product 14 (seasonal),Snacks,SALE,9,6.02,4.21,7
2025-10-21 16:00,10026,Test product 27 (growing),Household,SALE,6,7.9,5.53,7
2025-10-22 08:00,10003,Test product 4 (declining),Drinks,SALE,18,6.94,4.86,7
2025-10-22 09:00,10012,Test product 13 (smooth),Stationery,SALE,16,8.25,5.77,7
2025-10-22 09:00,10024,Test product 25 (smooth),Stationery,SALE,10,5.15,3.6,7
2025-10-22 09:00,10033,Test product 34 (declining),Snacks,SALE,7,0.94,0.66,7
2025-10-22 09:00,10037,Test product 38 (seasonal),Snacks,SALE,8,4.46,3.12,7
2025-10-22 10:00,10033,Test product 34 (declining),Snacks,SALE,5,0.94,0.66,7
2025-10-22 12:00,10000,Test product 1 (smooth),Stationery,SALE,26,8.26,5.78,7
2025-10-22 12:00,10022,Test product 23 (intermittent),Household,SALE,1,10.2,7.14,7
2025-10-22 12:00,10030,Test product 31 (smooth),Household,SALE,15,6.94,4.86,7
2025-10-22 13:00,10015,Test product 16 (declining),Drinks,SALE,6,10.3,7.21,7
2025-10-22 13:00,10032,Test product 33 (growing),Stationery,SALE,14,5.47,3.83,7
2025-10-22 13:00,10037,Test product 38 (seasonal),Snacks,SALE,5,4.46,3.12,7
2025-10-22 14:00,10007,Test product 8 (seasonal),Drinks,SALE,9,7.86,5.5,7
2025-10-22 15:00,10030,Test product 31 (smooth),Household,SALE,14,6.94,4.86,7
2025-10-23 08:00,10033,Test product 34 (declining),Snacks,SALE,15,0.94,0.66,7
2025-10-23 11:00,10027,Test product 28 (declining),Drinks,SALE,14,4.32,3.02,7
2025-10-23 13:00,10021,Test product 22 (declining),Snacks,SALE,11,9.47,6.63,7
2025-10-23 14:00,10001,Test product 2 (seasonal),Snacks,SALE,13,3.68,2.58,7
2025-10-23 14:00,10003,Test product 4 (declining),Drinks,SALE,14,6.94,4.86,7
2025-10-23 14:00,10007,Test product 8 (seasonal),Drinks,SALE,15,7.86,5.5,7
2025-10-23 14:00,10032,Test product 33 (growing),Stationery,SALE,12,5.47,3.83,7
2025-10-23 16:00,10008,Test product 9 (growing),Stationery,SALE,10,4.89,3.42,7
2025-10-23 16:00,10020,Test product 21 (growing),Stationery,SALE,16,8.66,6.06,7
2025-10-23 17:00,10006,Test product 7 (smooth),Household,SALE,18,2.37,1.66,7
2025-10-23 17:00,10015,Test product 16 (declining),Drinks,SALE,2,10.3,7.21,7
2025-10-24 08:00,10007,Test product 8 (seasonal),Drinks,SALE,8,7.86,5.5,7
2025-10-24 08:00,10025,Test product 26 (seasonal),Snacks,SALE,24,6.65,4.66,7
2025-10-24 10:00,10015,Test product 16 (declining),Drinks,SALE,10,10.3,7.21,7
2025-10-24 10:00,10037,Test product 38 (seasonal),Snacks,SALE,9,4.46,3.12,7
2025-10-24 11:00,10014,Test product 15 (growing),Household,SALE,6,5.58,3.91,7
2025-10-24 13:00,10021,Test product 22 (declining),Snacks,SALE,10,9.47,6.63,7
2025-10-24 14:00,10019,Test product 20 (seasonal),Drinks,SALE,33,9.26,6.48,7
2025-10-24 15:00,10032,Test product 33 (growing),Stationery,SALE,9,5.47,3.83,7
2025-10-24 17:00,10027,Test product 28 (declining),Drinks,SALE,15,4.32,3.02,7
2025-10-25 08:00,10009,Test product 10 (declining),Snacks,SALE,13,7.37,5.16,7
2025-10-25 08:00,10024,Test product 25 (smooth),Stationery,SALE,11,5.15,3.6,7
2025-10-25 11:00,10012,Test product 13 (smooth),Stationery,SALE,10,8.25,5.77,7
2025-10-25 11:00,10013,Test product 14 (seasonal),Snacks,SALE,12,6.02,4.21,7
2025-10-25 12:00,10009,Test product 10 (declining),Snacks,SALE,15,7.37,5.16,7
2025-10-25 13:00,10031,Test product 32 (seasonal),Drinks,SALE,14,7.4,5.18,7
2025-10-25 15:00,10039,Test product 40 (declining),Drinks,SALE,11,0.75,0.52,7
2025-10-25 16:00,10020,Test product 21 (growing),Stationery,SALE,11,8.66,6.06,7
2025-10-27 00:00,10005,Test product 6 (lumpy),Snacks,RESTOCK,34,6.57,6.57,7
2025-10-27 09:00,10019,Test product 20 (seasonal),Drinks,SALE,8,9.26,6.48,7
2025-10-27 10:00,10021,Test product 22 (declining),Snacks,SALE,11,9.47,6.63,7
2025-10-27 12:00,10024,Test product 25 (smooth),Stationery,SALE,15,5.15,3.6,7
2025-10-27 15:00,10015,Test product 16 (declining),Drinks,SALE,4,10.3,7.21,7
2025-10-27 15:00,10037,Test product 38 (seasonal),Snacks,SALE,15,4.46,3.12,7
2025-10-27 16:00,10009,Test product 10 (declining),Snacks,SALE,7,7.37,5.16,7
2025-10-28 10:00,10025,Test product 26 (seasonal),Snacks,SALE,12,6.65,4.66,7
2025-10-28 10:00,10039,Test product 40 (declining),Drinks,SALE,2,0.75,0.52,7
2025-10-28 11:00,10019,Test product 20 (seasonal),Drinks,SALE,12,9.26,6.48,7
2025-10-28 11:00,10024,Test product 25 (smooth),Stationery,SALE,9,5.15,3.6,7
2025-10-28 12:00,10002,Test product 3 (growing),Household,SALE,7,3.2,2.24,7
2025-10-28 12:00,10002,Test product 3 (growing),Household,SALE,8,3.2,2.24,7
2025-10-28 12:00,10012,Test product 13 (smooth),Stationery,SALE,23,8.25,5.77,7
2025-10-28 13:00,10000,Test product 1 (smooth),Stationery,SALE,11,8.26,5.78,7
2025-10-28 15:00,10025,Test product 26 (seasonal),Snacks,SALE,8,6.65,4.66,7
2025-10-28 17:00,10025,Test product 26 (seasonal),Snacks,SALE,11,6.65,4.66,7
2025-10-29 08:00,10021,Test product 22 (declining),Snacks,SALE,12,9.47,6.63,7
2025-10-29 10:00,10032,Test product 33 (growing),Stationery,SALE,23,5.47,3.83,7
2025-10-29 12:00,10020,Test product 21 (growing),Stationery,SALE,14,8.66,6.06,7
2025-10-29 13:00,10004,Test product 5 (intermittent),Stationery,SALE,2,3.26,2.28,7
2025-10-29 13:00,10027,Test product 28 (declining),Drinks,SALE,15,4.32,3.02,7
2025-10-29 13:00,10029,Test product 30 (lumpy),Snacks,SALE,5,9.55,6.69,7
2025-10-29 14:00,10038,Test product 39 (growing),Household,SALE,42,3.82,2.67,7
2025-10-29 16:00,10000,Test product 1 (smooth),Stationery,SALE,11,8.26,5.78,7
2025-10-29 17:00,10002,Test product 3 (growing),Household,SALE,5,3.2,2.24,7
2025-10-29 17:00,10015,Test product 16 (declining),Drinks,SALE,5,10.3,7.21,7
2025-10-30 08:00,10036,Test product 37 (smooth),Stationery,SALE,23,2.81,1.97,7
2025-10-30 11:00,10003,Test product 4 (declining),Drinks,SALE,41,6.94,4.86,7
2025-10-30 11:00,10021,Test product 22 (declining),Snacks,SALE,8,9.47,6.63,7
2025-10-30 14:00,10008,Test product 9 (growing),Stationery,SALE,7,4.89,3.42,7
2025-10-30 14:00,10024,Test product 25 (smooth),Stationery,SALE,10,5.15,3.6,7
2025-10-30 14:00,10026,Test product 27 (growing),Household,SALE,16,7.9,5.53,7
2025-10-30 15:00,10001,Test product 2 (seasonal),Snacks,SALE,25,3.68,2.58,7
2025-10-30 15:00,10033,Test product 34 (declining),Snacks,SALE,26,0.94,0.66,7
2025-10-30 15:00,10039,Test product 40 (declining),Drinks,SALE,2,0.75,0.52,7
2025-10-30 16:00,10006,Test product 7 (smooth),Household,SALE,31,2.37,1.66,7
2025-10-31 08:00,10014,Test product 15 (growing),Household,SALE,8,5.58,3.91,7
2025-10-31 08:00,10018,Test product 19 (smooth),Household,SALE,18,3.32,2.32,7
2025-10-31 08:00,10032,Test product 33 (growing),Stationery,SALE,19,5.47,3.83,7
2025-10-31 09:00,10016,Test product 17 (intermittent),Stationery,SALE,4,3.53,2.47,7
2025-10-31 11:00,10027,Test product 28 (declining),Drinks,SALE,13,4.32,3.02,7
2025-10-31 11:00,10030,Test product 31 (smooth),Household,SALE,18,6.94,4.86,7
2025-10-31 12:00,10029,Test product 30 (lumpy),Snacks,SALE,14,9.55,6.69,7
2025-10-31 14:00,10020,Test product 21 (growing),Stationery,SALE,17,8.66,6.06,7
2025-10-31 15:00,10007,Test product 8 (seasonal),Drinks,SALE,45,7.86,5.5,7
2025-10-31 15:00,10039,Test product 40 (declining),Drinks,SALE,5,0.75,0.52,7
2025-10-31 16:00,10004,Test product 5 (intermittent),Stationery,SALE,1,3.26,2.28,7
2025-10-31 16:00,10014,Test product 15 (growing),Household,SALE,11,5.58,3.91,7
2025-10-31 17:00,10015,Test product 16 (declining),Drinks,SALE,3,10.3,7.21,7
2025-11-01 11:00,10019,Test product 20 (seasonal),Drinks,SALE,8,9.26,6.48,7
2025-11-01 13:00,10013,Test product 14 (seasonal),Snacks,SALE,38,6.02,4.21,7
2025-11-01 14:00,10031,Test product 32 (seasonal),Drinks,SALE,9,7.4,5.18,7
2025-11-01 16:00,10030,Test product 31 (smooth),Household,SALE,14,6.94,4.86,7
2025-11-01 17:00,10009,Test product 10 (declining),Snacks,SALE,13,7.37,5.16,7
2025-11-03 00:00,10000,Test product 1 (smooth),Stationery,RESTOCK,122,5.78,5.78,7
2025-11-03 00:00,10015,Test product 16 (declining),Drinks,RESTOCK,52,7.21,7.21,7
2025-11-03 00:00,10020,Test product 21 (growing),Stationery,RESTOCK,158,6.06,6.06,7
2025-11-03 00:00,10035,Test product 36 (lumpy),Drinks,RESTOCK,34,5.68,5.68,7
2025-11-03 08:00,10000,Test product 1 (smooth),Stationery,SALE,7,8.26,5.78,7
2025-11-03 08:00,10009,Test product 10 (declining),Snacks,SALE,25,7.37,5.16,7
2025-11-03 08:00,10019,Test product 20 (seasonal),Drinks,SALE,37,9.26,6.48,7
2025-11-03 10:00,10036,Test product 37 (smooth),Stationery,SALE,11,2.81,1.97,7
2025-11-03 11:00,10032,Test product 33 (growing),Stationery,SALE,13,5.47,3.83,7
2025-11-03 12:00,10012,Test product 13 (smooth),Stationery,SALE,10,8.25,5.77,7
2025-11-03 13:00,10010,Test product 11 (intermittent),Household,SALE,3,10.5,7.35,7
2025-11-03 13:00,10018,Test product 19 (smooth),Household,SALE,8,3.32,2.32,7
2025-11-03 13:00,10025,Test product 26 (seasonal),Snacks,SALE,9,6.65,4.66,7
2025-11-03 14:00,10002,Test product 3 (growing),Household,SALE,10,3.2,2.24,7
2025-11-03 14:00,10012,Test product 13 (smooth),Stationery,SALE,9,8.25,5.77,7
2025-11-03 14:00,10025,Test product 26 (seasonal),Snacks,SALE,7,6.65,4.66,7
2025-11-03 15:00,10016,Test product 17 (intermittent),Stationery,SALE,2,3.53,2.47,7
2025-11-03 17:00,10006,Test product 7 (smooth),Household,SALE,38,2.37,1.66,7
2025-11-03 17:00,10018,Test product 19 (smooth),Household,SALE,6,3.32,2.32,7
2025-11-03 17:00,10020,Test product 21 (growing),Stationery,SALE,27,8.66,6.06,7
2025-11-04 09:00,10036,Test product 37 (smooth),Stationery,SALE,8,2.81,1.97,7
2025-11-04 09:00,10039,Test product 40 (declining),Drinks,SALE,5,0.75,0.52,7
2025-11-04 10:00,10036,Test product 37 (smooth),Stationery,SALE,5,2.81,1.97,7
2025-11-04 15:00,10014,Test product 15 (growing),Household,SALE,6,5.58,3.91,7
2025-11-04 15:00,10039,Test product 40 (declining),Drinks,SALE,5,0.75,0.52,7
2025-11-04 16:00,10011,Test product 12 (lumpy),Drinks,SALE,5,2.43,1.7,7
2025-11-05 09:00,10000,Test product 1 (smooth),Stationery,SALE,7,8.26,5.78,7
2025-11-05 11:00,10030,Test product 31 (smooth),Household,SALE,14,6.94,4.86,7
2025-11-05 12:00,10007,Test product 8 (seasonal),Drinks,SALE,14,7.86,5.5,7
2025-11-05 13:00,10013,Test product 14 (seasonal),Snacks,SALE,15,6.02,4.21,7
2025-11-05 14:00,10014,Test product 15 (growing),Household,SALE,4,5.58,3.91,7
2025-11-05 14:00,10027,Test product 28 (declining),Drinks,SALE,6,4.32,3.02,7
2025-11-05 16:00,10003,Test product 4 (declining),Drinks,SALE,34,6.94,4.86,7
2025-11-05 16:00,10037,Test product 38 (seasonal),Snacks,SALE,12,4.46,3.12,7
2025-11-05 17:00,10001,Test product 2 (seasonal),Snacks,SALE,58,3.68,2.58,7
2025-11-05 17:00,10026,Test product 27 (growing),Household,SALE,2,7.9,5.53,7
2025-11-06 08:00,10021,Test product 22 (declining),Snacks,SALE,38,9.47,6.63,7
2025-11-06 09:00,10007,Test product 8 (seasonal),Drinks,SALE,17,7.86,5.5,7
2025-11-06 10:00,10026,Test product 27 (growing),Household,SALE,4,7.9,5.53,7
2025-11-06 12:00,10027,Test product 28 (declining),Drinks,SALE,5,4.32,3.02,7
2025-11-06 12:00,10035,Test product 36 (lumpy),Drinks,SALE,2,8.11,5.68,7
2025-11-06 14:00,10030,Test product 31 (smooth),Household,SALE,10,6.94,4.86,7
2025-11-06 16:00,10027,Test product 28 (declining),Drinks,SALE,11,4.32,3.02,7
2025-11-06 17:00,10015,Test product 16 (declining),Drinks,SALE,14,10.3,7.21,7
2025-11-06 17:00,10033,Test product 34 (declining),Snacks,SALE,8,0.94,0.66,7
2025-11-07 09:00,10020,Test product 21 (growing),Stationery,SALE,9,8.66,6.06,7
2025-11-07 10:00,10007,Test product 8 (seasonal),Drinks,SALE,9,7.86,5.5,7
2025-11-07 10:00,10011,Test product 12 (lumpy),Drinks,SALE,4,2.43,1.7,7
2025-11-07 13:00,10000,Test product 1 (smooth),Stationery,SALE,6,8.26,5.78,7
2025-11-07 13:00,10032,Test product 33 (growing),Stationery,SALE,9,5.47,3.83,7
2025-11-07 14:00,10026,Test product 27 (growing),Household,SALE,4,7.9,5.53,7
2025-11-07 16:00,10012,Test product 13 (smooth),Stationery,SALE,11,8.25,5.77,7
2025-11-07 16:00,10025,Test product 26 (seasonal),Snacks,SALE,13,6.65,4.66,7
2025-11-07 16:00,10030,Test product 31 (smooth),Household,SALE,5,6.94,4.86,7
2025-11-07 16:00,10032,Test product 33 (growing),Stationery,SALE,10,5.47,3.83,7
2025-11-07 16:00,10037,Test product 38 (seasonal),Snacks,SALE,9,4.46,3.12,7
2025-11-07 17:00,10038,Test product 39 (growing),Household,SALE,39,3.82,2.67,7
2025-11-08 09:00,10008,Test product 9 (growing),Stationery,SALE,1,4.89,3.42,7
2025-11-08 10:00,10002,Test product 3 (growing),Household,SALE,16,3.2,2.24,7
2025-11-08 12:00,10011,Test product 12 (lumpy),Drinks,SALE,2,2.43,1.7,7
2025-11-08 12:00,10031,Test product 32 (seasonal),Drinks,SALE,5,7.4,5.18,7
2025-11-08 13:00,10033,Test product 34 (declining),Snacks,SALE,10,0.94,0.66,7
2025-11-08 13:00,10035,Test product 36 (lumpy),Drinks,SALE,3,8.11,5.68,7
2025-11-08 14:00,10008,Test product 9 (growing),Stationery,SALE,4,4.89,3.42,7
2025-11-08 14:00,10033,Test product 34 (declining),Snacks,SALE,7,0.94,0.66,7
2025-11-08 15:00,10013,Test product 14 (seasonal),Snacks,SALE,13,6.02,4.21,7
2025-11-08 15:00,10031,Test product 32 (seasonal),Drinks,SALE,7,7.4,5.18,7
2025-11-08 17:00,10013,Test product 14 (seasonal),Snacks,SALE,18,6.02,4.21,7
2025-11-08 17:00,10014,Test product 15 (growing),Household,SALE,5,5.58,3.91,7
2025-11-08 17:00,10024,Test product 25 (smooth),Stationery,SALE,35,5.15,3.6,7
2025-11-10 00:00,10001,Test product 2 (seasonal),Snacks,RESTOCK,115,2.58,2.58,7
2025-11-10 00:00,10002,Test product 3 (growing),Household,RESTOCK,109,2.24,2.24,7
2025-11-10 00:00,10003,Test product 4 (declining),Drinks,RESTOCK,147,4.86,4.86,7
2025-11-10 00:00,10004,Test product 5 (intermittent),Stationery,RESTOCK,7,2.28,2.28,7
2025-11-10 00:00,10006,Test product 7 (smooth),Household,RESTOCK,122,1.66,1.66,7
2025-11-10 00:00,10007,Test product 8 (seasonal),Drinks,RESTOCK,147,5.5,5.5,7
2025-11-10 00:00,10008,Test product 9 (growing),Stationery,RESTOCK,49,3.42,3.42,7
2025-11-10 00:00,10009,Test product 10 (declining),Snacks,RESTOCK,76,5.16,5.16,7
2025-11-10 00:00,10011,Test product 12 (lumpy),Drinks,RESTOCK,37,1.7,1.7,7
2025-11-10 00:00,10012,Test product 13 (smooth),Stationery,RESTOCK,113,5.77,5.77,7
2025-11-10 00:00,10013,Test product 14 (seasonal),Snacks,RESTOCK,138,4.21,4.21,7
2025-11-10 00:00,10014,Test product 15 (growing),Household,RESTOCK,63,3.91,3.91,7
2025-11-10 00:00,10016,Test product 17 (intermittent),Stationery,RESTOCK,9,2.47,2.47,7
2025-11-10 00:00,10017,Test product 18 (lumpy),Snacks,RESTOCK,37,0.69,0.69,7
2025-11-10 00:00,10018,Test product 19 (smooth),Household,RESTOCK,69,2.32,2.32,7
2025-11-10 00:00,10019,Test product 20 (seasonal),Drinks,RESTOCK,101,6.48,6.48,7
2025-11-10 00:00,10021,Test product 22 (declining),Snacks,RESTOCK,118,6.63,6.63,7
2025-11-10 00:00,10022,Test product 23 (intermittent),Household,RESTOCK,8,7.14,7.14,7
2025-11-10 00:00,10023,Test product 24 (lumpy),Drinks,RESTOCK,23,2.75,2.75,7
2025-11-10 00:00,10024,Test product 25 (smooth),Stationery,RESTOCK,139,3.6,3.6,7
2025-11-10 00:00,10025,Test product 26 (seasonal),Snacks,RESTOCK,112,4.66,4.66,7
2025-11-10 00:00,10026,Test product 27 (growing),Household,RESTOCK,47,5.53,5.53,7
2025-11-10 00:00,10027,Test product 28 (declining),Drinks,RESTOCK,86,3.02,3.02,7
2025-11-10 00:00,10028,Test product 29 (intermittent),Stationery,RESTOCK,7,3.79,3.79,7
2025-11-10 00:00,10029,Test product 30 (lumpy),Snacks,RESTOCK,20,6.69,6.69,7
2025-11-10 00:00,10030,Test product 31 (smooth),Household,RESTOCK,109,4.86,4.86,7
2025-11-10 00:00,10031,Test product 32 (seasonal),Drinks,RESTOCK,57,5.18,5.18,7
2025-11-10 00:00,10032,Test product 33 (growing),Stationery,RESTOCK,141,3.83,3.83,7
2025-11-10 00:00,10033,Test product 34 (declining),Snacks,RESTOCK,141,0.66,0.66,7
2025-11-10 00:00,10034,Test product 35 (intermittent),Household,RESTOCK,7,1.11,1.11,7
2025-11-10 00:00,10036,Test product 37 (smooth),Stationery,RESTOCK,92,1.97,1.97,7
2025-11-10 00:00,10037,Test product 38 (seasonal),Snacks,RESTOCK,74,3.12,3.12,7
2025-11-10 00:00,10038,Test product 39 (growing),Household,RESTOCK,161,2.67,2.67,7
2025-11-10 00:00,10039,Test product 40 (declining),Drinks,RESTOCK,32,0.52,0.52,7
2025-11-10 09:00,10003,Test product 4 (declining),Drinks,SALE,4,6.94,4.86,7
2025-11-10 11:00,10012,Test product 13 (smooth),Stationery,SALE,5,8.25,5.77,7
2025-11-10 11:00,10018,Test product 19 (smooth),Household,SALE,5,3.32,2.32,7
2025-11-10 12:00,10006,Test product 7 (smooth),Household,SALE,11,2.37,1.66,7
2025-11-10 13:00,10022,Test product 23 (intermittent),Household,SALE,1,10.2,7.14,7
2025-11-10 14:00,10039,Test product 40 (declining),Drinks,SALE,1,0.75,0.52,7
2025-11-10 16:00,10002,Test product 3 (growing),Household,SALE,12,3.2,2.24,7
2025-11-10 17:00,10001,Test product 2 (seasonal),Snacks,SALE,30,3.68,2.58,7
2025-11-10 17:00,10012,Test product 13 (smooth),Stationery,SALE,9,8.25,5.77,7
2025-11-11 09:00,10032,Test product 33 (growing),Stationery,SALE,7,5.47,3.83,7
2025-11-11 10:00,10006,Test product 7 (smooth),Household,SALE,12,2.37,1.66,7
2025-11-11 12:00,10009,Test product 10 (declining),Snacks,SALE,10,7.37,5.16,7
2025-11-11 12:00,10030,Test product 31 (smooth),Household,SALE,25,6.94,4.86,7
2025-11-11 14:00,10014,Test product 15 (growing),Household,SALE,11,5.58,3.91,7
2025-11-11 15:00,10018,Test product 19 (smooth),Household,SALE,4,3.32,2.32,7
2025-11-11 15:00,10028,Test product 29 (intermittent),Stationery,SALE,1,5.41,3.79,7
2025-11-11 15:00,10032,Test product 33 (growing),Stationery,SALE,17,5.47,3.83,7
2025-11-11 16:00,10015,Test product 16 (declining),Drinks,SALE,6,10.3,7.21,7
2025-11-12 08:00,10021,Test product 22 (declining),Snacks,SALE,8,9.47,6.63,7
2025-11-12 08:00,10037,Test product 38 (seasonal),Snacks,SALE,9,4.46,3.12,7
2025-11-12 09:00,10038,Test product 39 (growing),Household,SALE,21,3.82,2.67,7
2025-11-12 10:00,10000,Test product 1 (smooth),Stationery,SALE,15,8.26,5.78,7
2025-11-12 10:00,10012,Test product 13 (smooth),Stationery,SALE,7,8.25,5.77,7
2025-11-12 10:00,10036,Test product 37 (smooth),Stationery,SALE,10,2.81,1.97,7
2025-11-12 11:00,10007,Test product 8 (seasonal),Drinks,SALE,22,7.86,5.5,7
2025-11-12 12:00,10007,Test product 8 (seasonal),Drinks,SALE,23,7.86,5.5,7
2025-11-12 12:00,10026,Test product 27 (growing),Household,SALE,9,7.9,5.53,7
2025-11-12 13:00,10039,Test product 40 (declining),Drinks,SALE,1,0.75,0.52,7
2025-11-12 14:00,10024,Test product 25 (smooth),Stationery,SALE,9,5.15,3.6,7
2025-11-12 16:00,10003,Test product 4 (declining),Drinks,SALE,10,6.94,4.86,7
2025-11-12 17:00,10018,Test product 19 (smooth),Household,SALE,5,3.32,2.32,7
2025-11-12 17:00,10024,Test product 25 (smooth),Stationery,SALE,11,5.15,3.6,7
2025-11-12 17:00,10025,Test product 26 (seasonal),Snacks,SALE,25,6.65,4.66,7
2025-11-12 17:00,10026,Test product 27 (growing),Household,SALE,5,7.9,5.53,7
2025-11-13 10:00,10019,Test product 20 (seasonal),Drinks,SALE,18,9.26,6.48,7
2025-11-13 10:00,10020,Test product 21 (growing),Stationery,SALE,31,8.66,6.06,7
2025-11-13 11:00,10019,Test product 20 (seasonal),Drinks,SALE,19,9.26,6.48,7
2025-11-13 12:00,10003,Test product 4 (declining),Drinks,SALE,9,6.94,4.86,7
2025-11-13 12:00,10008,Test product 9 (growing),Stationery,SALE,5,4.89,3.42,7
2025-11-13 12:00,10021,Test product 22 (declining),Snacks,SALE,8,9.47,6.63,7
2025-11-13 13:00,10032,Test product 33 (growing),Stationery,SALE,8,5.47,3.83,7
2025-11-13 16:00,10008,Test product 9 (growing),Stationery,SALE,2,4.89,3.42,7
2025-11-13 16:00,10013,Test product 14 (seasonal),Snacks,SALE,9,6.02,4.21,7
2025-11-13 17:00,10033,Test product 34 (declining),Snacks,SALE,40,0.94,0.66,7
2025-11-14 08:00,10008,Test product 9 (growing),Stationery,SALE,2,4.89,3.42,7
2025-11-14 09:00,10013,Test product 14 (seasonal),Snacks,SALE,12,6.02,4.21,7
2025-11-14 11:00,10027,Test product 28 (declining),Drinks,SALE,28,4.32,3.02,7
2025-11-14 13:00,10006,Test product 7 (smooth),Household,SALE,11,2.37,1.66,7
2025-11-14 13:00,10013,Test product 14 (seasonal),Snacks,SALE,22,6.02,4.21,7
2025-11-14 13:00,10039,Test product 40 (declining),Drinks,SALE,2,0.75,0.52,7
2025-11-14 15:00,10031,Test product 32 (seasonal),Drinks,SALE,11,7.4,5.18,7
2025-11-14 16:00,10024,Test product 25 (smooth),Stationery,SALE,12,5.15,3.6,7
2025-11-14 16:00,10038,Test product 39 (growing),Household,SALE,22,3.82,2.67,7
2025-11-14 17:00,10002,Test product 3 (growing),Household,SALE,4,3.2,2.24,7
2025-11-15 08:00,10021,Test product 22 (declining),Snacks,SALE,9,9.47,6.63,7
2025-11-15 08:00,10037,Test product 38 (seasonal),Snacks,SALE,12,4.46,3.12,7
2025-11-15 10:00,10002,Test product 3 (growing),Household,SALE,5,3.2,2.24,7
2025-11-15 11:00,10009,Test product 10 (declining),Snacks,SALE,8,7.37,5.16,7
2025-11-15 14:00,10031,Test product 32 (seasonal),Drinks,SALE,7,7.4,5.18,7
2025-11-15 15:00,10015,Test product 16 (declining),Drinks,SALE,5,10.3,7.21,7
2025-11-15 15:00,10036,Test product 37 (smooth),Stationery,SALE,16,2.81,1.97,7
2025-11-15 16:00,10037,Test product 38 (seasonal),Snacks,SALE,8,4.46,3.12,7
2025-11-17 00:00,10010,Test product 11 (intermittent),Household,RESTOCK,7,7.35,7.35,7
2025-11-17 09:00,10009,Test product 10 (declining),Snacks,SALE,9,7.37,5.16,7
2025-11-17 09:00,10020,Test product 21 (growing),Stationery,SALE,15,8.66,6.06,7
2025-11-17 10:00,10012,Test product 13 (smooth),Stationery,SALE,15,8.25,5.77,7
2025-11-17 10:00,10038,Test product 39 (growing),Household,SALE,23,3.82,2.67,7
2025-11-17 10:00,10039,Test product 40 (declining),Drinks,SALE,4,0.75,0.52,7
2025-11-17 11:00,10013,Test product 14 (seasonal),Snacks,SALE,26,6.02,4.21,7
2025-11-17 11:00,10020,Test product 21 (growing),Stationery,SALE,14,8.66,6.06,7
2025-11-17 13:00,10002,Test product 3 (growing),Household,SALE,27,3.2,2.24,7
2025-11-17 13:00,10025,Test product 26 (seasonal),Snacks,SALE,21,6.65,4.66,7
2025-11-17 13:00,10031,Test product 32 (seasonal),Drinks,SALE,3,7.4,5.18,7
2025-11-17 14:00,10017,Test product 18 (lumpy),Snacks,SALE,3,0.98,0.69,7
2025-11-17 14:00,10022,Test product 23 (intermittent),Household,SALE,2,10.2,7.14,7
2025-11-18 08:00,10014,Test product 15 (growing),Household,SALE,6,5.58,3.91,7
2025-11-18 09:00,10012,Test product 13 (smooth),Stationery,SALE,4,8.25,5.77,7
2025-11-18 09:00,10036,Test product 37 (smooth),Stationery,SALE,12,2.81,1.97,7
2025-11-18 11:00,10022,Test product 23 (intermittent),Household,SALE,4,10.2,7.14,7
2025-11-18 11:00,10027,Test product 28 (declining),Drinks,SALE,26,4.32,3.02,7
2025-11-18 13:00,10004,Test product 5 (intermittent),Stationery,SALE,1,3.26,2.28,7
2025-11-18 13:00,10014,Test product 15 (growing),Household,SALE,7,5.58,3.91,7
2025-11-18 14:00,10019,Test product 20 (seasonal),Drinks,SALE,18,9.26,6.48,7
2025-11-18 14:00,10026,Test product 27 (growing),Household,SALE,12,7.9,5.53,7
2025-11-18 15:00,10000,Test product 1 (smooth),Stationery,SALE,28,8.26,5.78,7
2025-11-18 15:00,10001,Test product 2 (seasonal),Snacks,SALE,19,3.68,2.58,7
2025-11-18 17:00,10006,Test product 7 (smooth),Household,SALE,14,2.37,1.66,7
2025-11-18 17:00,10039,Test product 40 (declining),Drinks,SALE,3,0.75,0.52,7
2025-11-19 09:00,10019,Test product 20 (seasonal),Drinks,SALE,15,9.26,6.48,7
2025-11-19 09:00,10020,Test product 21 (growing),Stationery,SALE,8,8.66,6.06,7
2025-11-19 12:00,10039,Test product 40 (declining),Drinks,SALE,5,0.75,0.52,7
2025-11-19 13:00,10021,Test product 22 (declining),Snacks,SALE,11,9.47,6.63,7
2025-11-19 14:00,10009,Test product 10 (declining),Snacks,SALE,7,7.37,5.16,7
2025-11-19 17:00,10015,Test product 16 (declining),Drinks,SALE,7,10.3,7.21,7
2025-11-19 17:00,10036,Test product 37 (smooth),Stationery,SALE,5,2.81,1.97,7
2025-11-20 10:00,10024,Test product 25 (smooth),Stationery,SALE,29,5.15,3.6,7
2025-11-20 12:00,10030,Test product 31 (smooth),Household,SALE,25,6.94,4.86,7
2025-11-20 13:00,10028,Test product 29 (intermittent),Stationery,SALE,2,5.41,3.79,7
2025-11-20 15:00,10007,Test product 8 (seasonal),Drinks,SALE,22,7.86,5.5,7
2025-11-20 15:00,10033,Test product 34 (declining),Snacks,SALE,40,0.94,0.66,7
2025-11-20 16:00,10007,Test product 8 (seasonal),Drinks,SALE,25,7.86,5.5,7
2025-11-20 16:00,10013,Test product 14 (seasonal),Snacks,SALE,24,6.02,4.21,7
2025-11-20 16:00,10025,Test product 26 (seasonal),Snacks,SALE,10,6.65,4.66,7
2025-11-20 17:00,10018,Test product 19 (smooth),Household,SALE,18,3.32,2.32,7
2025-11-20 17:00,10021,Test product 22 (declining),Snacks,SALE,8,9.47,6.63,7
2025-11-21 09:00,10032,Test product 33 (growing),Stationery,SALE,40,5.47,3.83,7
2025-11-21 11:00,10014,Test product 15 (growing),Household,SALE,5,5.58,3.91,7
2025-11-21 11:00,10021,Test product 22 (declining),Snacks,SALE,10,9.47,6.63,7
2025-11-21 12:00,10012,Test product 13 (smooth),Stationery,SALE,13,8.25,5.77,7
2025-11-21 14:00,10036,Test product 37 (smooth),Stationery,SALE,9,2.81,1.97,7
2025-11-21 14:00,10037,Test product 38 (seasonal),Snacks,SALE,12,4.46,3.12,7
2025-11-21 17:00,10004,Test product 5 (intermittent),Stationery,SALE,1,3.26,2.28,7
2025-11-22 08:00,10001,Test product 2 (seasonal),Snacks,SALE,16,3.68,2.58,7
2025-11-22 08:00,10008,Test product 9 (growing),Stationery,SALE,13,4.89,3.42,7
2025-11-22 11:00,10031,Test product 32 (seasonal),Drinks,SALE,6,7.4,5.18,7
2025-11-22 12:00,10003,Test product 4 (declining),Drinks,SALE,29,6.94,4.86,7
2025-11-22 12:00,10037,Test product 38 (seasonal),Snacks,SALE,9,4.46,3.12,7
2025-11-22 12:00,10038,Test product 39 (growing),Household,SALE,29,3.82,2.67,7
2025-11-22 13:00,10006,Test product 7 (smooth),Household,SALE,14,2.37,1.66,7
2025-11-22 13:00,10031,Test product 32 (seasonal),Drinks,SALE,4,7.4,5.18,7
2025-11-22 16:00,10009,Test product 10 (declining),Snacks,SALE,8,7.37,5.16,7
2025-11-24 00:00,10005,Test product 6 (lumpy),Snacks,RESTOCK,40,6.57,6.57,7
2025-11-24 11:00,10026,Test product 27 (growing),Household,SALE,4,7.9,5.53,7
2025-11-24 11:00,10033,Test product 34 (declining),Snacks,SALE,16,0.94,0.66,7
2025-11-24 11:00,10037,Test product 38 (seasonal),Snacks,SALE,13,4.46,3.12,7
2025-11-24 14:00,10013,Test product 14 (seasonal),Snacks,SALE,21,6.02,4.21,7
2025-11-24 15:00,10018,Test product 19 (smooth),Household,SALE,3,3.32,2.32,7
2025-11-24 16:00,10013,Test product 14 (seasonal),Snacks,SALE,14,6.02,4.21,7
2025-11-24 17:00,10030,Test product 31 (smooth),Household,SALE,30,6.94,4.86,7
2025-11-25 10:00,10006,Test product 7 (smooth),Household,SALE,12,2.37,1.66,7
2025-11-25 11:00,10002,Test product 3 (growing),Household,SALE,27,3.2,2.24,7
2025-11-25 12:00,10026,Test product 27 (growing),Household,SALE,6,7.9,5.53,7
2025-11-25 14:00,10003,Test product 4 (declining),Drinks,SALE,23,6.94,4.86,7
2025-11-25 14:00,10009,Test product 10 (declining),Snacks,SALE,25,7.37,5.16,7
2025-11-25 14:00,10038,Test product 39 (growing),Household,SALE,37,3.82,2.67,7
2025-11-25 15:00,10007,Test product 8 (seasonal),Drinks,SALE,20,7.86,5.5,7
2025-11-25 17:00,10018,Test product 19 (smooth),Household,SALE,9,3.32,2.32,7
2025-11-26 08:00,10005,Test product 6 (lumpy),Snacks,SALE,5,9.38,6.57,7
2025-11-26 09:00,10008,Test product 9 (growing),Stationery,SALE,5,4.89,3.42,7
2025-11-26 09:00,10033,Test product 34 (declining),Snacks,SALE,9,0.94,0.66,7
2025-11-26 10:00,10001,Test product 2 (seasonal),Snacks,SALE,8,3.68,2.58,7
2025-11-26 11:00,10031,Test product 32 (seasonal),Drinks,SALE,23,7.4,5.18,7
2025-11-26 12:00,10014,Test product 15 (growing),Household,SALE,1,5.58,3.91,7
2025-11-26 14:00,10001,Test product 2 (seasonal),Snacks,SALE,6,3.68,2.58,7
2025-11-26 15:00,10024,Test product 25 (smooth),Stationery,SALE,23,5.15,3.6,7
2025-11-26 15:00,10037,Test product 38 (seasonal),Snacks,SALE,7,4.46,3.12,7
2025-11-26 16:00,10007,Test product 8 (seasonal),Drinks,SALE,25,7.86,5.5,7
2025-11-26 17:00,10036,Test product 37 (smooth),Stationery,SALE,20,2.81,1.97,7
2025-11-27 09:00,10034,Test product 35 (intermittent),Household,SALE,6,1.59,1.11,7
2025-11-27 10:00,10020,Test product 21 (growing),Stationery,SALE,29,8.66,6.06,7
2025-11-27 11:00,10015,Test product 16 (declining),Drinks,SALE,5,10.3,7.21,7
2025-11-27 13:00,10013,Test product 14 (seasonal),Snacks,SALE,19,6.02,4.21,7
2025-11-27 13:00,10021,Test product 22 (declining),Snacks,SALE,15,9.47,6.63,7
2025-11-27 15:00,10005,Test product 6 (lumpy),Snacks,SALE,6,9.38,6.57,7
2025-11-27 15:00,10033,Test product 34 (declining),Snacks,SALE,12,0.94,0.66,7
2025-11-27 15:00,10039,Test product 40 (declining),Drinks,SALE,4,0.75,0.52,7
2025-11-27 16:00,10025,Test product 26 (seasonal),Snacks,SALE,26,6.65,4.66,7
2025-11-28 08:00,10006,Test product 7 (smooth),Household,SALE,14,2.37,1.66,7
2025-11-28 09:00,10025,Test product 26 (seasonal),Snacks,SALE,21,6.65,4.66,7
2025-11-28 09:00,10027,Test product 28 (declining),Drinks,SALE,11,4.32,3.02,7
2025-11-28 10:00,10027,Test product 28 (declining),Drinks,SALE,14,4.32,3.02,7
2025-11-28 16:00,10001,Test product 2 (seasonal),Snacks,SALE,9,3.68,2.58,7
2025-11-28 16:00,10003,Test product 4 (declining),Drinks,SALE,19,6.94,4.86,7
2025-11-28 16:00,10015,Test product 16 (declining),Drinks,SALE,4,10.3,7.21,7
2025-11-28 16:00,10036,Test product 37 (smooth),Stationery,SALE,5,2.81,1.97,7
2025-11-28 17:00,10021,Test product 22 (declining),Snacks,SALE,12,9.47,6.63,7
2025-11-28 17:00,10032,Test product 33 (growing),Stationery,SALE,19,5.47,3.83,7
2025-11-29 08:00,10008,Test product 9 (growing),Stationery,SALE,1,4.89,3.42,7
2025-11-29 08:00,10039,Test product 40 (declining),Drinks,SALE,3,0.75,0.52,7
2025-11-29 09:00,10019,Test product 20 (seasonal),Drinks,SALE,33,9.26,6.48,7
2025-11-29 09:00,10032,Test product 33 (growing),Stationery,SALE,14,5.47,3.83,7
2025-11-29 09:00,10035,Test product 36 (lumpy),Drinks,SALE,53,8.11,5.68,7
2025-11-29 12:00,10014,Test product 15 (growing),Household,SALE,5,5.58,3.91,7
2025-11-29 13:00,10000,Test product 1 (smooth),Stationery,SALE,18,8.26,5.78,7
2025-11-29 13:00,10014,Test product 15 (growing),Household,SALE,6,5.58,3.91,7
2025-11-29 13:00,10016,Test product 17 (intermittent),Stationery,SALE,7,3.53,2.47,7
2025-11-29 16:00,10012,Test product 13 (smooth),Stationery,SALE,27,8.25,5.77,7
2025-12-01 00:00,10000,Test product 1 (smooth),Stationery,RESTOCK,116,5.78,5.78,7
2025-12-01 00:00,10015,Test product 16 (declining),Drinks,RESTOCK,52,7.21,7.21,7
2025-12-01 00:00,10020,Test product 21 (growing),Stationery,RESTOCK,151,6.06,6.06,7
2025-12-01 00:00,10035,Test product 36 (lumpy),Drinks,RESTOCK,30,5.68,5.68,7
2025-12-01 09:00,10032,Test product 33 (growing),Stationery,SALE,30,5.47,3.83,7
2025-12-01 10:00,10026,Test product 27 (growing),Household,SALE,5,7.9,5.53,7
2025-12-01 11:00,10018,Test product 19 (smooth),Household,SALE,10,3.32,2.32,7
2025-12-01 11:00,10019,Test product 20 (seasonal),Drinks,SALE,16,9.26,6.48,7
2025-12-01 11:00,10027,Test product 28 (declining),Drinks,SALE,9,4.32,3.02,7
2025-12-01 12:00,10018,Test product 19 (smooth),Household,SALE,12,3.32,2.32,7
2025-12-01 12:00,10022,Test product 23 (intermittent),Household,SALE,3,10.2,7.14,7
2025-12-01 12:00,10028,Test product 29 (intermittent),Stationery,SALE,3,5.41,3.79,7
2025-12-01 13:00,10007,Test product 8 (seasonal),Drinks,SALE,12,7.86,5.5,7
2025-12-01 14:00,10005,Test product 6 (lumpy),Snacks,SALE,5,9.38,6.57,7
2025-12-01 14:00,10019,Test product 20 (seasonal),Drinks,SALE,17,9.26,6.48,7
2025-12-01 17:00,10012,Test product 13 (smooth),Stationery,SALE,10,8.25,5.77,7
2025-12-01 17:00,10030,Test product 31 (smooth),Household,SALE,31,6.94,4.86,7
2025-12-02 08:00,10026,Test product 27 (growing),Household,SALE,4,7.9,5.53,7
2025-12-02 08:00,10027,Test product 28 (declining),Drinks,SALE,6,4.32,3.02,7
2025-12-02 10:00,10002,Test product 3 (growing),Household,SALE,9,3.2,2.24,7
2025-12-02 10:00,10035,Test product 36 (lumpy),Drinks,SALE,13,8.11,5.68,7
2025-12-02 12:00,10005,Test product 6 (lumpy),Snacks,SALE,5,9.38,6.57,7
2025-12-02 13:00,10003,Test product 4 (declining),Drinks,SALE,19,6.94,4.86,7
2025-12-02 13:00,10028,Test product 29 (intermittent),Stationery,SALE,2,5.41,3.79,7
2025-12-02 14:00,10007,Test product 8 (seasonal),Drinks,SALE,12,7.86,5.5,7
2025-12-02 16:00,10021,Test product 22 (declining),Snacks,SALE,21,9.47,6.63,7
2025-12-02 16:00,10036,Test product 37 (smooth),Stationery,SALE,10,2.81,1.97,7
2025-12-02 17:00,10020,Test product 21 (growing),Stationery,SALE,10,8.66,6.06,7
2025-12-03 08:00,10031,Test product 32 (seasonal),Drinks,SALE,8,7.4,5.18,7
2025-12-03 08:00,10036,Test product 37 (smooth),Stationery,SALE,11,2.81,1.97,7
2025-12-03 11:00,10025,Test product 26 (seasonal),Snacks,SALE,37,6.65,4.66,7
2025-12-03 13:00,10013,Test product 14 (seasonal),Snacks,SALE,44,6.02,4.21,7
2025-12-03 15:00,10039,Test product 40 (declining),Drinks,SALE,3,0.75,0.52,7
2025-12-03 16:00,10035,Test product 36 (lumpy),Drinks,SALE,16,8.11,5.68,7
2025-12-03 17:00,10015,Test product 16 (declining),Drinks,SALE,11,10.3,7.21,7
2025-12-03 17:00,10033,Test product 34 (declining),Snacks,SALE,12,0.94,0.66,7
2025-12-03 17:00,10039,Test product 40 (declining),Drinks,SALE,5,0.75,0.52,7
2025-12-04 08:00,10022,Test product 23 (intermittent),Household,SALE,4,10.2,7.14,7
2025-12-04 08:00,10033,Test product 34 (declining),Snacks,SALE,12,0.94,0.66,7
2025-12-04 15:00,10035,Test product 36 (lumpy),Drinks,SALE,19,8.11,5.68,7
2025-12-04 15:00,10039,Test product 40 (declining),Drinks,SALE,2,0.75,0.52,7
2025-12-04 17:00,10009,Test product 10 (declining),Snacks,SALE,22,7.37,5.16,7
2025-12-05 09:00,10005,Test product 6 (lumpy),Snacks,SALE,5,9.38,6.57,7
2025-12-05 10:00,10037,Test product 38 (seasonal),Snacks,SALE,24,4.46,3.12,7
2025-12-05 10:00,10038,Test product 39 (growing),Household,SALE,11,3.82,2.67,7
2025-12-05 11:00,10014,Test product 15 (growing),Household,SALE,8,5.58,3.91,7
2025-12-05 13:00,10006,Test product 7 (smooth),Household,SALE,25,2.37,1.66,7
2025-12-05 13:00,10020,Test product 21 (growing),Stationery,SALE,10,8.66,6.06,7
2025-12-05 13:00,10036,Test product 37 (smooth),Stationery,SALE,14,2.81,1.97,7
2025-12-05 14:00,10001,Test product 2 (seasonal),Snacks,SALE,18,3.68,2.58,7
2025-12-05 14:00,10012,Test product 13 (smooth),Stationery,SALE,12,8.25,5.77,7
2025-12-05 14:00,10031,Test product 32 (seasonal),Drinks,SALE,4,7.4,5.18,7
2025-12-05 15:00,10003,Test product 4 (declining),Drinks,SALE,24,6.94,4.86,7
2025-12-05 15:00,10008,Test product 9 (growing),Stationery,SALE,4,4.89,3.42,7
2025-12-05 15:00,10027,Test product 28 (declining),Drinks,SALE,9,4.32,3.02,7
2025-12-05 16:00,10008,Test product 9 (growing),Stationery,SALE,8,4.89,3.42,7
2025-12-05 16:00,10008,Test product 9 (growing),Stationery,SALE,1,4.89,3.42,7
2025-12-06 08:00,10007,Test product 8 (seasonal),Drinks,SALE,15,7.86,5.5,7
2025-12-06 10:00,10024,Test product 25 (smooth),Stationery,SALE,22,5.15,3.6,7
2025-12-06 11:00,10038,Test product 39 (growing),Household,SALE,12,3.82,2.67,7
2025-12-06 12:00,10001,Test product 2 (seasonal),Snacks,SALE,12,3.68,2.58,7
2025-12-06 12:00,10014,Test product 15 (growing),Household,SALE,8,5.58,3.91,7
2025-12-06 14:00,10002,Test product 3 (growing),Household,SALE,8,3.2,2.24,7
2025-12-06 16:00,10000,Test product 1 (smooth),Stationery,SALE,23,8.26,5.78,7
2025-12-06 16:00,10031,Test product 32 (seasonal),Drinks,SALE,4,7.4,5.18,7
2025-12-06 16:00,10038,Test product 39 (growing),Household,SALE,20,3.82,2.67,7
2025-12-06 17:00,10002,Test product 3 (growing),Household,SALE,12,3.2,2.24,7
2025-12-08 00:00,10001,Test product 2 (seasonal),Snacks,RESTOCK,118,2.58,2.58,7
2025-12-08 00:00,10002,Test product 3 (growing),Household,RESTOCK,95,2.24,2.24,7
2025-12-08 00:00,10003,Test product 4 (declining),Drinks,RESTOCK,136,4.86,4.86,7
2025-12-08 00:00,10004,Test product 5 (intermittent),Stationery,RESTOCK,6,2.28,2.28,7
2025-12-08 00:00,10006,Test product 7 (smooth),Household,RESTOCK,116,1.66,1.66,7
2025-12-08 00:00,10007,Test product 8 (seasonal),Drinks,RESTOCK,136,5.5,5.5,7
2025-12-08 00:00,10008,Test product 9 (growing),Stationery,RESTOCK,43,3.42,3.42,7
2025-12-08 00:00,10009,Test product 10 (declining),Snacks,RESTOCK,75,5.16,5.16,7
2025-12-08 00:00,10011,Test product 12 (lumpy),Drinks,RESTOCK,34,1.7,1.7,7
2025-12-08 00:00,10012,Test product 13 (smooth),Stationery,RESTOCK,113,5.77,5.77,7
2025-12-08 00:00,10013,Test product 14 (seasonal),Snacks,RESTOCK,145,4.21,4.21,7
2025-12-08 00:00,10014,Test product 15 (growing),Household,RESTOCK,69,3.91,3.91,7
2025-12-08 00:00,10016,Test product 17 (intermittent),Stationery,RESTOCK,8,2.47,2.47,7
2025-12-08 00:00,10017,Test product 18 (lumpy),Snacks,RESTOCK,40,0.69,0.69,7
2025-12-08 00:00,10018,Test product 19 (smooth),Household,RESTOCK,74,2.32,2.32,7
2025-12-08 00:00,10019,Test product 20 (seasonal),Drinks,RESTOCK,99,6.48,6.48,7
2025-12-08 00:00,10021,Test product 22 (declining),Snacks,RESTOCK,109,6.63,6.63,7
2025-12-08 00:00,10022,Test product 23 (intermittent),Household,RESTOCK,9,7.14,7.14,7
2025-12-08 00:00,10023,Test product 24 (lumpy),Drinks,RESTOCK,21,2.75,2.75,7
2025-12-08 00:00,10024,Test product 25 (smooth),Stationery,RESTOCK,119,3.6,3.6,7
2025-12-08 00:00,10025,Test product 26 (seasonal),Snacks,RESTOCK,123,4.66,4.66,7
2025-12-08 00:00,10026,Test product 27 (growing),Household,RESTOCK,51,5.53,5.53,7
2025-12-08 00:00,10027,Test product 28 (declining),Drinks,RESTOCK,90,3.02,3.02,7
2025-12-08 00:00,10028,Test product 29 (intermittent),Stationery,RESTOCK,7,3.79,3.79,7
2025-12-08 00:00,10029,Test product 30 (lumpy),Snacks,RESTOCK,20,6.69,6.69,7
2025-12-08 00:00,10030,Test product 31 (smooth),Household,RESTOCK,115,4.86,4.86,7
2025-12-08 00:00,10031,Test product 32 (seasonal),Drinks,RESTOCK,61,5.18,5.18,7
2025-12-08 00:00,10032,Test product 33 (growing),Stationery,RESTOCK,147,3.83,3.83,7
2025-12-08 00:00,10033,Test product 34 (declining),Snacks,RESTOCK,139,0.66,0.66,7
2025-12-08 00:00,10034,Test product 35 (intermittent),Household,RESTOCK,6,1.11,1.11,7
2025-12-08 00:00,10036,Test product 37 (smooth),Stationery,RESTOCK,93,1.97,1.97,7
2025-12-08 00:00,10037,Test product 38 (seasonal),Snacks,RESTOCK,71,3.12,3.12,7
2025-12-08 00:00,10038,Test product 39 (growing),Household,RESTOCK,186,2.67,2.67,7
2025-12-08 00:00,10039,Test product 40 (declining),Drinks,RESTOCK,38,0.52,0.52,7
2025-12-08 08:00,10007,Test product 8 (seasonal),Drinks,SALE,36,7.86,5.5,7
2025-12-08 11:00,10024,Test product 25 (smooth),Stationery,SALE,19,5.15,3.6,7
2025-12-08 12:00,10015,Test product 16 (declining),Drinks,SALE,10,10.3,7.21,7
2025-12-08 12:00,10019,Test product 20 (seasonal),Drinks,SALE,12,9.26,6.48,7
2025-12-08 12:00,10032,Test product 33 (growing),Stationery,SALE,10,5.47,3.83,7
2025-12-08 13:00,10028,Test product 29 (intermittent),Stationery,SALE,2,5.41,3.79,7
2025-12-08 16:00,10021,Test product 22 (declining),Snacks,SALE,9,9.47,6.63,7
2025-12-09 08:00,10013,Test product 14 (seasonal),Snacks,SALE,28,6.02,4.21,7
2025-12-09 09:00,10033,Test product 34 (declining),Snacks,SALE,43,0.94,0.66,7
2025-12-09 10:00,10017,Test product 18 (lumpy),Snacks,SALE,3,0.98,0.69,7
2025-12-09 11:00,10018,Test product 19 (smooth),Household,SALE,4,3.32,2.32,7
2025-12-09 12:00,10019,Test product 20 (seasonal),Drinks,SALE,22,9.26,6.48,7
2025-12-09 12:00,10030,Test product 31 (smooth),Household,SALE,4,6.94,4.86,7
2025-12-09 12:00,10036,Test product 37 (smooth),Stationery,SALE,8,2.81,1.97,7
2025-12-09 13:00,10003,Test product 4 (declining),Drinks,SALE,8,6.94,4.86,7
2025-12-09 14:00,10027,Test product 28 (declining),Drinks,SALE,4,4.32,3.02,7
2025-12-09 15:00,10003,Test product 4 (declining),Drinks,SALE,11,6.94,4.86,7
2025-12-09 15:00,10032,Test product 33 (growing),Stationery,SALE,11,5.47,3.83,7
2025-12-09 17:00,10006,Test product 7 (smooth),Household,SALE,12,2.37,1.66,7
2025-12-09 17:00,10009,Test product 10 (declining),Snacks,SALE,7,7.37,5.16,7
2025-12-10 08:00,10006,Test product 7 (smooth),Household,SALE,10,2.37,1.66,7
2025-12-10 08:00,10017,Test product 18 (lumpy),Snacks,SALE,5,0.98,0.69,7
2025-12-10 13:00,10012,Test product 13 (smooth),Stationery,SALE,27,8.25,5.77,7
2025-12-10 16:00,10001,Test product 2 (seasonal),Snacks,SALE,15,3.68,2.58,7
2025-12-10 16:00,10021,Test product 22 (declining),Snacks,SALE,20,9.47,6.63,7
2025-12-10 16:00,10031,Test product 32 (seasonal),Drinks,SALE,17,7.4,5.18,7
2025-12-10 17:00,10000,Test product 1 (smooth),Stationery,SALE,8,8.26,5.78,7
2025-12-10 17:00,10002,Test product 3 (growing),Household,SALE,8,3.2,2.24,7
2025-12-11 09:00,10010,Test product 11 (intermittent),Household,SALE,1,10.5,7.35,7
2025-12-11 09:00,10014,Test product 15 (growing),Household,SALE,2,5.58,3.91,7
2025-12-11 11:00,10003,Test product 4 (declining),Drinks,SALE,11,6.94,4.86,7
2025-12-11 11:00,10027,Test product 28 (declining),Drinks,SALE,4,4.32,3.02,7
2025-12-11 12:00,10009,Test product 10 (declining),Snacks,SALE,8,7.37,5.16,7
2025-12-11 15:00,10014,Test product 15 (growing),Household,SALE,3,5.58,3.91,7
2025-12-11 15:00,10028,Test product 29 (intermittent),Stationery,SALE,2,5.41,3.79,7
2025-12-11 16:00,10017,Test product 18 (lumpy),Snacks,SALE,5,0.98,0.69,7
2025-12-11 16:00,10018,Test product 19 (smooth),Household,SALE,6,3.32,2.32,7
2025-12-11 16:00,10027,Test product 28 (declining),Drinks,SALE,6,4.32,3.02,7
2025-12-11 16:00,10037,Test product 38 (seasonal),Snacks,SALE,7,4.46,3.12,7
2025-12-11 16:00,10038,Test product 39 (growing),Household,SALE,43,3.82,2.67,7
2025-12-11 17:00,10026,Test product 27 (growing),Household,SALE,13,7.9,5.53,7
2025-12-12 08:00,10014,Test product 15 (growing),Household,SALE,5,5.58,3.91,7
2025-12-12 08:00,10020,Test product 21 (growing),Stationery,SALE,15,8.66,6.06,7
2025-12-12 09:00,10006,Test product 7 (smooth),Household,SALE,11,2.37,1.66,7
2025-12-12 09:00,10037,Test product 38 (seasonal),Snacks,SALE,3,4.46,3.12,7
2025-12-12 10:00,10035,Test product 36 (lumpy),Drinks,SALE,20,8.11,5.68,7
2025-12-12 12:00,10001,Test product 2 (seasonal),Snacks,SALE,10,3.68,2.58,7
2025-12-12 12:00,10013,Test product 14 (seasonal),Snacks,SALE,24,6.02,4.21,7
2025-12-12 12:00,10020,Test product 21 (growing),Stationery,SALE,18,8.66,6.06,7
2025-12-12 13:00,10000,Test product 1 (smooth),Stationery,SALE,10,8.26,5.78,7
2025-12-12 16:00,10002,Test product 3 (growing),Household,SALE,12,3.2,2.24,7
2025-12-12 16:00,10024,Test product 25 (smooth),Stationery,SALE,15,5.15,3.6,7
2025-12-12 17:00,10025,Test product 26 (seasonal),Snacks,SALE,37,6.65,4.66,7
2025-12-13 08:00,10026,Test product 27 (growing),Household,SALE,6,7.9,5.53,7
2025-12-13 08:00,10030,Test product 31 (smooth),Household,SALE,8,6.94,4.86,7
2025-12-13 08:00,10037,Test product 38 (seasonal),Snacks,SALE,8,4.46,3.12,7
2025-12-13 10:00,10039,Test product 40 (declining),Drinks,SALE,12,0.75,0.52,7
2025-12-13 12:00,10001,Test product 2 (seasonal),Snacks,SALE,16,3.68,2.58,7
2025-12-13 12:00,10022,Test product 23 (intermittent),Household,SALE,2,10.2,7.14,7
2025-12-13 13:00,10030,Test product 31 (smooth),Household,SALE,9,6.94,4.86,7
2025-12-13 13:00,10036,Test product 37 (smooth),Stationery,SALE,6,2.81,1.97,7
2025-12-13 14:00,10000,Test product 1 (smooth),Stationery,SALE,6,8.26,5.78,7
2025-12-13 14:00,10032,Test product 33 (growing),Stationery,SALE,13,5.47,3.83,7
2025-12-13 14:00,10036,Test product 37 (smooth),Stationery,SALE,11,2.81,1.97,7
2025-12-13 16:00,10009,Test product 10 (declining),Snacks,SALE,4,7.37,5.16,7
2025-12-13 16:00,10022,Test product 23 (intermittent),Household,SALE,1,10.2,7.14,7
2025-12-13 17:00,10008,Test product 9 (growing),Stationery,SALE,12,4.89,3.42,7
2025-12-15 00:00,10010,Test product 11 (intermittent),Household,RESTOCK,7,7.35,7.35,7
2025-12-15 09:00,10013,Test product 14 (seasonal),Snacks,SALE,11,6.02,4.21,7
2025-12-15 10:00,10003,Test product 4 (declining),Drinks,SALE,8,6.94,4.86,7
2025-12-15 10:00,10012,Test product 13 (smooth),Stationery,SALE,12,8.25,5.77,7
2025-12-15 11:00,10037,Test product 38 (seasonal),Snacks,SALE,21,4.46,3.12,7
2025-12-15 13:00,10005,Test product 6 (lumpy),Snacks,SALE,16,9.38,6.57,7
2025-12-15 13:00,10008,Test product 9 (growing),Stationery,SALE,1,4.89,3.42,7
2025-12-15 15:00,10009,Test product 10 (declining),Snacks,SALE,6,7.37,5.16,7
2025-12-15 15:00,10013,Test product 14 (seasonal),Snacks,SALE,17,6.02,4.21,7
2025-12-15 17:00,10031,Test product 32 (seasonal),Drinks,SALE,13,7.4,5.18,7
2025-12-16 08:00,10027,Test product 28 (declining),Drinks,SALE,23,4.32,3.02,7
2025-12-16 08:00,10028,Test product 29 (intermittent),Stationery,SALE,2,5.41,3.79,7
2025-12-16 09:00,10019,Test product 20 (seasonal),Drinks,SALE,8,9.26,6.48,7
2025-12-16 09:00,10021,Test product 22 (declining),Snacks,SALE,13,9.47,6.63,7
2025-12-16 10:00,10001,Test product 2 (seasonal),Snacks,SALE,31,3.68,2.58,7
2025-12-16 14:00,10018,Test product 19 (smooth),Household,SALE,17,3.32,2.32,7
2025-12-16 14:00,10024,Test product 25 (smooth),Stationery,SALE,31,5.15,3.6,7
2025-12-17 08:00,10006,Test product 7 (smooth),Household,SALE,24,2.37,1.66,7
2025-12-17 08:00,10038,Test product 39 (growing),Household,SALE,53,3.82,2.67,7
2025-12-17 11:00,10005,Test product 6 (lumpy),Snacks,SALE,17,9.38,6.57,7
2025-12-17 13:00,10000,Test product 1 (smooth),Stationery,SALE,19,8.26,5.78,7
2025-12-17 13:00,10008,Test product 9 (growing),Stationery,SALE,1,4.89,3.42,7
2025-12-17 13:00,10020,Test product 21 (growing),Stationery,SALE,15,8.66,6.06,7
2025-12-17 15:00,10002,Test product 3 (growing),Household,SALE,22,3.2,2.24,7
2025-12-17 15:00,10036,Test product 37 (smooth),Stationery,SALE,14,2.81,1.97,7
2025-12-17 17:00,10007,Test product 8 (seasonal),Drinks,SALE,21,7.86,5.5,7
2025-12-18 08:00,10000,Test product 1 (smooth),Stationery,SALE,11,8.26,5.78,7
2025-12-18 10:00,10021,Test product 22 (declining),Snacks,SALE,13,9.47,6.63,7
2025-12-18 10:00,10032,Test product 33 (growing),Stationery,SALE,10,5.47,3.83,7
2025-12-18 11:00,10013,Test product 14 (seasonal),Snacks,SALE,23,6.02,4.21,7
2025-12-18 12:00,10032,Test product 33 (growing),Stationery,SALE,16,5.47,3.83,7
2025-12-18 12:00,10032,Test product 33 (growing),Stationery,SALE,22,5.47,3.83,7
2025-12-18 12:00,10033,Test product 34 (declining),Snacks,SALE,19,0.94,0.66,7
2025-12-18 13:00,10035,Test product 36 (lumpy),Drinks,SALE,21,8.11,5.68,7
2025-12-18 14:00,10015,Test product 16 (declining),Drinks,SALE,8,10.3,7.21,7
2025-12-18 14:00,10028,Test product 29 (intermittent),Stationery,SALE,1,5.41,3.79,7
2025-12-18 14:00,10034,Test product 35 (intermittent),Household,SALE,2,1.59,1.11,7
2025-12-18 16:00,10020,Test product 21 (growing),Stationery,SALE,11,8.66,6.06,7
2025-12-18 17:00,10026,Test product 27 (growing),Household,SALE,10,7.9,5.53,7
2025-12-19 10:00,10039,Test product 40 (declining),Drinks,SALE,3,0.75,0.52,7
2025-12-19 11:00,10033,Test product 34 (declining),Snacks,SALE,27,0.94,0.66,7
2025-12-19 12:00,10003,Test product 4 (declining),Drinks,SALE,10,6.94,4.86,7
2025-12-19 13:00,10009,Test product 10 (declining),Snacks,SALE,3,7.37,5.16,7
2025-12-19 14:00,10030,Test product 31 (smooth),Household,SALE,19,6.94,4.86,7
2025-12-19 16:00,10036,Test product 37 (smooth),Stationery,SALE,10,2.81,1.97,7
2025-12-19 17:00,10008,Test product 9 (growing),Stationery,SALE,3,4.89,3.42,7
2025-12-19 17:00,10012,Test product 13 (smooth),Stationery,SALE,4,8.25,5.77,7
2025-12-19 17:00,10028,Test product 29 (intermittent),Stationery,SALE,1,5.41,3.79,7
2025-12-20 08:00,10030,Test product 31 (smooth),Household,SALE,12,6.94,4.86,7
2025-12-20 09:00,10007,Test product 8 (seasonal),Drinks,SALE,21,7.86,5.5,7
2025-12-20 09:00,10012,Test product 13 (smooth),Stationery,SALE,13,8.25,5.77,7
2025-12-20 09:00,10034,Test product 35 (intermittent),Household,SALE,2,1.59,1.11,7
2025-12-20 10:00,10003,Test product 4 (declining),Drinks,SALE,10,6.94,4.86,7
2025-12-20 10:00,10025,Test product 26 (seasonal),Snacks,SALE,21,6.65,4.66,7
2025-12-20 13:00,10025,Test product 26 (seasonal),Snacks,SALE,28,6.65,4.66,7
2025-12-20 14:00,10014,Test product 15 (growing),Household,SALE,17,5.58,3.91,7
2025-12-20 15:00,10019,Test product 20 (seasonal),Drinks,SALE,8,9.26,6.48,7
2025-12-20 16:00,10020,Test product 21 (growing),Stationery,SALE,14,8.66,6.06,7
2025-12-20 16:00,10039,Test product 40 (declining),Drinks,SALE,5,0.75,0.52,7
2025-12-20 17:00,10019,Test product 20 (seasonal),Drinks,SALE,9,9.26,6.48,7
2025-12-22 00:00,10005,Test product 6 (lumpy),Snacks,RESTOCK,34,6.57,6.57,7
2025-12-22 08:00,10005,Test product 6 (lumpy),Snacks,SALE,12,9.38,6.57,7
2025-12-22 08:00,10024,Test product 25 (smooth),Stationery,SALE,14,5.15,3.6,7
2025-12-22 09:00,10019,Test product 20 (seasonal),Drinks,SALE,10,9.26,6.48,7
2025-12-22 09:00,10020,Test product 21 (growing),Stationery,SALE,19,8.66,6.06,7
2025-12-22 09:00,10025,Test product 26 (seasonal),Snacks,SALE,22,6.65,4.66,7
2025-12-22 10:00,10008,Test product 9 (growing),Stationery,SALE,5,4.89,3.42,7
2025-12-22 11:00,10020,Test product 21 (growing),Stationery,SALE,19,8.66,6.06,7
2025-12-22 12:00,10021,Test product 22 (declining),Snacks,SALE,18,9.47,6.63,7
2025-12-22 13:00,10007,Test product 8 (seasonal),Drinks,SALE,14,7.86,5.5,7
2025-12-22 13:00,10014,Test product 15 (growing),Household,SALE,4,5.58,3.91,7
2025-12-22 13:00,10024,Test product 25 (smooth),Stationery,SALE,10,5.15,3.6,7
2025-12-22 16:00,10019,Test product 20 (seasonal),Drinks,SALE,5,9.26,6.48,7
2025-12-23 09:00,10000,Test product 1 (smooth),Stationery,SALE,22,8.26,5.78,7
2025-12-23 09:00,10003,Test product 4 (declining),Drinks,SALE,6,6.94,4.86,7
2025-12-23 09:00,10003,Test product 4 (declining),Drinks,SALE,8,6.94,4.86,7
2025-12-23 09:00,10007,Test product 8 (seasonal),Drinks,SALE,13,7.86,5.5,7
2025-12-23 10:00,10032,Test product 33 (growing),Stationery,SALE,28,5.47,3.83,7
2025-12-23 10:00,10036,Test product 37 (smooth),Stationery,SALE,6,2.81,1.97,7
2025-12-23 12:00,10004,Test product 5 (intermittent),Stationery,SALE,2,3.26,2.28,7
2025-12-23 12:00,10011,Test product 12 (lumpy),Drinks,SALE,5,2.43,1.7,7
2025-12-23 13:00,10014,Test product 15 (growing),Household,SALE,5,5.58,3.91,7
2025-12-23 14:00,10009,Test product 10 (declining),Snacks,SALE,27,7.37,5.16,7
2025-12-23 15:00,10013,Test product 14 (seasonal),Snacks,SALE,39,6.02,4.21,7
2025-12-23 15:00,10026,Test product 27 (growing),Household,SALE,7,7.9,5.53,7
2025-12-23 17:00,10006,Test product 7 (smooth),Household,SALE,15,2.37,1.66,7
2025-12-23 17:00,10024,Test product 25 (smooth),Stationery,SALE,8,5.15,3.6,7
2025-12-24 08:00,10036,Test product 37 (smooth),Stationery,SALE,7,2.81,1.97,7
2025-12-24 10:00,10015,Test product 16 (declining),Drinks,SALE,11,10.3,7.21,7
2025-12-24 10:00,10025,Test product 26 (seasonal),Snacks,SALE,15,6.65,4.66,7
2025-12-24 10:00,10033,Test product 34 (declining),Snacks,SALE,15,0.94,0.66,7
2025-12-24 11:00,10030,Test product 31 (smooth),Household,SALE,9,6.94,4.86,7
2025-12-24 14:00,10003,Test product 4 (declining),Drinks,SALE,22,6.94,4.86,7
2025-12-24 15:00,10006,Test product 7 (smooth),Household,SALE,4,2.37,1.66,7
2025-12-24 15:00,10008,Test product 9 (growing),Stationery,SALE,1,4.89,3.42,7
2025-12-24 15:00,10019,Test product 20 (seasonal),Drinks,SALE,11,9.26,6.48,7
2025-12-24 16:00,10016,Test product 17 (intermittent),Stationery,SALE,2,3.53,2.47,7
2025-12-24 16:00,10038,Test product 39 (growing),Household,SALE,42,3.82,2.67,7
2025-12-24 17:00,10027,Test product 28 (declining),Drinks,SALE,23,4.32,3.02,7
2025-12-25 08:00,10007,Test product 8 (seasonal),Drinks,SALE,11,7.86,5.5,7
2025-12-25 09:00,10012,Test product 13 (smooth),Stationery,SALE,19,8.25,5.77,7
2025-12-25 09:00,10017,Test product 18 (lumpy),Snacks,SALE,10,0.98,0.69,7
2025-12-25 09:00,10031,Test product 32 (seasonal),Drinks,SALE,12,7.4,5.18,7
2025-12-25 10:00,10001,Test product 2 (seasonal),Snacks,SALE,40,3.68,2.58,7
2025-12-25 12:00,10017,Test product 18 (lumpy),Snacks,SALE,5,0.98,0.69,7
2025-12-25 12:00,10030,Test product 31 (smooth),Household,SALE,8,6.94,4.86,7
2025-12-25 12:00,10030,Test product 31 (smooth),Household,SALE,6,6.94,4.86,7
2025-12-25 13:00,10008,Test product 9 (growing),Stationery,SALE,3,4.89,3.42,7
2025-12-25 14:00,10037,Test product 38 (seasonal),Snacks,SALE,26,4.46,3.12,7
2025-12-25 15:00,10033,Test product 34 (declining),Snacks,SALE,17,0.94,0.66,7
2025-12-25 17:00,10004,Test product 5 (intermittent),Stationery,SALE,1,3.26,2.28,7
2025-12-25 17:00,10006,Test product 7 (smooth),Household,SALE,7,2.37,1.66,7
2025-12-25 17:00,10016,Test product 17 (intermittent),Stationery,SALE,1,3.53,2.47,7
2025-12-26 10:00,10005,Test product 6 (lumpy),Snacks,SALE,6,9.38,6.57,7
2025-12-26 11:00,10018,Test product 19 (smooth),Household,SALE,4,3.32,2.32,7
2025-12-26 11:00,10018,Test product 19 (smooth),Household,SALE,2,3.32,2.32,7
2025-12-26 13:00,10031,Test product 32 (seasonal),Drinks,SALE,11,7.4,5.18,7
2025-12-26 14:00,10018,Test product 19 (smooth),Household,SALE,7,3.32,2.32,7
2025-12-26 16:00,10039,Test product 40 (declining),Drinks,SALE,3,0.75,0.52,7
2025-12-26 17:00,10026,Test product 27 (growing),Household,SALE,5,7.9,5.53,7
2025-12-27 12:00,10011,Test product 12 (lumpy),Drinks,SALE,5,2.43,1.7,7
2025-12-27 14:00,10026,Test product 27 (growing),Household,SALE,8,7.9,5.53,7
2025-12-27 14:00,10039,Test product 40 (declining),Drinks,SALE,5,0.75,0.52,7
2025-12-27 17:00,10002,Test product 3 (growing),Household,SALE,23,3.2,2.24,7
2025-12-27 17:00,10036,Test product 37 (smooth),Stationery,SALE,9,2.81,1.97,7
2025-12-29 00:00,10000,Test product 1 (smooth),Stationery,RESTOCK,120,5.78,5.78,7
2025-12-29 00:00,10015,Test product 16 (declining),Drinks,RESTOCK,57,7.21,7.21,7
2025-12-29 00:00,10020,Test product 21 (growing),Stationery,RESTOCK,139,6.06,6.06,7
2025-12-29 00:00,10035,Test product 36 (lumpy),Drinks,RESTOCK,28,5.68,5.68,7
2025-12-29 08:00,10020,Test product 21 (growing),Stationery,SALE,11,8.66,6.06,7
2025-12-29 09:00,10033,Test product 34 (declining),Snacks,SALE,10,0.94,0.66,7
2025-12-29 10:00,10009,Test product 10 (declining),Snacks,SALE,8,7.37,5.16,7
2025-12-29 10:00,10030,Test product 31 (smooth),Household,SALE,14,6.94,4.86,7
2025-12-29 10:00,10037,Test product 38 (seasonal),Snacks,SALE,9,4.46,3.12,7
2025-12-29 11:00,10007,Test product 8 (seasonal),Drinks,SALE,16,7.86,5.5,7
2025-12-29 12:00,10025,Test product 26 (seasonal),Snacks,SALE,33,6.65,4.66,7
2025-12-29 14:00,10001,Test product 2 (seasonal),Snacks,SALE,27,3.68,2.58,7
2025-12-29 14:00,10012,Test product 13 (smooth),Stationery,SALE,9,8.25,5.77,7
2025-12-29 14:00,10033,Test product 34 (declining),Snacks,SALE,10,0.94,0.66,7
2025-12-29 15:00,10012,Test product 13 (smooth),Stationery,SALE,15,8.25,5.77,7
2025-12-29 17:00,10022,Test product 23 (intermittent),Household,SALE,1,10.2,7.14,7
2025-12-30 08:00,10017,Test product 18 (lumpy),Snacks,SALE,13,0.98,0.69,7
2025-12-30 09:00,10020,Test product 21 (growing),Stationery,SALE,16,8.66,6.06,7
2025-12-30 09:00,10024,Test product 25 (smooth),Stationery,SALE,12,5.15,3.6,7
2025-12-30 11:00,10021,Test product 22 (declining),Snacks,SALE,12,9.47,6.63,7
2025-12-30 13:00,10022,Test product 23 (intermittent),Household,SALE,2,10.2,7.14,7
2025-12-30 15:00,10009,Test product 10 (declining),Snacks,SALE,11,7.37,5.16,7
2025-12-30 16:00,10007,Test product 8 (seasonal),Drinks,SALE,17,7.86,5.5,7
2025-12-31 08:00,10002,Test product 3 (growing),Household,SALE,8,3.2,2.24,7
2025-12-31 10:00,10032,Test product 33 (growing),Stationery,SALE,37,5.47,3.83,7
2025-12-31 11:00,10002,Test product 3 (growing),Household,SALE,12,3.2,2.24,7
2025-12-31 12:00,10019,Test product 20 (seasonal),Drinks,SALE,15,9.26,6.48,7
2025-12-31 16:00,10017,Test product 18 (lumpy),Snacks,SALE,4,0.98,0.69,7
2025-12-31 17:00,10015,Test product 16 (declining),Drinks,SALE,4,10.3,7.21,7
2025-12-31 17:00,10024,Test product 25 (smooth),Stationery,SALE,21,5.15,3.6,7
2025-12-31 17:00,10026,Test product 27 (growing),Household,SALE,11,7.9,5.53,7
2026-01-01 11:00,10034,Test product 35 (intermittent),Household,SALE,2,1.59,1.11,7
2026-01-01 13:00,10014,Test product 15 (growing),Household,SALE,4,5.58,3.91,7
2026-01-01 13:00,10021,Test product 22 (declining),Snacks,SALE,5,9.47,6.63,7
2026-01-01 14:00,10003,Test product 4 (declining),Drinks,SALE,9,6.94,4.86,7
2026-01-01 14:00,10006,Test product 7 (smooth),Household,SALE,8,2.37,1.66,7
2026-01-01 14:00,10036,Test product 37 (smooth),Stationery,SALE,22,2.81,1.97,7
2026-01-01 15:00,10007,Test product 8 (seasonal),Drinks,SALE,11,7.86,5.5,7
2026-01-01 15:00,10013,Test product 14 (seasonal),Snacks,SALE,46,6.02,4.21,7
2026-01-01 15:00,10030,Test product 31 (smooth),Household,SALE,11,6.94,4.86,7
2026-01-01 16:00,10000,Test product 1 (smooth),Stationery,SALE,9,8.26,5.78,7
2026-01-01 16:00,10015,Test product 16 (declining),Drinks,SALE,3,10.3,7.21,7
2026-01-01 17:00,10000,Test product 1 (smooth),Stationery,SALE,7,8.26,5.78,7
2026-01-01 17:00,10014,Test product 15 (growing),Household,SALE,5,5.58,3.91,7
2026-01-01 17:00,10039,Test product 40 (declining),Drinks,SALE,1,0.75,0.52,7
2026-01-02 08:00,10003,Test product 4 (declining),Drinks,SALE,8,6.94,4.86,7
2026-01-02 08:00,10009,Test product 10 (declining),Snacks,SALE,6,7.37,5.16,7
2026-01-02 09:00,10006,Test product 7 (smooth),Household,SALE,9,2.37,1.66,7
2026-01-02 09:00,10031,Test product 32 (seasonal),Drinks,SALE,5,7.4,5.18,7
2026-01-02 10:00,10018,Test product 19 (smooth),Household,SALE,13,3.32,2.32,7
2026-01-02 13:00,10001,Test product 2 (seasonal),Snacks,SALE,14,3.68,2.58,7
2026-01-02 13:00,10034,Test product 35 (intermittent),Household,SALE,2,1.59,1.11,7
2026-01-02 13:00,10039,Test product 40 (declining),Drinks,SALE,1,0.75,0.52,7
2026-01-02 14:00,10008,Test product 9 (growing),Stationery,SALE,9,4.89,3.42,7
2026-01-02 15:00,10000,Test product 1 (smooth),Stationery,SALE,6,8.26,5.78,7
2026-01-02 15:00,10039,Test product 40 (declining),Drinks,SALE,1,0.75,0.52,7
2026-01-02 16:00,10031,Test product 32 (seasonal),Drinks,SALE,11,7.4,5.18,7
2026-01-02 17:00,10003,Test product 4 (declining),Drinks,SALE,12,6.94,4.86,7
2026-01-02 17:00,10019,Test product 20 (seasonal),Drinks,SALE,16,9.26,6.48,7
2026-01-03 08:00,10017,Test product 18 (lumpy),Snacks,SALE,4,0.98,0.69,7
2026-01-03 08:00,10037,Test product 38 (seasonal),Snacks,SALE,7,4.46,3.12,7
2026-01-03 09:00,10010,Test product 11 (intermittent),Household,SALE,1,10.5,7.35,7
2026-01-03 09:00,10014,Test product 15 (growing),Household,SALE,4,5.58,3.91,7
2026-01-03 10:00,10010,Test product 11 (intermittent),Household,SALE,2,10.5,7.35,7
2026-01-03 10:00,10010,Test product 11 (intermittent),Household,SALE,3,10.5,7.35,7
2026-01-03 10:00,10021,Test product 22 (declining),Snacks,SALE,5,9.47,6.63,7
2026-01-03 11:00,10038,Test product 39 (growing),Household,SALE,54,3.82,2.67,7
2026-01-03 13:00,10012,Test product 13 (smooth),Stationery,SALE,12,8.25,5.77,7
2026-01-03 14:00,10027,Test product 28 (declining),Drinks,SALE,18,4.32,3.02,7
2026-01-03 14:00,10037,Test product 38 (seasonal),Snacks,SALE,14,4.46,3.12,7
2026-01-03 15:00,10006,Test product 7 (smooth),Household,SALE,7,2.37,1.66,7
2026-01-03 15:00,10033,Test product 34 (declining),Snacks,SALE,13,0.94,0.66,7
2026-01-03 16:00,10020,Test product 21 (growing),Stationery,SALE,13,8.66,6.06,7
2026-01-05 00:00,10001,Test product 2 (seasonal),Snacks,RESTOCK,114,2.58,2.58,7
2026-01-05 00:00,10002,Test product 3 (growing),Household,RESTOCK,97,2.24,2.24,7
2026-01-05 00:00,10003,Test product 4 (declining),Drinks,RESTOCK,131,4.86,4.86,7
2026-01-05 00:00,10004,Test product 5 (intermittent),Stationery,RESTOCK,7,2.28,2.28,7
2026-01-05 00:00,10006,Test product 7 (smooth),Household,RESTOCK,129,1.66,1.66,7
2026-01-05 00:00,10007,Test product 8 (seasonal),Drinks,RESTOCK,113,5.5,5.5,7
2026-01-05 00:00,10008,Test product 9 (growing),Stationery,RESTOCK,46,3.42,3.42,7
2026-01-05 00:00,10009,Test product 10 (declining),Snacks,RESTOCK,76,5.16,5.16,7
2026-01-05 00:00,10011,Test product 12 (lumpy),Drinks,RESTOCK,35,1.7,1.7,7
2026-01-05 00:00,10012,Test product 13 (smooth),Stationery,RESTOCK,97,5.77,5.77,7
2026-01-05 00:00,10013,Test product 14 (seasonal),Snacks,RESTOCK,145,4.21,4.21,7
2026-01-05 00:00,10014,Test product 15 (growing),Household,RESTOCK,55,3.91,3.91,7
2026-01-05 00:00,10016,Test product 17 (intermittent),Stationery,RESTOCK,9,2.47,2.47,7
2026-01-05 00:00,10017,Test product 18 (lumpy),Snacks,RESTOCK,40,0.69,0.69,7
2026-01-05 00:00,10018,Test product 19 (smooth),Household,RESTOCK,82,2.32,2.32,7
2026-01-05 00:00,10019,Test product 20 (seasonal),Drinks,RESTOCK,94,6.48,6.48,7
2026-01-05 00:00,10021,Test product 22 (declining),Snacks,RESTOCK,109,6.63,6.63,7
2026-01-05 00:00,10022,Test product 23 (intermittent),Household,RESTOCK,9,7.14,7.14,7
2026-01-05 00:00,10023,Test product 24 (lumpy),Drinks,RESTOCK,19,2.75,2.75,7
2026-01-05 00:00,10024,Test product 25 (smooth),Stationery,RESTOCK,143,3.6,3.6,7
2026-01-05 00:00,10025,Test product 26 (seasonal),Snacks,RESTOCK,111,4.66,4.66,7
2026-01-05 00:00,10026,Test product 27 (growing),Household,RESTOCK,51,5.53,5.53,7
2026-01-05 00:00,10027,Test product 28 (declining),Drinks,RESTOCK,96,3.02,3.02,7
2026-01-05 00:00,10028,Test product 29 (intermittent),Stationery,RESTOCK,8,3.79,3.79,7
2026-01-05 00:00,10029,Test product 30 (lumpy),Snacks,RESTOCK,20,6.69,6.69,7
2026-01-05 00:00,10030,Test product 31 (smooth),Household,RESTOCK,125,4.86,4.86,7
2026-01-05 00:00,10031,Test product 32 (seasonal),Drinks,RESTOCK,57,5.18,5.18,7
2026-01-05 00:00,10032,Test product 33 (growing),Stationery,RESTOCK,137,3.83,3.83,7
2026-01-05 00:00,10033,Test product 34 (declining),Snacks,RESTOCK,146,0.66,0.66,7
2026-01-05 00:00,10034,Test product 35 (intermittent),Household,RESTOCK,7,1.11,1.11,7
2026-01-05 00:00,10036,Test product 37 (smooth),Stationery,RESTOCK,108,1.97,1.97,7
2026-01-05 00:00,10037,Test product 38 (seasonal),Snacks,RESTOCK,70,3.12,3.12,7
2026-01-05 00:00,10038,Test product 39 (growing),Household,RESTOCK,154,2.67,2.67,7
2026-01-05 00:00,10039,Test product 40 (declining),Drinks,RESTOCK,35,0.52,0.52,7
2026-01-05 08:00,10013,Test product 14 (seasonal),Snacks,SALE,27,6.02,4.21,7
2026-01-05 10:00,10003,Test product 4 (declining),Drinks,SALE,6,6.94,4.86,7
2026-01-05 11:00,10021,Test product 22 (declining),Snacks,SALE,6,9.47,6.63,7
2026-01-05 11:00,10029,Test product 30 (lumpy),Snacks,SALE,24,9.55,6.69,7
2026-01-05 13:00,10036,Test product 37 (smooth),Stationery,SALE,28,2.81,1.97,7
2026-01-05 13:00,10037,Test product 38 (seasonal),Snacks,SALE,20,4.46,3.12,7
2026-01-05 14:00,10024,Test product 25 (smooth),Stationery,SALE,18,5.15,3.6,7
2026-01-05 15:00,10031,Test product 32 (seasonal),Drinks,SALE,8,7.4,5.18,7
2026-01-05 17:00,10000,Test product 1 (smooth),Stationery,SALE,20,8.26,5.78,7
2026-01-05 17:00,10033,Test product 34 (declining),Snacks,SALE,5,0.94,0.66,7
2026-01-06 08:00,10002,Test product 3 (growing),Household,SALE,6,3.2,2.24,7
2026-01-06 10:00,10030,Test product 31 (smooth),Household,SALE,6,6.94,4.86,7
2026-01-06 11:00,10006,Test product 7 (smooth),Household,SALE,6,2.37,1.66,7
2026-01-06 11:00,10025,Test product 26 (seasonal),Snacks,SALE,14,6.65,4.66,7
2026-01-06 13:00,10020,Test product 21 (growing),Stationery,SALE,12,8.66,6.06,7
2026-01-06 14:00,10002,Test product 3 (growing),Household,SALE,3,3.2,2.24,7
2026-01-06 14:00,10009,Test product 10 (declining),Snacks,SALE,7,7.37,5.16,7
2026-01-06 15:00,10003,Test product 4 (declining),Drinks,SALE,10,6.94,4.86,7
2026-01-06 15:00,10015,Test product 16 (declining),Drinks,SALE,3,10.3,7.21,7
2026-01-06 15:00,10039,Test product 40 (declining),Drinks,SALE,7,0.75,0.52,7
2026-01-06 16:00,10030,Test product 31 (smooth),Household,SALE,7,6.94,4.86,7
2026-01-06 17:00,10009,Test product 10 (declining),Snacks,SALE,3,7.37,5.16,7
2026-01-07 08:00,10032,Test product 33 (growing),Stationery,SALE,12,5.47,3.83,7
2026-01-07 14:00,10014,Test product 15 (growing),Household,SALE,9,5.58,3.91,7
2026-01-07 15:00,10019,Test product 20 (seasonal),Drinks,SALE,21,9.26,6.48,7
2026-01-07 17:00,10037,Test product 38 (seasonal),Snacks,SALE,19,4.46,3.12,7
2026-01-08 09:00,10007,Test product 8 (seasonal),Drinks,SALE,41,7.86,5.5,7
2026-01-08 10:00,10026,Test product 27 (growing),Household,SALE,7,7.9,5.53,7
2026-01-08 10:00,10033,Test product 34 (declining),Snacks,SALE,11,0.94,0.66,7
2026-01-08 11:00,10012,Test product 13 (smooth),Stationery,SALE,9,8.25,5.77,7
2026-01-08 11:00,10024,Test product 25 (smooth),Stationery,SALE,18,5.15,3.6,7
2026-01-08 11:00,10026,Test product 27 (growing),Household,SALE,3,7.9,5.53,7
2026-01-08 12:00,10006,Test product 7 (smooth),Household,SALE,15,2.37,1.66,7
2026-01-08 12:00,10038,Test product 39 (growing),Household,SALE,44,3.82,2.67,7
2026-01-08 14:00,10021,Test product 22 (declining),Snacks,SALE,11,9.47,6.63,7
2026-01-08 15:00,10020,Test product 21 (growing),Stationery,SALE,9,8.66,6.06,7
2026-01-08 16:00,10033,Test product 34 (declining),Snacks,SALE,16,0.94,0.66,7
2026-01-08 17:00,10012,Test product 13 (smooth),Stationery,SALE,6,8.25,5.77,7
2026-01-08 17:00,10018,Test product 19 (smooth),Household,SALE,7,3.32,2.32,7
2026-01-08 17:00,10027,Test product 28 (declining),Drinks,SALE,17,4.32,3.02,7
2026-01-08 17:00,10032,Test product 33 (growing),Stationery,SALE,15,5.47,3.83,7
2026-01-08 17:00,10032,Test product 33 (growing),Stationery,SALE,10,5.47,3.83,7
2026-01-09 08:00,10009,Test product 10 (declining),Snacks,SALE,6,7.37,5.16,7
2026-01-09 09:00,10021,Test product 22 (declining),Snacks,SALE,9,9.47,6.63,7
2026-01-09 10:00,10025,Test product 26 (seasonal),Snacks,SALE,12,6.65,4.66,7
2026-01-09 11:00,10020,Test product 21 (growing),Stationery,SALE,10,8.66,6.06,7
2026-01-09 12:00,10003,Test product 4 (declining),Drinks,SALE,13,6.94,4.86,7
2026-01-09 12:00,10019,Test product 20 (seasonal),Drinks,SALE,19,9.26,6.48,7
2026-01-09 13:00,10015,Test product 16 (declining),Drinks,SALE,2,10.3,7.21,7
2026-01-09 14:00,10014,Test product 15 (growing),Household,SALE,3,5.58,3.91,7
2026-01-09 17:00,10012,Test product 13 (smooth),Stationery,SALE,7,8.25,5.77,7
2026-01-09 17:00,10013,Test product 14 (seasonal),Snacks,SALE,19,6.02,4.21,7
2026-01-09 17:00,10014,Test product 15 (growing),Household,SALE,4,5.58,3.91,7
2026-01-10 08:00,10011,Test product 12 (lumpy),Drinks,SALE,61,2.43,1.7,7
2026-01-10 09:00,10008,Test product 9 (growing),Stationery,SALE,19,4.89,3.42,7
2026-01-10 13:00,10001,Test product 2 (seasonal),Snacks,SALE,29,3.68,2.58,7
2026-01-10 13:00,10018,Test product 19 (smooth),Household,SALE,1,3.32,2.32,7
2026-01-10 13:00,10030,Test product 31 (smooth),Household,SALE,17,6.94,4.86,7
2026-01-10 14:00,10006,Test product 7 (smooth),Household,SALE,12,2.37,1.66,7
2026-01-10 16:00,10026,Test product 27 (growing),Household,SALE,6,7.9,5.53,7
2026-01-10 16:00,10031,Test product 32 (seasonal),Drinks,SALE,4,7.4,5.18,7
2026-01-10 17:00,10002,Test product 3 (growing),Household,SALE,7,3.2,2.24,7
2026-01-12 00:00,10010,Test product 11 (intermittent),Household,RESTOCK,7,7.35,7.35,7
2026-01-12 08:00,10038,Test product 39 (growing),Household,SALE,49,3.82,2.67,7
2026-01-12 10:00,10024,Test product 25 (smooth),Stationery,SALE,10,5.15,3.6,7
2026-01-12 11:00,10039,Test product 40 (declining),Drinks,SALE,2,0.75,0.52,7
2026-01-12 12:00,10013,Test product 14 (seasonal),Snacks,SALE,60,6.02,4.21,7
2026-01-12 14:00,10026,Test product 27 (growing),Household,SALE,2,7.9,5.53,7
2026-01-12 15:00,10007,Test product 8 (seasonal),Drinks,SALE,13,7.86,5.5,7
2026-01-12 15:00,10026,Test product 27 (growing),Household,SALE,2,7.9,5.53,7
2026-01-12 15:00,10031,Test product 32 (seasonal),Drinks,SALE,10,7.4,5.18,7
2026-01-12 16:00,10014,Test product 15 (growing),Household,SALE,17,5.58,3.91,7
2026-01-12 17:00,10007,Test product 8 (seasonal),Drinks,SALE,21,7.86,5.5,7
2026-01-12 17:00,10030,Test product 31 (smooth),Household,SALE,10,6.94,4.86,7
2026-01-13 08:00,10003,Test product 4 (declining),Drinks,SALE,17,6.94,4.86,7
2026-01-13 09:00,10008,Test product 9 (growing),Stationery,SALE,5,4.89,3.42,7
2026-01-13 11:00,10003,Test product 4 (declining),Drinks,SALE,7,6.94,4.86,7
2026-01-13 12:00,10032,Test product 33 (growing),Stationery,SALE,10,5.47,3.83,7
2026-01-13 13:00,10008,Test product 9 (growing),Stationery,SALE,6,4.89,3.42,7
2026-01-13 14:00,10018,Test product 19 (smooth),Household,SALE,19,3.32,2.32,7
2026-01-13 15:00,10021,Test product 22 (declining),Snacks,SALE,5,9.47,6.63,7
2026-01-13 15:00,10036,Test product 37 (smooth),Stationery,SALE,8,2.81,1.97,7
2026-01-14 08:00,10010,Test product 11 (intermittent),Household,SALE,6,10.5,7.35,7
2026-01-14 09:00,10001,Test product 2 (seasonal),Snacks,SALE,13,3.68,2.58,7
2026-01-14 09:00,10027,Test product 28 (declining),Drinks,SALE,8,4.32,3.02,7
2026-01-14 09:00,10036,Test product 37 (smooth),Stationery,SALE,6,2.81,1.97,7
2026-01-14 14:00,10000,Test product 1 (smooth),Stationery,SALE,9,8.26,5.78,7
2026-01-14 14:00,10037,Test product 38 (seasonal),Snacks,SALE,7,4.46,3.12,7
2026-01-14 16:00,10015,Test product 16 (declining),Drinks,SALE,14,10.3,7.21,7
2026-01-15 09:00,10006,Test product 7 (smooth),Household,SALE,6,2.37,1.66,7
2026-01-15 10:00,10019,Test product 20 (seasonal),Drinks,SALE,31,9.26,6.48,7
2026-01-15 11:00,10032,Test product 33 (growing),Stationery,SALE,10,5.47,3.83,7
2026-01-15 14:00,10020,Test product 21 (growing),Stationery,SALE,37,8.66,6.06,7
2026-01-15 14:00,10021,Test product 22 (declining),Snacks,SALE,5,9.47,6.63,7
2026-01-15 16:00,10001,Test product 2 (seasonal),Snacks,SALE,6,3.68,2.58,7
2026-01-15 17:00,10029,Test product 30 (lumpy),Snacks,SALE,36,9.55,6.69,7
2026-01-16 08:00,10001,Test product 2 (seasonal),Snacks,SALE,10,3.68,2.58,7
2026-01-16 10:00,10033,Test product 34 (declining),Snacks,SALE,17,0.94,0.66,7
2026-01-16 11:00,10024,Test product 25 (smooth),Stationery,SALE,10,5.15,3.6,7
2026-01-16 11:00,10030,Test product 31 (smooth),Household,SALE,10,6.94,4.86,7
2026-01-16 11:00,10039,Test product 40 (declining),Drinks,SALE,3,0.75,0.52,7
2026-01-16 12:00,10007,Test product 8 (seasonal),Drinks,SALE,16,7.86,5.5,7
2026-01-16 13:00,10039,Test product 40 (declining),Drinks,SALE,3,0.75,0.52,7
2026-01-16 14:00,10025,Test product 26 (seasonal),Snacks,SALE,37,6.65,4.66,7
2026-01-16 15:00,10031,Test product 32 (seasonal),Drinks,SALE,11,7.4,5.18,7
2026-01-16 16:00,10009,Test product 10 (declining),Snacks,SALE,21,7.37,5.16,7
2026-01-16 17:00,10026,Test product 27 (growing),Household,SALE,6,7.9,5.53,7
2026-01-16 17:00,10033,Test product 34 (declining),Snacks,SALE,11,0.94,0.66,7
2026-01-16 17:00,10036,Test product 37 (smooth),Stationery,SALE,13,2.81,1.97,7
2026-01-17 08:00,10012,Test product 13 (smooth),Stationery,SALE,14,8.25,5.77,7
2026-01-17 09:00,10021,Test product 22 (declining),Snacks,SALE,7,9.47,6.63,7
2026-01-17 10:00,10037,Test product 38 (seasonal),Snacks,SALE,10,4.46,3.12,7
2026-01-17 11:00,10012,Test product 13 (smooth),Stationery,SALE,8,8.25,5.77,7
2026-01-17 11:00,10029,Test product 30 (lumpy),Snacks,SALE,37,9.55,6.69,7
2026-01-17 11:00,10032,Test product 33 (growing),Stationery,SALE,8,5.47,3.83,7
2026-01-17 12:00,10035,Test product 36 (lumpy),Drinks,SALE,43,8.11,5.68,7
2026-01-17 13:00,10006,Test product 7 (smooth),Household,SALE,8,2.37,1.66,7
2026-01-17 13:00,10027,Test product 28 (declining),Drinks,SALE,12,4.32,3.02,7
2026-01-17 13:00,10030,Test product 31 (smooth),Household,SALE,9,6.94,4.86,7
2026-01-17 14:00,10012,Test product 13 (smooth),Stationery,SALE,7,8.25,5.77,7
2026-01-17 15:00,10006,Test product 7 (smooth),Household,SALE,10,2.37,1.66,7
2026-01-17 15:00,10024,Test product 25 (smooth),Stationery,SALE,12,5.15,3.6,7
2026-01-17 16:00,10000,Test product 1 (smooth),Stationery,SALE,12,8.26,5.78,7
2026-01-17 16:00,10002,Test product 3 (growing),Household,SALE,18,3.2,2.24,7
2026-01-17 16:00,10003,Test product 4 (declining),Drinks,SALE,10,6.94,4.86,7
2026-01-17 16:00,10037,Test product 38 (seasonal),Snacks,SALE,9,4.46,3.12,7
2026-01-19 00:00,10005,Test product 6 (lumpy),Snacks,RESTOCK,38,6.57,6.57,7
2026-01-19 09:00,10018,Test product 19 (smooth),Household,SALE,5,3.32,2.32,7
2026-01-19 11:00,10032,Test product 33 (growing),Stationery,SALE,10,5.47,3.83,7
2026-01-19 15:00,10001,Test product 2 (seasonal),Snacks,SALE,15,3.68,2.58,7
2026-01-19 17:00,10004,Test product 5 (intermittent),Stationery,SALE,4,3.26,2.28,7
2026-01-19 17:00,10015,Test product 16 (declining),Drinks,SALE,6,10.3,7.21,7
2026-01-19 17:00,10039,Test product 40 (declining),Drinks,SALE,1,0.75,0.52,7
2026-01-20 11:00,10026,Test product 27 (growing),Household,SALE,2,7.9,5.53,7
2026-01-20 12:00,10026,Test product 27 (growing),Household,SALE,3,7.9,5.53,7
2026-01-20 12:00,10037,Test product 38 (seasonal),Snacks,SALE,8,4.46,3.12,7
2026-01-20 13:00,10027,Test product 28 (declining),Drinks,SALE,3,4.32,3.02,7
2026-01-20 13:00,10032,Test product 33 (growing),Stationery,SALE,12,5.47,3.83,7
2026-01-20 17:00,10026,Test product 27 (growing),Household,SALE,3,7.9,5.53,7
2026-01-20 17:00,10030,Test product 31 (smooth),Household,SALE,11,6.94,4.86,7
2026-01-21 08:00,10019,Test product 20 (seasonal),Drinks,SALE,41,9.26,6.48,7
2026-01-21 08:00,10032,Test product 33 (growing),Stationery,SALE,13,5.47,3.83,7
2026-01-21 09:00,10033,Test product 34 (declining),Snacks,SALE,14,0.94,0.66,7
2026-01-21 10:00,10003,Test product 4 (declining),Drinks,SALE,20,6.94,4.86,7
2026-01-21 10:00,10033,Test product 34 (declining),Snacks,SALE,11,0.94,0.66,7
2026-01-21 12:00,10007,Test product 8 (seasonal),Drinks,SALE,56,7.86,5.5,7
2026-01-21 12:00,10010,Test product 11 (intermittent),Household,SALE,1,10.5,7.35,7
2026-01-21 13:00,10014,Test product 15 (growing),Household,SALE,16,5.58,3.91,7
2026-01-21 13:00,10033,Test product 34 (declining),Snacks,SALE,15,0.94,0.66,7
2026-01-21 14:00,10024,Test product 25 (smooth),Stationery,SALE,37,5.15,3.6,7
2026-01-21 14:00,10039,Test product 40 (declining),Drinks,SALE,5,0.75,0.52,7
2026-01-21 15:00,10012,Test product 13 (smooth),Stationery,SALE,5,8.25,5.77,7
2026-01-21 16:00,10002,Test product 3 (growing),Household,SALE,12,3.2,2.24,7
2026-01-21 16:00,10037,Test product 38 (seasonal),Snacks,SALE,10,4.46,3.12,7
2026-01-22 11:00,10020,Test product 21 (growing),Stationery,SALE,16,8.66,6.06,7
2026-01-22 15:00,10038,Test product 39 (growing),Household,SALE,28,3.82,2.67,7
2026-01-22 16:00,10022,Test product 23 (intermittent),Household,SALE,4,10.2,7.14,7
2026-01-22 17:00,10013,Test product 14 (seasonal),Snacks,SALE,57,6.02,4.21,7
2026-01-22 17:00,10018,Test product 19 (smooth),Household,SALE,3,3.32,2.32,7
2026-01-22 17:00,10027,Test product 28 (declining),Drinks,SALE,4,4.32,3.02,7
2026-01-23 08:00,10008,Test product 9 (growing),Stationery,SALE,15,4.89,3.42,7
2026-01-23 10:00,10036,Test product 37 (smooth),Stationery,SALE,7,2.81,1.97,7
2026-01-23 11:00,10021,Test product 22 (declining),Snacks,SALE,10,9.47,6.63,7
2026-01-23 12:00,10002,Test product 3 (growing),Household,SALE,11,3.2,2.24,7
2026-01-23 12:00,10006,Test product 7 (smooth),Household,SALE,29,2.37,1.66,7
2026-01-23 12:00,10015,Test product 16 (declining),Drinks,SALE,6,10.3,7.21,7
2026-01-23 12:00,10018,Test product 19 (smooth),Household,SALE,4,3.32,2.32,7
2026-01-23 12:00,10038,Test product 39 (growing),Household,SALE,21,3.82,2.67,7
2026-01-23 13:00,10002,Test product 3 (growing),Household,SALE,3,3.2,2.24,7
2026-01-23 14:00,10025,Test product 26 (seasonal),Snacks,SALE,9,6.65,4.66,7
2026-01-23 16:00,10012,Test product 13 (smooth),Stationery,SALE,13,8.25,5.77,7
2026-01-23 17:00,10025,Test product 26 (seasonal),Snacks,SALE,11,6.65,4.66,7
2026-01-24 08:00,10027,Test product 28 (declining),Drinks,SALE,6,4.32,3.02,7
2026-01-24 09:00,10037,Test product 38 (seasonal),Snacks,SALE,9,4.46,3.12,7
2026-01-24 10:00,10003,Test product 4 (declining),Drinks,SALE,20,6.94,4.86,7
2026-01-24 10:00,10039,Test product 40 (declining),Drinks,SALE,1,0.75,0.52,7
2026-01-24 12:00,10001,Test product 2 (seasonal),Snacks,SALE,12,3.68,2.58,7
2026-01-24 12:00,10012,Test product 13 (smooth),Stationery,SALE,11,8.25,5.77,7
2026-01-24 12:00,10016,Test product 17 (intermittent),Stationery,SALE,6,3.53,2.47,7
2026-01-24 14:00,10001,Test product 2 (seasonal),Snacks,SALE,8,3.68,2.58,7
2026-01-24 14:00,10031,Test product 32 (seasonal),Drinks,SALE,25,7.4,5.18,7
2026-01-24 15:00,10000,Test product 1 (smooth),Stationery,SALE,28,8.26,5.78,7
2026-01-24 15:00,10020,Test product 21 (growing),Stationery,SALE,19,8.66,6.06,7
2026-01-24 15:00,10030,Test product 31 (smooth),Household,SALE,11,6.94,4.86,7
2026-01-24 15:00,10036,Test product 37 (smooth),Stationery,SALE,15,2.81,1.97,7
2026-01-24 16:00,10009,Test product 10 (declining),Snacks,SALE,14,7.37,5.16,7
2026-01-24 16:00,10021,Test product 22 (declining),Snacks,SALE,13,9.47,6.63,7
2026-01-24 17:00,10025,Test product 26 (seasonal),Snacks,SALE,12,6.65,4.66,7
2026-01-26 00:00,10000,Test product 1 (smooth),Stationery,RESTOCK,106,5.78,5.78,7
2026-01-26 00:00,10015,Test product 16 (declining),Drinks,RESTOCK,49,7.21,7.21,7
2026-01-26 00:00,10020,Test product 21 (growing),Stationery,RESTOCK,150,6.06,6.06,7
2026-01-26 00:00,10035,Test product 36 (lumpy),Drinks,RESTOCK,28,5.68,5.68,7
2026-01-26 08:00,10007,Test product 8 (seasonal),Drinks,SALE,22,7.86,5.5,7
2026-01-26 08:00,10026,Test product 27 (growing),Household,SALE,3,7.9,5.53,7
2026-01-26 09:00,10008,Test product 9 (growing),Stationery,SALE,5,4.89,3.42,7
2026-01-26 10:00,10020,Test product 21 (growing),Stationery,SALE,19,8.66,6.06,7
2026-01-26 11:00,10001,Test product 2 (seasonal),Snacks,SALE,9,3.68,2.58,7
2026-01-26 11:00,10015,Test product 16 (declining),Drinks,SALE,4,10.3,7.21,7
2026-01-26 13:00,10018,Test product 19 (smooth),Household,SALE,5,3.32,2.32,7
2026-01-26 13:00,10018,Test product 19 (smooth),Household,SALE,8,3.32,2.32,7
2026-01-26 14:00,10030,Test product 31 (smooth),Household,SALE,13,6.94,4.86,7
2026-01-26 14:00,10031,Test product 32 (seasonal),Drinks,SALE,8,7.4,5.18,7
2026-01-26 15:00,10019,Test product 20 (seasonal),Drinks,SALE,10,9.26,6.48,7
2026-01-26 15:00,10027,Test product 28 (declining),Drinks,SALE,7,4.32,3.02,7
2026-01-26 16:00,10032,Test product 33 (growing),Stationery,SALE,48,5.47,3.83,7
2026-01-26 17:00,10001,Test product 2 (seasonal),Snacks,SALE,14,3.68,2.58,7
2026-01-26 17:00,10013,Test product 14 (seasonal),Snacks,SALE,53,6.02,4.21,7
2026-01-27 08:00,10000,Test product 1 (smooth),Stationery,SALE,10,8.26,5.78,7
2026-01-27 08:00,10020,Test product 21 (growing),Stationery,SALE,9,8.66,6.06,7
2026-01-27 08:00,10027,Test product 28 (declining),Drinks,SALE,4,4.32,3.02,7
2026-01-27 09:00,10010,Test product 11 (intermittent),Household,SALE,3,10.5,7.35,7
2026-01-27 10:00,10014,Test product 15 (growing),Household,SALE,8,5.58,3.91,7
2026-01-27 12:00,10031,Test product 32 (seasonal),Drinks,SALE,7,7.4,5.18,7
2026-01-27 13:00,10014,Test product 15 (growing),Household,SALE,2,5.58,3.91,7
2026-01-27 13:00,10021,Test product 22 (declining),Snacks,SALE,16,9.47,6.63,7
2026-01-27 14:00,10019,Test product 20 (seasonal),Drinks,SALE,4,9.26,6.48,7
2026-01-27 16:00,10038,Test product 39 (growing),Household,SALE,22,3.82,2.67,7
2026-01-27 17:00,10001,Test product 2 (seasonal),Snacks,SALE,11,3.68,2.58,7
2026-01-27 17:00,10037,Test product 38 (seasonal),Snacks,SALE,10,4.46,3.12,7
2026-01-28 08:00,10005,Test product 6 (lumpy),Snacks,SALE,67,9.38,6.57,7
2026-01-28 10:00,10025,Test product 26 (seasonal),Snacks,SALE,12,6.65,4.66,7
2026-01-28 11:00,10034,Test product 35 (intermittent),Household,SALE,1,1.59,1.11,7
2026-01-28 12:00,10012,Test product 13 (smooth),Stationery,SALE,25,8.25,5.77,7
2026-01-28 12:00,10030,Test product 31 (smooth),Household,SALE,7,6.94,4.86,7
2026-01-28 13:00,10007,Test product 8 (seasonal),Drinks,SALE,25,7.86,5.5,7
2026-01-28 13:00,10035,Test product 36 (lumpy),Drinks,SALE,13,8.11,5.68,7
2026-01-28 14:00,10020,Test product 21 (growing),Stationery,SALE,12,8.66,6.06,7
2026-01-28 15:00,10025,Test product 26 (seasonal),Snacks,SALE,11,6.65,4.66,7
2026-01-28 17:00,10000,Test product 1 (smooth),Stationery,SALE,13,8.26,5.78,7
2026-01-28 17:00,10015,Test product 16 (declining),Drinks,SALE,2,10.3,7.21,7
2026-01-29 09:00,10002,Test product 3 (growing),Household,SALE,10,3.2,2.24,7
2026-01-29 09:00,10034,Test product 35 (intermittent),Household,SALE,4,1.59,1.11,7
2026-01-29 11:00,10008,Test product 9 (growing),Stationery,SALE,2,4.89,3.42,7
2026-01-29 11:00,10026,Test product 27 (growing),Household,SALE,10,7.9,5.53,7
2026-01-29 11:00,10030,Test product 31 (smooth),Household,SALE,7,6.94,4.86,7
2026-01-29 11:00,10031,Test product 32 (seasonal),Drinks,SALE,10,7.4,5.18,7
2026-01-29 12:00,10037,Test product 38 (seasonal),Snacks,SALE,9,4.46,3.12,7
2026-01-29 16:00,10027,Test product 28 (declining),Drinks,SALE,3,4.32,3.02,7
2026-01-30 08:00,10008,Test product 9 (growing),Stationery,SALE,6,4.89,3.42,7
2026-01-30 08:00,10009,Test product 10 (declining),Snacks,SALE,8,7.37,5.16,7
2026-01-30 09:00,10004,Test product 5 (intermittent),Stationery,SALE,2,3.26,2.28,7
2026-01-30 09:00,10033,Test product 34 (declining),Snacks,SALE,17,0.94,0.66,7
2026-01-30 09:00,10035,Test product 36 (lumpy),Drinks,SALE,10,8.11,5.68,7
2026-01-30 10:00,10033,Test product 34 (declining),Snacks,SALE,10,0.94,0.66,7
2026-01-30 11:00,10018,Test product 19 (smooth),Household,SALE,6,3.32,2.32,7
2026-01-30 11:00,10035,Test product 36 (lumpy),Drinks,SALE,14,8.11,5.68,7
2026-01-30 13:00,10024,Test product 25 (smooth),Stationery,SALE,11,5.15,3.6,7
2026-01-30 14:00,10019,Test product 20 (seasonal),Drinks,SALE,9,9.26,6.48,7
2026-01-30 14:00,10036,Test product 37 (smooth),Stationery,SALE,12,2.81,1.97,7
2026-01-30 15:00,10025,Test product 26 (seasonal),Snacks,SALE,13,6.65,4.66,7
2026-01-30 16:00,10009,Test product 10 (declining),Snacks,SALE,6,7.37,5.16,7
2026-01-30 16:00,10024,Test product 25 (smooth),Stationery,SALE,7,5.15,3.6,7
2026-01-30 17:00,10038,Test product 39 (growing),Household,SALE,19,3.82,2.67,7
2026-01-31 08:00,10002,Test product 3 (growing),Household,SALE,17,3.2,2.24,7
2026-01-31 12:00,10015,Test product 16 (declining),Drinks,SALE,4,10.3,7.21,7
2026-01-31 12:00,10038,Test product 39 (growing),Household,SALE,16,3.82,2.67,7
2026-01-31 13:00,10000,Test product 1 (smooth),Stationery,SALE,10,8.26,5.78,7
2026-01-31 13:00,10039,Test product 40 (declining),Drinks,SALE,2,0.75,0.52,7
2026-01-31 14:00,10003,Test product 4 (declining),Drinks,SALE,30,6.94,4.86,7
2026-01-31 14:00,10039,Test product 40 (declining),Drinks,SALE,3,0.75,0.52,7
2026-01-31 15:00,10026,Test product 27 (growing),Household,SALE,4,7.9,5.53,7
2026-01-31 17:00,10006,Test product 7 (smooth),Household,SALE,30,2.37,1.66,7
2026-01-31 17:00,10024,Test product 25 (smooth),Stationery,SALE,8,5.15,3.6,7
2026-01-31 17:00,10036,Test product 37 (smooth),Stationery,SALE,16,2.81,1.97,7
2026-02-02 00:00,10001,Test product 2 (seasonal),Snacks,RESTOCK,117,2.58,2.58,7
2026-02-02 00:00,10002,Test product 3 (growing),Household,RESTOCK,101,2.24,2.24,7
2026-02-02 00:00,10003,Test product 4 (declining),Drinks,RESTOCK,148,4.86,4.86,7
2026-02-02 00:00,10004,Test product 5 (intermittent),Stationery,RESTOCK,6,2.28,2.28,7
2026-02-02 00:00,10006,Test product 7 (smooth),Household,RESTOCK,126,1.66,1.66,7
2026-02-02 00:00,10007,Test product 8 (seasonal),Drinks,RESTOCK,138,5.5,5.5,7
2026-02-02 00:00,10008,Test product 9 (growing),Stationery,RESTOCK,38,3.42,3.42,7
2026-02-02 00:00,10009,Test product 10 (declining),Snacks,RESTOCK,73,5.16,5.16,7
2026-02-02 00:00,10011,Test product 12 (lumpy),Drinks,RESTOCK,39,1.7,1.7,7
2026-02-02 00:00,10012,Test product 13 (smooth),Stationery,RESTOCK,102,5.77,5.77,7
2026-02-02 00:00,10013,Test product 14 (seasonal),Snacks,RESTOCK,168,4.21,4.21,7
2026-02-02 00:00,10014,Test product 15 (growing),Household,RESTOCK,53,3.91,3.91,7
2026-02-02 00:00,10016,Test product 17 (intermittent),Stationery,RESTOCK,8,2.47,2.47,7
2026-02-02 00:00,10017,Test product 18 (lumpy),Snacks,RESTOCK,37,0.69,0.69,7
2026-02-02 00:00,10018,Test product 19 (smooth),Household,RESTOCK,75,2.32,2.32,7
2026-02-02 00:00,10019,Test product 20 (seasonal),Drinks,RESTOCK,94,6.48,6.48,7
2026-02-02 00:00,10021,Test product 22 (declining),Snacks,RESTOCK,104,6.63,6.63,7
2026-02-02 00:00,10022,Test product 23 (intermittent),Household,RESTOCK,9,7.14,7.14,7
2026-02-02 00:00,10023,Test product 24 (lumpy),Drinks,RESTOCK,21,2.75,2.75,7
2026-02-02 00:00,10024,Test product 25 (smooth),Stationery,RESTOCK,132,3.6,3.6,7
2026-02-02 00:00,10025,Test product 26 (seasonal),Snacks,RESTOCK,100,4.66,4.66,7
2026-02-02 00:00,10026,Test product 27 (growing),Household,RESTOCK,51,5.53,5.53,7
2026-02-02 00:00,10027,Test product 28 (declining),Drinks,RESTOCK,104,3.02,3.02,7
2026-02-02 00:00,10028,Test product 29 (intermittent),Stationery,RESTOCK,7,3.79,3.79,7
2026-02-02 00:00,10029,Test product 30 (lumpy),Snacks,RESTOCK,22,6.69,6.69,7
2026-02-02 00:00,10030,Test product 31 (smooth),Household,RESTOCK,103,4.86,4.86,7
2026-02-02 00:00,10031,Test product 32 (seasonal),Drinks,RESTOCK,54,5.18,5.18,7
2026-02-02 00:00,10032,Test product 33 (growing),Stationery,RESTOCK,133,3.83,3.83,7
2026-02-02 00:00,10033,Test product 34 (declining),Snacks,RESTOCK,125,0.66,0.66,7
2026-02-02 00:00,10034,Test product 35 (intermittent),Household,RESTOCK,6,1.11,1.11,7
2026-02-02 00:00,10036,Test product 37 (smooth),Stationery,RESTOCK,95,1.97,1.97,7
2026-02-02 00:00,10037,Test product 38 (seasonal),Snacks,RESTOCK,64,3.12,3.12,7
2026-02-02 00:00,10038,Test product 39 (growing),Household,RESTOCK,194,2.67,2.67,7
2026-02-02 00:00,10039,Test product 40 (declining),Drinks,RESTOCK,37,0.52,0.52,7
2026-02-02 10:00,10013,Test product 14 (seasonal),Snacks,SALE,23,6.02,4.21,7
2026-02-02 11:00,10000,Test product 1 (smooth),Stationery,SALE,7,8.26,5.78,7
2026-02-02 11:00,10020,Test product 21 (growing),Stationery,SALE,13,8.66,6.06,7
2026-02-02 12:00,10003,Test product 4 (declining),Drinks,SALE,7,6.94,4.86,7
2026-02-02 13:00,10031,Test product 32 (seasonal),Drinks,SALE,13,7.4,5.18,7
2026-02-02 16:00,10004,Test product 5 (intermittent),Stationery,SALE,1,3.26,2.28,7
2026-02-02 16:00,10021,Test product 22 (declining),Snacks,SALE,27,9.47,6.63,7
2026-02-02 16:00,10022,Test product 23 (intermittent),Household,SALE,1,10.2,7.14,7
2026-02-03 08:00,10034,Test product 35 (intermittent),Household,SALE,1,1.59,1.11,7
2026-02-03 10:00,10008,Test product 9 (growing),Stationery,SALE,1,4.89,3.42,7
2026-02-03 10:00,10025,Test product 26 (seasonal),Snacks,SALE,13,6.65,4.66,7
2026-02-03 11:00,10008,Test product 9 (growing),Stationery,SALE,5,4.89,3.42,7
2026-02-03 13:00,10013,Test product 14 (seasonal),Snacks,SALE,26,6.02,4.21,7
2026-02-03 14:00,10006,Test product 7 (smooth),Household,SALE,14,2.37,1.66,7
2026-02-03 15:00,10033,Test product 34 (declining),Snacks,SALE,24,0.94,0.66,7
2026-02-03 15:00,10034,Test product 35 (intermittent),Household,SALE,2,1.59,1.11,7
2026-02-03 15:00,10036,Test product 37 (smooth),Stationery,SALE,6,2.81,1.97,7
2026-02-03 16:00,10038,Test product 39 (growing),Household,SALE,46,3.82,2.67,7
2026-02-03 17:00,10025,Test product 26 (seasonal),Snacks,SALE,13,6.65,4.66,7
2026-02-04 08:00,10008,Test product 9 (growing),Stationery,SALE,5,4.89,3.42,7
2026-02-04 09:00,10009,Test product 10 (declining),Snacks,SALE,8,7.37,5.16,7
2026-02-04 09:00,10012,Test product 13 (smooth),Stationery,SALE,25,8.25,5.77,7
2026-02-04 12:00,10019,Test product 20 (seasonal),Drinks,SALE,16,9.26,6.48,7
2026-02-04 13:00,10022,Test product 23 (intermittent),Household,SALE,1,10.2,7.14,7
2026-02-04 14:00,10025,Test product 26 (seasonal),Snacks,SALE,16,6.65,4.66,7
2026-02-04 15:00,10019,Test product 20 (seasonal),Drinks,SALE,11,9.26,6.48,7
2026-02-04 16:00,10007,Test product 8 (seasonal),Drinks,SALE,21,7.86,5.5,7
2026-02-04 16:00,10009,Test product 10 (declining),Snacks,SALE,4,7.37,5.16,7
2026-02-04 16:00,10014,Test product 15 (growing),Household,SALE,2,5.58,3.91,7
2026-02-04 17:00,10018,Test product 19 (smooth),Household,SALE,21,3.32,2.32,7
2026-02-05 10:00,10039,Test product 40 (declining),Drinks,SALE,4,0.75,0.52,7
2026-02-05 11:00,10000,Test product 1 (smooth),Stationery,SALE,8,8.26,5.78,7
2026-02-05 11:00,10006,Test product 7 (smooth),Household,SALE,8,2.37,1.66,7
2026-02-05 11:00,10036,Test product 37 (smooth),Stationery,SALE,5,2.81,1.97,7
2026-02-05 12:00,10030,Test product 31 (smooth),Household,SALE,13,6.94,4.86,7
2026-02-05 13:00,10000,Test product 1 (smooth),Stationery,SALE,9,8.26,5.78,7
2026-02-05 14:00,10014,Test product 15 (growing),Household,SALE,9,5.58,3.91,7
2026-02-05 14:00,10039,Test product 40 (declining),Drinks,SALE,2,0.75,0.52,7
2026-02-05 15:00,10002,Test product 3 (growing),Household,SALE,6,3.2,2.24,7
2026-02-05 15:00,10032,Test product 33 (growing),Stationery,SALE,15,5.47,3.83,7
2026-02-05 16:00,10003,Test product 4 (declining),Drinks,SALE,10,6.94,4.86,7
2026-02-05 17:00,10002,Test product 3 (growing),Household,SALE,12,3.2,2.24,7
2026-02-05 17:00,10024,Test product 25 (smooth),Stationery,SALE,38,5.15,3.6,7
2026-02-06 09:00,10007,Test product 8 (seasonal),Drinks,SALE,20,7.86,5.5,7
2026-02-06 11:00,10009,Test product 10 (declining),Snacks,SALE,6,7.37,5.16,7
2026-02-06 11:00,10027,Test product 28 (declining),Drinks,SALE,13,4.32,3.02,7
2026-02-06 11:00,10030,Test product 31 (smooth),Household,SALE,17,6.94,4.86,7
2026-02-06 12:00,10020,Test product 21 (growing),Stationery,SALE,18,8.66,6.06,7
2026-02-06 12:00,10034,Test product 35 (intermittent),Household,SALE,1,1.59,1.11,7
2026-02-06 15:00,10001,Test product 2 (seasonal),Snacks,SALE,28,3.68,2.58,7
2026-02-06 16:00,10006,Test product 7 (smooth),Household,SALE,14,2.37,1.66,7
2026-02-06 17:00,10032,Test product 33 (growing),Stationery,SALE,10,5.47,3.83,7
2026-02-07 09:00,10036,Test product 37 (smooth),Stationery,SALE,9,2.81,1.97,7
2026-02-07 11:00,10014,Test product 15 (growing),Household,SALE,7,5.58,3.91,7
2026-02-07 11:00,10020,Test product 21 (growing),Stationery,SALE,15,8.66,6.06,7
2026-02-07 11:00,10026,Test product 27 (growing),Household,SALE,12,7.9,5.53,7
2026-02-07 13:00,10027,Test product 28 (declining),Drinks,SALE,6,4.32,3.02,7
2026-02-07 14:00,10003,Test product 4 (declining),Drinks,SALE,11,6.94,4.86,7
2026-02-07 15:00,10031,Test product 32 (seasonal),Drinks,SALE,2,7.4,5.18,7
2026-02-07 15:00,10031,Test product 32 (seasonal),Drinks,SALE,11,7.4,5.18,7
2026-02-07 15:00,10037,Test product 38 (seasonal),Snacks,SALE,24,4.46,3.12,7
2026-02-07 16:00,10002,Test product 3 (growing),Household,SALE,9,3.2,2.24,7
2026-02-07 16:00,10015,Test product 16 (declining),Drinks,SALE,8,10.3,7.21,7
2026-02-07 17:00,10032,Test product 33 (growing),Stationery,SALE,12,5.47,3.83,7
2026-02-09 00:00,10010,Test product 11 (intermittent),Household,RESTOCK,8,7.35,7.35,7
2026-02-09 08:00,10037,Test product 38 (seasonal),Snacks,SALE,10,4.46,3.12,7
2026-02-09 09:00,10021,Test product 22 (declining),Snacks,SALE,6,9.47,6.63,7
2026-02-09 12:00,10015,Test product 16 (declining),Drinks,SALE,17,10.3,7.21,7
2026-02-09 13:00,10002,Test product 3 (growing),Household,SALE,8,3.2,2.24,7
2026-02-09 14:00,10002,Test product 3 (growing),Household,SALE,8,3.2,2.24,7
2026-02-09 14:00,10030,Test product 31 (smooth),Household,SALE,19,6.94,4.86,7
2026-02-09 17:00,10009,Test product 10 (declining),Snacks,SALE,6,7.37,5.16,7
2026-02-09 17:00,10036,Test product 37 (smooth),Stationery,SALE,18,2.81,1.97,7
2026-02-10 10:00,10021,Test product 22 (declining),Snacks,SALE,4,9.47,6.63,7
2026-02-10 13:00,10011,Test product 12 (lumpy),Drinks,SALE,35,2.43,1.7,7
2026-02-10 14:00,10027,Test product 28 (declining),Drinks,SALE,19,4.32,3.02,7
2026-02-10 15:00,10014,Test product 15 (growing),Household,SALE,3,5.58,3.91,7
2026-02-10 16:00,10025,Test product 26 (seasonal),Snacks,SALE,12,6.65,4.66,7
2026-02-10 16:00,10031,Test product 32 (seasonal),Drinks,SALE,10,7.4,5.18,7
2026-02-10 17:00,10012,Test product 13 (smooth),Stationery,SALE,9,8.25,5.77,7
2026-02-10 17:00,10025,Test product 26 (seasonal),Snacks,SALE,18,6.65,4.66,7
2026-02-10 17:00,10032,Test product 33 (growing),Stationery,SALE,14,5.47,3.83,7
2026-02-11 11:00,10001,Test product 2 (seasonal),Snacks,SALE,11,3.68,2.58,7
2026-02-11 11:00,10003,Test product 4 (declining),Drinks,SALE,27,6.94,4.86,7
2026-02-11 11:00,10006,Test product 7 (smooth),Household,SALE,13,2.37,1.66,7
2026-02-11 11:00,10037,Test product 38 (seasonal),Snacks,SALE,13,4.46,3.12,7
2026-02-11 12:00,10035,Test product 36 (lumpy),Drinks,SALE,63,8.11,5.68,7
2026-02-11 12:00,10038,Test product 39 (growing),Household,SALE,39,3.82,2.67,7
2026-02-11 15:00,10009,Test product 10 (declining),Snacks,SALE,3,7.37,5.16,7
2026-02-11 15:00,10026,Test product 27 (growing),Household,SALE,8,7.9,5.53,7
2026-02-11 16:00,10000,Test product 1 (smooth),Stationery,SALE,4,8.26,5.78,7
2026-02-11 16:00,10001,Test product 2 (seasonal),Snacks,SALE,18,3.68,2.58,7
2026-02-11 16:00,10007,Test product 8 (seasonal),Drinks,SALE,18,7.86,5.5,7
2026-02-11 16:00,10020,Test product 21 (growing),Stationery,SALE,19,8.66,6.06,7
2026-02-11 17:00,10007,Test product 8 (seasonal),Drinks,SALE,25,7.86,5.5,7
2026-02-11 17:00,10020,Test product 21 (growing),Stationery,SALE,22,8.66,6.06,7
2026-02-12 09:00,10013,Test product 14 (seasonal),Snacks,SALE,29,6.02,4.21,7
2026-02-12 09:00,10031,Test product 32 (seasonal),Drinks,SALE,9,7.4,5.18,7
2026-02-12 12:00,10014,Test product 15 (growing),Household,SALE,11,5.58,3.91,7
2026-02-12 12:00,10026,Test product 27 (growing),Household,SALE,3,7.9,5.53,7
2026-02-12 13:00,10039,Test product 40 (declining),Drinks,SALE,3,0.75,0.52,7
2026-02-12 14:00,10022,Test product 23 (intermittent),Household,SALE,4,10.2,7.14,7
2026-02-12 15:00,10035,Test product 36 (lumpy),Drinks,SALE,73,8.11,5.68,7
2026-02-12 17:00,10032,Test product 33 (growing),Stationery,SALE,15,5.47,3.83,7
2026-02-13 09:00,10033,Test product 34 (declining),Snacks,SALE,18,0.94,0.66,7
2026-02-13 10:00,10012,Test product 13 (smooth),Stationery,SALE,6,8.25,5.77,7
2026-02-13 11:00,10018,Test product 19 (smooth),Household,SALE,5,3.32,2.32,7
2026-02-13 11:00,10021,Test product 22 (declining),Snacks,SALE,2,9.47,6.63,7
2026-02-13 12:00,10008,Test product 9 (growing),Stationery,SALE,1,4.89,3.42,7
2026-02-13 14:00,10008,Test product 9 (growing),Stationery,SALE,5,4.89,3.42,7
2026-02-13 14:00,10018,Test product 19 (smooth),Household,SALE,7,3.32,2.32,7
2026-02-13 15:00,10002,Test product 3 (growing),Household,SALE,10,3.2,2.24,7
2026-02-13 15:00,10009,Test product 10 (declining),Snacks,SALE,3,7.37,5.16,7
2026-02-13 15:00,10011,Test product 12 (lumpy),Drinks,SALE,31,2.43,1.7,7
2026-02-13 16:00,10000,Test product 1 (smooth),Stationery,SALE,14,8.26,5.78,7
2026-02-13 16:00,10006,Test product 7 (smooth),Household,SALE,18,2.37,1.66,7
2026-02-13 16:00,10022,Test product 23 (intermittent),Household,SALE,2,10.2,7.14,7
2026-02-13 16:00,10037,Test product 38 (seasonal),Snacks,SALE,9,4.46,3.12,7
2026-02-14 08:00,10013,Test product 14 (seasonal),Snacks,SALE,27,6.02,4.21,7
2026-02-14 08:00,10024,Test product 25 (smooth),Stationery,SALE,27,5.15,3.6,7
2026-02-14 09:00,10012,Test product 13 (smooth),Stationery,SALE,10,8.25,5.77,7
2026-02-14 10:00,10019,Test product 20 (seasonal),Drinks,SALE,32,9.26,6.48,7
2026-02-14 11:00,10039,Test product 40 (declining),Drinks,SALE,5,0.75,0.52,7
2026-02-14 12:00,10030,Test product 31 (smooth),Household,SALE,16,6.94,4.86,7
2026-02-14 14:00,10000,Test product 1 (smooth),Stationery,SALE,6,8.26,5.78,7
2026-02-14 14:00,10025,Test product 26 (seasonal),Snacks,SALE,18,6.65,4.66,7
2026-02-14 15:00,10032,Test product 33 (growing),Stationery,SALE,16,5.47,3.83,7
2026-02-14 17:00,10033,Test product 34 (declining),Snacks,SALE,14,0.94,0.66,7
2026-02-16 00:00,10005,Test product 6 (lumpy),Snacks,RESTOCK,42,6.57,6.57,7
2026-02-16 08:00,10030,Test product 31 (smooth),Household,SALE,23,6.94,4.86,7
2026-02-16 08:00,10036,Test product 37 (smooth),Stationery,SALE,9,2.81,1.97,7
2026-02-16 09:00,10009,Test product 10 (declining),Snacks,SALE,5,7.37,5.16,7
2026-02-16 09:00,10034,Test product 35 (intermittent),Household,SALE,3,1.59,1.11,7
2026-02-16 10:00,10019,Test product 20 (seasonal),Drinks,SALE,9,9.26,6.48,7
2026-02-16 12:00,10003,Test product 4 (declining),Drinks,SALE,12,6.94,4.86,7
2026-02-16 14:00,10021,Test product 22 (declining),Snacks,SALE,7,9.47,6.63,7
2026-02-16 14:00,10022,Test product 23 (intermittent),Household,SALE,1,10.2,7.14,7
2026-02-16 14:00,10024,Test product 25 (smooth),Stationery,SALE,33,5.15,3.6,7
2026-02-16 14:00,10026,Test product 27 (growing),Household,SALE,7,7.9,5.53,7
2026-02-16 14:00,10027,Test product 28 (declining),Drinks,SALE,8,4.32,3.02,7
2026-02-16 14:00,10032,Test product 33 (growing),Stationery,SALE,43,5.47,3.83,7
2026-02-16 15:00,10003,Test product 4 (declining),Drinks,SALE,15,6.94,4.86,7
2026-02-16 15:00,10028,Test product 29 (intermittent),Stationery,SALE,1,5.41,3.79,7
2026-02-16 16:00,10002,Test product 3 (growing),Household,SALE,17,3.2,2.24,7
2026-02-16 16:00,10039,Test product 40 (declining),Drinks,SALE,9,0.75,0.52,7
2026-02-17 11:00,10036,Test product 37 (smooth),Stationery,SALE,10,2.81,1.97,7
2026-02-17 12:00,10007,Test product 8 (seasonal),Drinks,SALE,24,7.86,5.5,7
2026-02-17 12:00,10013,Test product 14 (seasonal),Snacks,SALE,14,6.02,4.21,7
2026-02-17 14:00,10021,Test product 22 (declining),Snacks,SALE,19,9.47,6.63,7
2026-02-17 15:00,10001,Test product 2 (seasonal),Snacks,SALE,33,3.68,2.58,7
2026-02-17 16:00,10033,Test product 34 (declining),Snacks,SALE,7,0.94,0.66,7
2026-02-17 17:00,10008,Test product 9 (growing),Stationery,SALE,5,4.89,3.42,7
2026-02-17 17:00,10026,Test product 27 (growing),Household,SALE,4,7.9,5.53,7
2026-02-18 09:00,10002,Test product 3 (growing),Household,SALE,8,3.2,2.24,7
2026-02-18 09:00,10007,Test product 8 (seasonal),Drinks,SALE,23,7.86,5.5,7
2026-02-18 09:00,10018,Test product 19 (smooth),Household,SALE,6,3.32,2.32,7
2026-02-18 11:00,10000,Test product 1 (smooth),Stationery,SALE,8,8.26,5.78,7
2026-02-18 13:00,10020,Test product 21 (growing),Stationery,SALE,17,8.66,6.06,7
2026-02-18 13:00,10025,Test product 26 (seasonal),Snacks,SALE,18,6.65,4.66,7
2026-02-18 14:00,10037,Test product 38 (seasonal),Snacks,SALE,17,4.46,3.12,7
2026-02-18 15:00,10026,Test product 27 (growing),Household,SALE,3,7.9,5.53,7
2026-02-18 16:00,10015,Test product 16 (declining),Drinks,SALE,4,10.3,7.21,7
2026-02-19 08:00,10019,Test product 20 (seasonal),Drinks,SALE,16,9.26,6.48,7
2026-02-19 09:00,10021,Test product 22 (declining),Snacks,SALE,5,9.47,6.63,7
2026-02-19 11:00,10038,Test product 39 (growing),Household,SALE,15,3.82,2.67,7
2026-02-19 12:00,10023,Test product 24 (lumpy),Drinks,SALE,52,3.93,2.75,7
2026-02-19 13:00,10018,Test product 19 (smooth),Household,SALE,10,3.32,2.32,7
2026-02-19 13:00,10038,Test product 39 (growing),Household,SALE,14,3.82,2.67,7
2026-02-19 14:00,10013,Test product 14 (seasonal),Snacks,SALE,16,6.02,4.21,7
2026-02-19 14:00,10027,Test product 28 (declining),Drinks,SALE,2,4.32,3.02,7
2026-02-19 14:00,10038,Test product 39 (growing),Household,SALE,22,3.82,2.67,7
2026-02-19 16:00,10003,Test product 4 (declining),Drinks,SALE,16,6.94,4.86,7
2026-02-19 16:00,10008,Test product 9 (growing),Stationery,SALE,6,4.89,3.42,7
2026-02-19 16:00,10028,Test product 29 (intermittent),Stationery,SALE,1,5.41,3.79,7
2026-02-19 16:00,10033,Test product 34 (declining),Snacks,SALE,12,0.94,0.66,7
2026-02-20 09:00,10015,Test product 16 (declining),Drinks,SALE,5,10.3,7.21,7
2026-02-20 09:00,10027,Test product 28 (declining),Drinks,SALE,5,4.32,3.02,7
2026-02-20 10:00,10006,Test product 7 (smooth),Household,SALE,27,2.37,1.66,7
2026-02-20 10:00,10036,Test product 37 (smooth),Stationery,SALE,8,2.81,1.97,7
2026-02-20 11:00,10009,Test product 10 (declining),Snacks,SALE,3,7.37,5.16,7
2026-02-20 11:00,10031,Test product 32 (seasonal),Drinks,SALE,5,7.4,5.18,7
2026-02-20 11:00,10031,Test product 32 (seasonal),Drinks,SALE,12,7.4,5.18,7
2026-02-20 13:00,10000,Test product 1 (smooth),Stationery,SALE,10,8.26,5.78,7
2026-02-20 13:00,10018,Test product 19 (smooth),Household,SALE,1,3.32,2.32,7
2026-02-20 13:00,10020,Test product 21 (growing),Stationery,SALE,10,8.66,6.06,7
2026-02-20 13:00,10025,Test product 26 (seasonal),Snacks,SALE,15,6.65,4.66,7
2026-02-20 15:00,10034,Test product 35 (intermittent),Household,SALE,1,1.59,1.11,7
2026-02-21 08:00,10015,Test product 16 (declining),Drinks,SALE,4,10.3,7.21,7
2026-02-21 11:00,10010,Test product 11 (intermittent),Household,SALE,1,10.5,7.35,7
2026-02-21 14:00,10012,Test product 13 (smooth),Stationery,SALE,27,8.25,5.77,7
2026-02-21 14:00,10014,Test product 15 (growing),Household,SALE,20,5.58,3.91,7
2026-02-21 15:00,10008,Test product 9 (growing),Stationery,SALE,4,4.89,3.42,7
2026-02-21 15:00,10013,Test product 14 (seasonal),Snacks,SALE,13,6.02,4.21,7
2026-02-21 16:00,10010,Test product 11 (intermittent),Household,SALE,2,10.5,7.35,7
2026-02-21 16:00,10033,Test product 34 (declining),Snacks,SALE,6,0.94,0.66,7
2026-02-21 17:00,10009,Test product 10 (declining),Snacks,SALE,4,7.37,5.16,7
2026-02-23 00:00,10000,Test product 1 (smooth),Stationery,RESTOCK,124,5.78,5.78,7
2026-02-23 00:00,10015,Test product 16 (declining),Drinks,RESTOCK,48,7.21,7.21,7
2026-02-23 00:00,10020,Test product 21 (growing),Stationery,RESTOCK,159,6.06,6.06,7
2026-02-23 00:00,10035,Test product 36 (lumpy),Drinks,RESTOCK,29,5.68,5.68,7
2026-02-23 09:00,10000,Test product 1 (smooth),Stationery,SALE,29,8.26,5.78,7
2026-02-23 09:00,10012,Test product 13 (smooth),Stationery,SALE,7,8.25,5.77,7
2026-02-23 09:00,10018,Test product 19 (smooth),Household,SALE,6,3.32,2.32,7
2026-02-23 09:00,10032,Test product 33 (growing),Stationery,SALE,37,5.47,3.83,7
2026-02-23 13:00,10002,Test product 3 (growing),Household,SALE,15,3.2,2.24,7
2026-02-23 13:00,10018,Test product 19 (smooth),Household,SALE,7,3.32,2.32,7
2026-02-23 15:00,10037,Test product 38 (seasonal),Snacks,SALE,6,4.46,3.12,7
2026-02-23 16:00,10014,Test product 15 (growing),Household,SALE,2,5.58,3.91,7
2026-02-23 16:00,10017,Test product 18 (lumpy),Snacks,SALE,18,0.98,0.69,7
2026-02-23 16:00,10027,Test product 28 (declining),Drinks,SALE,4,4.32,3.02,7
2026-02-24 09:00,10027,Test product 28 (declining),Drinks,SALE,8,4.32,3.02,7
2026-02-24 11:00,10001,Test product 2 (seasonal),Snacks,SALE,14,3.68,2.58,7
2026-02-24 11:00,10006,Test product 7 (smooth),Household,SALE,21,2.37,1.66,7
2026-02-24 11:00,10009,Test product 10 (declining),Snacks,SALE,6,7.37,5.16,7
2026-02-24 16:00,10019,Test product 20 (seasonal),Drinks,SALE,13,9.26,6.48,7
2026-02-25 08:00,10024,Test product 25 (smooth),Stationery,SALE,12,5.15,3.6,7
2026-02-25 09:00,10011,Test product 12 (lumpy),Drinks,SALE,19,2.43,1.7,7
2026-02-25 11:00,10026,Test product 27 (growing),Household,SALE,7,7.9,5.53,7
2026-02-25 12:00,10008,Test product 9 (growing),Stationery,SALE,5,4.89,3.42,7
2026-02-25 13:00,10021,Test product 22 (declining),Snacks,SALE,3,9.47,6.63,7
2026-02-25 16:00,10030,Test product 31 (smooth),Household,SALE,23,6.94,4.86,7
2026-02-25 17:00,10008,Test product 9 (growing),Stationery,SALE,7,4.89,3.42,7
2026-02-26 09:00,10021,Test product 22 (declining),Snacks,SALE,8,9.47,6.63,7
2026-02-26 10:00,10002,Test product 3 (growing),Household,SALE,10,3.2,2.24,7
2026-02-26 11:00,10011,Test product 12 (lumpy),Drinks,SALE,15,2.43,1.7,7
2026-02-26 13:00,10026,Test product 27 (growing),Household,SALE,8,7.9,5.53,7
2026-02-26 13:00,10036,Test product 37 (smooth),Stationery,SALE,13,2.81,1.97,7
2026-02-26 14:00,10009,Test product 10 (declining),Snacks,SALE,3,7.37,5.16,7
2026-02-26 14:00,10039,Test product 40 (declining),Drinks,SALE,6,0.75,0.52,7
2026-02-26 15:00,10014,Test product 15 (growing),Household,SALE,6,5.58,3.91,7
2026-02-26 15:00,10024,Test product 25 (smooth),Stationery,SALE,8,5.15,3.6,7
2026-02-26 15:00,10028,Test product 29 (intermittent),Stationery,SALE,5,5.41,3.79,7
2026-02-26 16:00,10009,Test product 10 (declining),Snacks,SALE,5,7.37,5.16,7
2026-02-26 17:00,10001,Test product 2 (seasonal),Snacks,SALE,11,3.68,2.58,7
2026-02-26 17:00,10003,Test product 4 (declining),Drinks,SALE,25,6.94,4.86,7
2026-02-27 09:00,10019,Test product 20 (seasonal),Drinks,SALE,9,9.26,6.48,7
2026-02-27 09:00,10021,Test product 22 (declining),Snacks,SALE,9,9.47,6.63,7
2026-02-27 10:00,10014,Test product 15 (growing),Household,SALE,8,5.58,3.91,7
2026-02-27 11:00,10012,Test product 13 (smooth),Stationery,SALE,8,8.25,5.77,7
2026-02-27 11:00,10024,Test product 25 (smooth),Stationery,SALE,13,5.15,3.6,7
2026-02-27 12:00,10036,Test product 37 (smooth),Stationery,SALE,7,2.81,1.97,7
2026-02-27 12:00,10037,Test product 38 (seasonal),Snacks,SALE,2,4.46,3.12,7
2026-02-27 13:00,10031,Test product 32 (seasonal),Drinks,SALE,20,7.4,5.18,7
2026-02-27 13:00,10033,Test product 34 (declining),Snacks,SALE,21,0.94,0.66,7
2026-02-27 14:00,10002,Test product 3 (growing),Household,SALE,12,3.2,2.24,7
2026-02-27 14:00,10007,Test product 8 (seasonal),Drinks,SALE,8,7.86,5.5,7
2026-02-27 14:00,10015,Test product 16 (declining),Drinks,SALE,9,10.3,7.21,7
2026-02-27 16:00,10007,Test product 8 (seasonal),Drinks,SALE,5,7.86,5.5,7
2026-02-27 17:00,10019,Test product 20 (seasonal),Drinks,SALE,10,9.26,6.48,7
2026-02-28 08:00,10008,Test product 9 (growing),Stationery,SALE,3,4.89,3.42,7
2026-02-28 09:00,10007,Test product 8 (seasonal),Drinks,SALE,14,7.86,5.5,7
2026-02-28 10:00,10013,Test product 14 (seasonal),Snacks,SALE,19,6.02,4.21,7
2026-02-28 11:00,10013,Test product 14 (seasonal),Snacks,SALE,21,6.02,4.21,7
2026-02-28 11:00,10027,Test product 28 (declining),Drinks,SALE,7,4.32,3.02,7
2026-02-28 11:00,10036,Test product 37 (smooth),Stationery,SALE,8,2.81,1.97,7
2026-02-28 12:00,10012,Test product 13 (smooth),Stationery,SALE,6,8.25,5.77,7
2026-02-28 12:00,10037,Test product 38 (seasonal),Snacks,SALE,8,4.46,3.12,7
2026-02-28 14:00,10025,Test product 26 (seasonal),Snacks,SALE,19,6.65,4.66,7
2026-02-28 15:00,10025,Test product 26 (seasonal),Snacks,SALE,20,6.65,4.66,7
2026-02-28 17:00,10006,Test product 7 (smooth),Household,SALE,18,2.37,1.66,7
2026-02-28 17:00,10020,Test product 21 (growing),Stationery,SALE,48,8.66,6.06,7
2026-02-28 17:00,10038,Test product 39 (growing),Household,SALE,52,3.82,2.67,7
2026-03-02 00:00,10001,Test product 2 (seasonal),Snacks,RESTOCK,113,2.58,2.58,7
2026-03-02 00:00,10002,Test product 3 (growing),Household,RESTOCK,82,2.24,2.24,7
2026-03-02 00:00,10003,Test product 4 (declining),Drinks,RESTOCK,146,4.86,4.86,7
2026-03-02 00:00,10004,Test product 5 (intermittent),Stationery,RESTOCK,6,2.28,2.28,7
2026-03-02 00:00,10006,Test product 7 (smooth),Household,RESTOCK,135,1.66,1.66,7
2026-03-02 00:00,10007,Test product 8 (seasonal),Drinks,RESTOCK,137,5.5,5.5,7
2026-03-02 00:00,10008,Test product 9 (growing),Stationery,RESTOCK,48,3.42,3.42,7
2026-03-02 00:00,10009,Test product 10 (declining),Snacks,RESTOCK,77,5.16,5.16,7
2026-03-02 00:00,10011,Test product 12 (lumpy),Drinks,RESTOCK,33,1.7,1.7,7
2026-03-02 00:00,10012,Test product 13 (smooth),Stationery,RESTOCK,109,5.77,5.77,7
2026-03-02 00:00,10013,Test product 14 (seasonal),Snacks,RESTOCK,125,4.21,4.21,7
2026-03-02 00:00,10014,Test product 15 (growing),Household,RESTOCK,60,3.91,3.91,7
2026-03-02 00:00,10016,Test product 17 (intermittent),Stationery,RESTOCK,8,2.47,2.47,7
2026-03-02 00:00,10017,Test product 18 (lumpy),Snacks,RESTOCK,46,0.69,0.69,7
2026-03-02 00:00,10018,Test product 19 (smooth),Household,RESTOCK,78,2.32,2.32,7
2026-03-02 00:00,10019,Test product 20 (seasonal),Drinks,RESTOCK,86,6.48,6.48,7
2026-03-02 00:00,10021,Test product 22 (declining),Snacks,RESTOCK,102,6.63,6.63,7
2026-03-02 00:00,10022,Test product 23 (intermittent),Household,RESTOCK,7,7.14,7.14,7
2026-03-02 00:00,10023,Test product 24 (lumpy),Drinks,RESTOCK,22,2.75,2.75,7
2026-03-02 00:00,10024,Test product 25 (smooth),Stationery,RESTOCK,120,3.6,3.6,7
2026-03-02 00:00,10025,Test product 26 (seasonal),Snacks,RESTOCK,97,4.66,4.66,7
2026-03-02 00:00,10026,Test product 27 (growing),Household,RESTOCK,55,5.53,5.53,7
2026-03-02 00:00,10027,Test product 28 (declining),Drinks,RESTOCK,87,3.02,3.02,7
2026-03-02 00:00,10028,Test product 29 (intermittent),Stationery,RESTOCK,8,3.79,3.79,7
2026-03-02 00:00,10029,Test product 30 (lumpy),Snacks,RESTOCK,23,6.69,6.69,7
2026-03-02 00:00,10030,Test product 31 (smooth),Household,RESTOCK,110,4.86,4.86,7
2026-03-02 00:00,10031,Test product 32 (seasonal),Drinks,RESTOCK,61,5.18,5.18,7
2026-03-02 00:00,10032,Test product 33 (growing),Stationery,RESTOCK,164,3.83,3.83,7
2026-03-02 00:00,10033,Test product 34 (declining),Snacks,RESTOCK,145,0.66,0.66,7
2026-03-02 00:00,10034,Test product 35 (intermittent),Household,RESTOCK,6,1.11,1.11,7
2026-03-02 00:00,10036,Test product 37 (smooth),Stationery,RESTOCK,103,1.97,1.97,7
2026-03-02 00:00,10037,Test product 38 (seasonal),Snacks,RESTOCK,72,3.12,3.12,7
2026-03-02 00:00,10038,Test product 39 (growing),Household,RESTOCK,188,2.67,2.67,7
2026-03-02 00:00,10039,Test product 40 (declining),Drinks,RESTOCK,36,0.52,0.52,7
2026-03-02 10:00,10008,Test product 9 (growing),Stationery,SALE,2,4.89,3.42,7
2026-03-02 10:00,10015,Test product 16 (declining),Drinks,SALE,3,10.3,7.21,7
2026-03-02 10:00,10018,Test product 19 (smooth),Household,SALE,12,3.32,2.32,7
2026-03-02 10:00,10028,Test product 29 (intermittent),Stationery,SALE,1,5.41,3.79,7
2026-03-02 10:00,10039,Test product 40 (declining),Drinks,SALE,3,0.75,0.52,7
2026-03-02 12:00,10019,Test product 20 (seasonal),Drinks,SALE,9,9.26,6.48,7
2026-03-02 13:00,10002,Test product 3 (growing),Household,SALE,9,3.2,2.24,7
2026-03-02 13:00,10014,Test product 15 (growing),Household,SALE,14,5.58,3.91,7
2026-03-02 14:00,10009,Test product 10 (declining),Snacks,SALE,18,7.37,5.16,7
2026-03-02 15:00,10026,Test product 27 (growing),Household,SALE,4,7.9,5.53,7
2026-03-03 08:00,10032,Test product 33 (growing),Stationery,SALE,21,5.47,3.83,7
2026-03-03 09:00,10018,Test product 19 (smooth),Household,SALE,10,3.32,2.32,7
2026-03-03 12:00,10001,Test product 2 (seasonal),Snacks,SALE,11,3.68,2.58,7
2026-03-03 12:00,10007,Test product 8 (seasonal),Drinks,SALE,8,7.86,5.5,7
2026-03-03 13:00,10008,Test product 9 (growing),Stationery,SALE,5,4.89,3.42,7
2026-03-03 13:00,10014,Test product 15 (growing),Household,SALE,7,5.58,3.91,7
2026-03-03 13:00,10028,Test product 29 (intermittent),Stationery,SALE,4,5.41,3.79,7
2026-03-03 14:00,10027,Test product 28 (declining),Drinks,SALE,20,4.32,3.02,7
2026-03-03 15:00,10003,Test product 4 (declining),Drinks,SALE,18,6.94,4.86,7
2026-03-03 16:00,10001,Test product 2 (seasonal),Snacks,SALE,9,3.68,2.58,7
2026-03-03 16:00,10012,Test product 13 (smooth),Stationery,SALE,8,8.25,5.77,7
2026-03-03 16:00,10015,Test product 16 (declining),Drinks,SALE,7,10.3,7.21,7
2026-03-03 16:00,10021,Test product 22 (declining),Snacks,SALE,19,9.47,6.63,7
2026-03-03 17:00,10006,Test product 7 (smooth),Household,SALE,12,2.37,1.66,7
2026-03-03 17:00,10013,Test product 14 (seasonal),Snacks,SALE,26,6.02,4.21,7
2026-03-04 08:00,10031,Test product 32 (seasonal),Drinks,SALE,21,7.4,5.18,7
2026-03-04 09:00,10006,Test product 7 (smooth),Household,SALE,7,2.37,1.66,7
2026-03-04 11:00,10012,Test product 13 (smooth),Stationery,SALE,7,8.25,5.77,7
2026-03-04 11:00,10019,Test product 20 (seasonal),Drinks,SALE,11,9.26,6.48,7
2026-03-04 12:00,10001,Test product 2 (seasonal),Snacks,SALE,8,3.68,2.58,7
2026-03-04 14:00,10013,Test product 14 (seasonal),Snacks,SALE,12,6.02,4.21,7
2026-03-04 14:00,10026,Test product 27 (growing),Household,SALE,9,7.9,5.53,7
2026-03-04 14:00,10036,Test product 37 (smooth),Stationery,SALE,10,2.81,1.97,7
2026-03-04 15:00,10025,Test product 26 (seasonal),Snacks,SALE,12,6.65,4.66,7
2026-03-04 15:00,10038,Test product 39 (growing),Household,SALE,42,3.82,2.67,7
2026-03-04 16:00,10032,Test product 33 (growing),Stationery,SALE,13,5.47,3.83,7
2026-03-05 09:00,10033,Test product 34 (declining),Snacks,SALE,3,0.94,0.66,7
2026-03-05 10:00,10015,Test product 16 (declining),Drinks,SALE,8,10.3,7.21,7
2026-03-05 11:00,10020,Test product 21 (growing),Stationery,SALE,16,8.66,6.06,7
2026-03-05 13:00,10024,Test product 25 (smooth),Stationery,SALE,10,5.15,3.6,7
2026-03-05 13:00,10030,Test product 31 (smooth),Household,SALE,14,6.94,4.86,7
2026-03-05 13:00,10036,Test product 37 (smooth),Stationery,SALE,12,2.81,1.97,7
2026-03-05 15:00,10000,Test product 1 (smooth),Stationery,SALE,9,8.26,5.78,7
2026-03-05 15:00,10024,Test product 25 (smooth),Stationery,SALE,20,5.15,3.6,7
2026-03-05 15:00,10025,Test product 26 (seasonal),Snacks,SALE,7,6.65,4.66,7
2026-03-05 16:00,10007,Test product 8 (seasonal),Drinks,SALE,9,7.86,5.5,7
2026-03-06 09:00,10030,Test product 31 (smooth),Household,SALE,9,6.94,4.86,7
2026-03-06 10:00,10000,Test product 1 (smooth),Stationery,SALE,20,8.26,5.78,7
2026-03-06 10:00,10020,Test product 21 (growing),Stationery,SALE,10,8.66,6.06,7
2026-03-06 11:00,10025,Test product 26 (seasonal),Snacks,SALE,10,6.65,4.66,7
2026-03-06 11:00,10026,Test product 27 (growing),Household,SALE,6,7.9,5.53,7
2026-03-06 11:00,10037,Test product 38 (seasonal),Snacks,SALE,8,4.46,3.12,7
2026-03-06 15:00,10002,Test product 3 (growing),Household,SALE,23,3.2,2.24,7
2026-03-06 15:00,10024,Test product 25 (smooth),Stationery,SALE,14,5.15,3.6,7
2026-03-06 15:00,10033,Test product 34 (declining),Snacks,SALE,10,0.94,0.66,7
2026-03-06 16:00,10007,Test product 8 (seasonal),Drinks,SALE,13,7.86,5.5,7
2026-03-06 16:00,10018,Test product 19 (smooth),Household,SALE,5,3.32,2.32,7
2026-03-07 11:00,10033,Test product 34 (declining),Snacks,SALE,7,0.94,0.66,7
2026-03-07 12:00,10030,Test product 31 (smooth),Household,SALE,10,6.94,4.86,7
2026-03-07 15:00,10012,Test product 13 (smooth),Stationery,SALE,2,8.25,5.77,7
2026-03-07 16:00,10037,Test product 38 (seasonal),Snacks,SALE,10,4.46,3.12,7
2026-03-07 17:00,10006,Test product 7 (smooth),Household,SALE,10,2.37,1.66,7
2026-03-07 17:00,10020,Test product 21 (growing),Stationery,SALE,17,8.66,6.06,7
2026-03-07 17:00,10037,Test product 38 (seasonal),Snacks,SALE,4,4.46,3.12,7
2026-03-09 00:00,10010,Test product 11 (intermittent),Household,RESTOCK,7,7.35,7.35,7
2026-03-09 08:00,10012,Test product 13 (smooth),Stationery,SALE,10,8.25,5.77,7
2026-03-09 10:00,10008,Test product 9 (growing),Stationery,SALE,4,4.89,3.42,7
2026-03-09 10:00,10033,Test product 34 (declining),Snacks,SALE,9,0.94,0.66,7
2026-03-09 11:00,10001,Test product 2 (seasonal),Snacks,SALE,29,3.68,2.58,7
2026-03-09 11:00,10014,Test product 15 (growing),Household,SALE,8,5.58,3.91,7
2026-03-09 11:00,10020,Test product 21 (growing),Stationery,SALE,10,8.66,6.06,7
2026-03-09 12:00,10003,Test product 4 (declining),Drinks,SALE,8,6.94,4.86,7
2026-03-09 12:00,10020,Test product 21 (growing),Stationery,SALE,14,8.66,6.06,7
2026-03-09 12:00,10026,Test product 27 (growing),Household,SALE,6,7.9,5.53,7
2026-03-09 13:00,10039,Test product 40 (declining),Drinks,SALE,4,0.75,0.52,7
2026-03-09 14:00,10006,Test product 7 (smooth),Household,SALE,18,2.37,1.66,7
2026-03-09 15:00,10000,Test product 1 (smooth),Stationery,SALE,11,8.26,5.78,7
2026-03-09 16:00,10018,Test product 19 (smooth),Household,SALE,7,3.32,2.32,7
2026-03-10 12:00,10000,Test product 1 (smooth),Stationery,SALE,6,8.26,5.78,7
2026-03-10 12:00,10037,Test product 38 (seasonal),Snacks,SALE,11,4.46,3.12,7
2026-03-10 13:00,10013,Test product 14 (seasonal),Snacks,SALE,25,6.02,4.21,7
2026-03-10 13:00,10036,Test product 37 (smooth),Stationery,SALE,9,2.81,1.97,7
2026-03-10 14:00,10019,Test product 20 (seasonal),Drinks,SALE,10,9.26,6.48,7
2026-03-10 15:00,10026,Test product 27 (growing),Household,SALE,2,7.9,5.53,7
2026-03-10 16:00,10008,Test product 9 (growing),Stationery,SALE,7,4.89,3.42,7
2026-03-10 16:00,10036,Test product 37 (smooth),Stationery,SALE,11,2.81,1.97,7
2026-03-11 08:00,10014,Test product 15 (growing),Household,SALE,12,5.58,3.91,7
2026-03-11 08:00,10021,Test product 22 (declining),Snacks,SALE,9,9.47,6.63,7
2026-03-11 08:00,10024,Test product 25 (smooth),Stationery,SALE,14,5.15,3.6,7
2026-03-11 10:00,10031,Test product 32 (seasonal),Drinks,SALE,12,7.4,5.18,7
2026-03-11 11:00,10000,Test product 1 (smooth),Stationery,SALE,6,8.26,5.78,7
2026-03-11 11:00,10018,Test product 19 (smooth),Household,SALE,4,3.32,2.32,7
2026-03-11 15:00,10015,Test product 16 (declining),Drinks,SALE,4,10.3,7.21,7
2026-03-11 16:00,10018,Test product 19 (smooth),Household,SALE,4,3.32,2.32,7
2026-03-11 17:00,10027,Test product 28 (declining),Drinks,SALE,12,4.32,3.02,7
2026-03-12 08:00,10003,Test product 4 (declining),Drinks,SALE,8,6.94,4.86,7
2026-03-12 08:00,10006,Test product 7 (smooth),Household,SALE,11,2.37,1.66,7
2026-03-12 09:00,10021,Test product 22 (declining),Snacks,SALE,7,9.47,6.63,7
2026-03-12 10:00,10033,Test product 34 (declining),Snacks,SALE,13,0.94,0.66,7
2026-03-12 11:00,10022,Test product 23 (intermittent),Household,SALE,9,10.2,7.14,7
2026-03-12 11:00,10032,Test product 33 (growing),Stationery,SALE,19,5.47,3.83,7
2026-03-12 12:00,10007,Test product 8 (seasonal),Drinks,SALE,14,7.86,5.5,7
2026-03-12 13:00,10003,Test product 4 (declining),Drinks,SALE,7,6.94,4.86,7
2026-03-12 16:00,10027,Test product 28 (declining),Drinks,SALE,11,4.32,3.02,7
2026-03-12 16:00,10038,Test product 39 (growing),Household,SALE,25,3.82,2.67,7
2026-03-12 17:00,10019,Test product 20 (seasonal),Drinks,SALE,10,9.26,6.48,7
2026-03-13 08:00,10002,Test product 3 (growing),Household,SALE,18,3.2,2.24,7
2026-03-13 09:00,10020,Test product 21 (growing),Stationery,SALE,10,8.66,6.06,7
2026-03-13 09:00,10031,Test product 32 (seasonal),Drinks,SALE,10,7.4,5.18,7
2026-03-13 09:00,10037,Test product 38 (seasonal),Snacks,SALE,16,4.46,3.12,7
2026-03-13 09:00,10038,Test product 39 (growing),Household,SALE,20,3.82,2.67,7
2026-03-13 10:00,10019,Test product 20 (seasonal),Drinks,SALE,5,9.26,6.48,7
2026-03-13 10:00,10021,Test product 22 (declining),Snacks,SALE,8,9.47,6.63,7
2026-03-13 10:00,10025,Test product 26 (seasonal),Snacks,SALE,16,6.65,4.66,7
2026-03-13 11:00,10007,Test product 8 (seasonal),Drinks,SALE,20,7.86,5.5,7
2026-03-13 13:00,10024,Test product 25 (smooth),Stationery,SALE,18,5.15,3.6,7
2026-03-13 15:00,10009,Test product 10 (declining),Snacks,SALE,17,7.37,5.16,7
2026-03-14 08:00,10030,Test product 31 (smooth),Household,SALE,13,6.94,4.86,7
2026-03-14 09:00,10013,Test product 14 (seasonal),Snacks,SALE,17,6.02,4.21,7
2026-03-14 12:00,10015,Test product 16 (declining),Drinks,SALE,6,10.3,7.21,7
2026-03-14 12:00,10026,Test product 27 (growing),Household,SALE,3,7.9,5.53,7
2026-03-14 13:00,10032,Test product 33 (growing),Stationery,SALE,32,5.47,3.83,7
2026-03-14 16:00,10002,Test product 3 (growing),Household,SALE,15,3.2,2.24,7
2026-03-14 16:00,10008,Test product 9 (growing),Stationery,SALE,3,4.89,3.42,7
2026-03-14 16:00,10012,Test product 13 (smooth),Stationery,SALE,12,8.25,5.77,7
2026-03-14 16:00,10025,Test product 26 (seasonal),Snacks,SALE,16,6.65,4.66,7
2026-03-16 00:00,10005,Test product 6 (lumpy),Snacks,RESTOCK,42,6.57,6.57,7
2026-03-16 08:00,10024,Test product 25 (smooth),Stationery,SALE,16,5.15,3.6,7
2026-03-16 09:00,10006,Test product 7 (smooth),Household,SALE,10,2.37,1.66,7
2026-03-16 09:00,10014,Test product 15 (growing),Household,SALE,32,5.58,3.91,7
2026-03-16 09:00,10037,Test product 38 (seasonal),Snacks,SALE,6,4.46,3.12,7
2026-03-16 10:00,10038,Test product 39 (growing),Household,SALE,61,3.82,2.67,7
2026-03-16 12:00,10019,Test product 20 (seasonal),Drinks,SALE,12,9.26,6.48,7
2026-03-16 12:00,10031,Test product 32 (seasonal),Drinks,SALE,11,7.4,5.18,7
2026-03-16 13:00,10001,Test product 2 (seasonal),Snacks,SALE,17,3.68,2.58,7
2026-03-16 13:00,10033,Test product 34 (declining),Snacks,SALE,11,0.94,0.66,7
2026-03-16 17:00,10008,Test product 9 (growing),Stationery,SALE,5,4.89,3.42,7
2026-03-16 17:00,10012,Test product 13 (smooth),Stationery,SALE,6,8.25,5.77,7
2026-03-16 17:00,10018,Test product 19 (smooth),Household,SALE,9,3.32,2.32,7
2026-03-17 08:00,10009,Test product 10 (declining),Snacks,SALE,11,7.37,5.16,7
2026-03-17 08:00,10020,Test product 21 (growing),Stationery,SALE,25,8.66,6.06,7
2026-03-17 09:00,10025,Test product 26 (seasonal),Snacks,SALE,33,6.65,4.66,7
2026-03-17 10:00,10033,Test product 34 (declining),Snacks,SALE,15,0.94,0.66,7
2026-03-17 12:00,10001,Test product 2 (seasonal),Snacks,SALE,17,3.68,2.58,7
2026-03-17 13:00,10024,Test product 25 (smooth),Stationery,SALE,11,5.15,3.6,7
2026-03-17 14:00,10000,Test product 1 (smooth),Stationery,SALE,8,8.26,5.78,7
2026-03-17 14:00,10024,Test product 25 (smooth),Stationery,SALE,11,5.15,3.6,7
2026-03-17 16:00,10000,Test product 1 (smooth),Stationery,SALE,13,8.26,5.78,7
2026-03-17 16:00,10007,Test product 8 (seasonal),Drinks,SALE,9,7.86,5.5,7
2026-03-17 17:00,10012,Test product 13 (smooth),Stationery,SALE,10,8.25,5.77,7
2026-03-17 17:00,10026,Test product 27 (growing),Household,SALE,10,7.9,5.53,7
2026-03-18 08:00,10018,Test product 19 (smooth),Household,SALE,9,3.32,2.32,7
2026-03-18 09:00,10027,Test product 28 (declining),Drinks,SALE,10,4.32,3.02,7
2026-03-18 10:00,10003,Test product 4 (declining),Drinks,SALE,17,6.94,4.86,7
2026-03-18 11:00,10021,Test product 22 (declining),Snacks,SALE,9,9.47,6.63,7
2026-03-18 11:00,10036,Test product 37 (smooth),Stationery,SALE,10,2.81,1.97,7
2026-03-18 12:00,10018,Test product 19 (smooth),Household,SALE,4,3.32,2.32,7
2026-03-18 12:00,10030,Test product 31 (smooth),Household,SALE,17,6.94,4.86,7
2026-03-18 12:00,10037,Test product 38 (seasonal),Snacks,SALE,7,4.46,3.12,7
2026-03-18 13:00,10006,Test product 7 (smooth),Household,SALE,18,2.37,1.66,7
2026-03-18 14:00,10036,Test product 37 (smooth),Stationery,SALE,11,2.81,1.97,7
2026-03-18 15:00,10007,Test product 8 (seasonal),Drinks,SALE,8,7.86,5.5,7
2026-03-18 16:00,10015,Test product 16 (declining),Drinks,SALE,10,10.3,7.21,7
2026-03-18 17:00,10035,Test product 36 (lumpy),Drinks,SALE,15,8.11,5.68,7
2026-03-18 17:00,10039,Test product 40 (declining),Drinks,SALE,4,0.75,0.52,7
2026-03-19 08:00,10002,Test product 3 (growing),Household,SALE,13,3.2,2.24,7
2026-03-19 09:00,10036,Test product 37 (smooth),Stationery,SALE,4,2.81,1.97,7
2026-03-19 10:00,10039,Test product 40 (declining),Drinks,SALE,1,0.75,0.52,7
2026-03-19 13:00,10020,Test product 21 (growing),Stationery,SALE,18,8.66,6.06,7
2026-03-19 16:00,10007,Test product 8 (seasonal),Drinks,SALE,12,7.86,5.5,7
2026-03-19 16:00,10019,Test product 20 (seasonal),Drinks,SALE,8,9.26,6.48,7
2026-03-19 16:00,10027,Test product 28 (declining),Drinks,SALE,11,4.32,3.02,7
2026-03-19 17:00,10021,Test product 22 (declining),Snacks,SALE,11,9.47,6.63,7
2026-03-20 08:00,10031,Test product 32 (seasonal),Drinks,SALE,8,7.4,5.18,7
2026-03-20 14:00,10000,Test product 1 (smooth),Stationery,SALE,9,8.26,5.78,7
2026-03-20 14:00,10019,Test product 20 (seasonal),Drinks,SALE,7,9.26,6.48,7
2026-03-20 14:00,10032,Test product 33 (growing),Stationery,SALE,49,5.47,3.83,7
2026-03-21 08:00,10037,Test product 38 (seasonal),Snacks,SALE,9,4.46,3.12,7
2026-03-21 09:00,10002,Test product 3 (growing),Household,SALE,8,3.2,2.24,7
2026-03-21 09:00,10003,Test product 4 (declining),Drinks,SALE,9,6.94,4.86,7
2026-03-21 10:00,10002,Test product 3 (growing),Household,SALE,8,3.2,2.24,7
2026-03-21 11:00,10012,Test product 13 (smooth),Stationery,SALE,13,8.25,5.77,7
2026-03-21 12:00,10035,Test product 36 (lumpy),Drinks,SALE,12,8.11,5.68,7
2026-03-21 15:00,10013,Test product 14 (seasonal),Snacks,SALE,46,6.02,4.21,7
2026-03-21 16:00,10026,Test product 27 (growing),Household,SALE,9,7.9,5.53,7
2026-03-23 00:00,10000,Test product 1 (smooth),Stationery,RESTOCK,96,5.78,5.78,7
2026-03-23 00:00,10015,Test product 16 (declining),Drinks,RESTOCK,54,7.21,7.21,7
2026-03-23 00:00,10020,Test product 21 (growing),Stationery,RESTOCK,164,6.06,6.06,7
2026-03-23 00:00,10035,Test product 36 (lumpy),Drinks,RESTOCK,31,5.68,5.68,7
2026-03-23 09:00,10000,Test product 1 (smooth),Stationery,SALE,12,8.26,5.78,7
2026-03-23 09:00,10002,Test product 3 (growing),Household,SALE,15,3.2,2.24,7
2026-03-23 12:00,10024,Test product 25 (smooth),Stationery,SALE,20,5.15,3.6,7
2026-03-23 14:00,10036,Test product 37 (smooth),Stationery,SALE,24,2.81,1.97,7
2026-03-23 14:00,10038,Test product 39 (growing),Household,SALE,17,3.82,2.67,7
2026-03-23 15:00,10009,Test product 10 (declining),Snacks,SALE,9,7.37,5.16,7
2026-03-23 15:00,10027,Test product 28 (declining),Drinks,SALE,24,4.32,3.02,7
2026-03-23 16:00,10014,Test product 15 (growing),Household,SALE,3,5.58,3.91,7
2026-03-23 17:00,10009,Test product 10 (declining),Snacks,SALE,8,7.37,5.16,7
2026-03-24 08:00,10017,Test product 18 (lumpy),Snacks,SALE,28,0.98,0.69,7
2026-03-24 09:00,10026,Test product 27 (growing),Household,SALE,2,7.9,5.53,7
2026-03-24 10:00,10015,Test product 16 (declining),Drinks,SALE,2,10.3,7.21,7
2026-03-24 16:00,10008,Test product 9 (growing),Stationery,SALE,15,4.89,3.42,7
2026-03-24 17:00,10013,Test product 14 (seasonal),Snacks,SALE,21,6.02,4.21,7
2026-03-25 08:00,10003,Test product 4 (declining),Drinks,SALE,27,6.94,4.86,7
2026-03-25 09:00,10038,Test product 39 (growing),Household,SALE,17,3.82,2.67,7
2026-03-25 11:00,10000,Test product 1 (smooth),Stationery,SALE,16,8.26,5.78,7
2026-03-25 14:00,10007,Test product 8 (seasonal),Drinks,SALE,34,7.86,5.5,7
2026-03-25 14:00,10030,Test product 31 (smooth),Household,SALE,11,6.94,4.86,7
2026-03-25 15:00,10032,Test product 33 (growing),Stationery,SALE,20,5.47,3.83,7
2026-03-25 16:00,10001,Test product 2 (seasonal),Snacks,SALE,18,3.68,2.58,7
2026-03-25 16:00,10018,Test product 19 (smooth),Household,SALE,3,3.32,2.32,7
2026-03-25 16:00,10019,Test product 20 (seasonal),Drinks,SALE,17,9.26,6.48,7
2026-03-25 17:00,10013,Test product 14 (seasonal),Snacks,SALE,19,6.02,4.21,7
2026-03-26 08:00,10021,Test product 22 (declining),Snacks,SALE,6,9.47,6.63,7
2026-03-26 08:00,10037,Test product 38 (seasonal),Snacks,SALE,10,4.46,3.12,7
2026-03-26 09:00,10002,Test product 3 (growing),Household,SALE,22,3.2,2.24,7
2026-03-26 09:00,10014,Test product 15 (growing),Household,SALE,9,5.58,3.91,7
2026-03-26 11:00,10031,Test product 32 (seasonal),Drinks,SALE,14,7.4,5.18,7
2026-03-26 11:00,10039,Test product 40 (declining),Drinks,SALE,4,0.75,0.52,7
2026-03-26 12:00,10021,Test product 22 (declining),Snacks,SALE,8,9.47,6.63,7
2026-03-26 13:00,10015,Test product 16 (declining),Drinks,SALE,4,10.3,7.21,7
2026-03-26 13:00,10038,Test product 39 (growing),Household,SALE,10,3.82,2.67,7
2026-03-26 14:00,10024,Test product 25 (smooth),Stationery,SALE,14,5.15,3.6,7
2026-03-26 15:00,10032,Test product 33 (growing),Stationery,SALE,28,5.47,3.83,7
2026-03-26 16:00,10020,Test product 21 (growing),Stationery,SALE,13,8.66,6.06,7
2026-03-26 16:00,10026,Test product 27 (growing),Household,SALE,6,7.9,5.53,7
2026-03-27 08:00,10001,Test product 2 (seasonal),Snacks,SALE,19,3.68,2.58,7
2026-03-27 10:00,10015,Test product 16 (declining),Drinks,SALE,5,10.3,7.21,7
2026-03-27 10:00,10025,Test product 26 (seasonal),Snacks,SALE,21,6.65,4.66,7
2026-03-27 11:00,10030,Test product 31 (smooth),Household,SALE,18,6.94,4.86,7
2026-03-27 12:00,10033,Test product 34 (declining),Snacks,SALE,9,0.94,0.66,7
2026-03-27 15:00,10026,Test product 27 (growing),Household,SALE,5,7.9,5.53,7
2026-03-27 16:00,10037,Test product 38 (seasonal),Snacks,SALE,8,4.46,3.12,7
2026-03-28 08:00,10020,Test product 21 (growing),Stationery,SALE,15,8.66,6.06,7
2026-03-28 09:00,10006,Test product 7 (smooth),Household,SALE,22,2.37,1.66,7
2026-03-28 09:00,10021,Test product 22 (declining),Snacks,SALE,13,9.47,6.63,7
2026-03-28 09:00,10033,Test product 34 (declining),Snacks,SALE,7,0.94,0.66,7
2026-03-28 10:00,10012,Test product 13 (smooth),Stationery,SALE,23,8.25,5.77,7
2026-03-28 11:00,10018,Test product 19 (smooth),Household,SALE,12,3.32,2.32,7
2026-03-28 11:00,10020,Test product 21 (growing),Stationery,SALE,13,8.66,6.06,7
2026-03-28 13:00,10025,Test product 26 (seasonal),Snacks,SALE,21,6.65,4.66,7
2026-03-28 15:00,10033,Test product 34 (declining),Snacks,SALE,5,0.94,0.66,7
2026-03-28 16:00,10006,Test product 7 (smooth),Household,SALE,17,2.37,1.66,7
2026-03-30 00:00,10001,Test product 2 (seasonal),Snacks,RESTOCK,107,2.58,2.58,7
2026-03-30 00:00,10002,Test product 3 (growing),Household,RESTOCK,88,2.24,2.24,7
2026-03-30 00:00,10003,Test product 4 (declining),Drinks,RESTOCK,119,4.86,4.86,7
2026-03-30 00:00,10004,Test product 5 (intermittent),Stationery,RESTOCK,7,2.28,2.28,7
2026-03-30 00:00,10006,Test product 7 (smooth),Household,RESTOCK,144,1.66,1.66,7
2026-03-30 00:00,10007,Test product 8 (seasonal),Drinks,RESTOCK,139,5.5,5.5,7
2026-03-30 00:00,10008,Test product 9 (growing),Stationery,RESTOCK,46,3.42,3.42,7
2026-03-30 00:00,10009,Test product 10 (declining),Snacks,RESTOCK,90,5.16,5.16,7
2026-03-30 00:00,10011,Test product 12 (lumpy),Drinks,RESTOCK,35,1.7,1.7,7
2026-03-30 00:00,10012,Test product 13 (smooth),Stationery,RESTOCK,118,5.77,5.77,7
2026-03-30 00:00,10013,Test product 14 (seasonal),Snacks,RESTOCK,127,4.21,4.21,7
2026-03-30 00:00,10014,Test product 15 (growing),Household,RESTOCK,65,3.91,3.91,7
2026-03-30 00:00,10016,Test product 17 (intermittent),Stationery,RESTOCK,9,2.47,2.47,7
2026-03-30 00:00,10017,Test product 18 (lumpy),Snacks,RESTOCK,46,0.69,0.69,7
2026-03-30 00:00,10018,Test product 19 (smooth),Household,RESTOCK,67,2.32,2.32,7
2026-03-30 00:00,10019,Test product 20 (seasonal),Drinks,RESTOCK,90,6.48,6.48,7
2026-03-30 00:00,10021,Test product 22 (declining),Snacks,RESTOCK,120,6.63,6.63,7
2026-03-30 00:00,10022,Test product 23 (intermittent),Household,RESTOCK,8,7.14,7.14,7
2026-03-30 00:00,10023,Test product 24 (lumpy),Drinks,RESTOCK,20,2.75,2.75,7
2026-03-30 00:00,10024,Test product 25 (smooth),Stationery,RESTOCK,124,3.6,3.6,7
2026-03-30 00:00,10025,Test product 26 (seasonal),Snacks,RESTOCK,111,4.66,4.66,7
2026-03-30 00:00,10026,Test product 27 (growing),Household,RESTOCK,55,5.53,5.53,7
2026-03-30 00:00,10027,Test product 28 (declining),Drinks,RESTOCK,108,3.02,3.02,7
2026-03-30 00:00,10028,Test product 29 (intermittent),Stationery,RESTOCK,7,3.79,3.79,7
2026-03-30 00:00,10029,Test product 30 (lumpy),Snacks,RESTOCK,21,6.69,6.69,7
2026-03-30 00:00,10030,Test product 31 (smooth),Household,RESTOCK,119,4.86,4.86,7
2026-03-30 00:00,10031,Test product 32 (seasonal),Drinks,RESTOCK,53,5.18,5.18,7
2026-03-30 00:00,10032,Test product 33 (growing),Stationery,RESTOCK,149,3.83,3.83,7
2026-03-30 00:00,10033,Test product 34 (declining),Snacks,RESTOCK,146,0.66,0.66,7
2026-03-30 00:00,10034,Test product 35 (intermittent),Household,RESTOCK,6,1.11,1.11,7
2026-03-30 00:00,10036,Test product 37 (smooth),Stationery,RESTOCK,92,1.97,1.97,7
2026-03-30 00:00,10037,Test product 38 (seasonal),Snacks,RESTOCK,68,3.12,3.12,7
2026-03-30 00:00,10038,Test product 39 (growing),Household,RESTOCK,201,2.67,2.67,7
2026-03-30 00:00,10039,Test product 40 (declining),Drinks,RESTOCK,31,0.52,0.52,7
2026-03-30 09:00,10009,Test product 10 (declining),Snacks,SALE,4,7.37,5.16,7
2026-03-30 10:00,10037,Test product 38 (seasonal),Snacks,SALE,4,4.46,3.12,7
2026-03-30 12:00,10013,Test product 14 (seasonal),Snacks,SALE,32,6.02,4.21,7
2026-03-30 15:00,10012,Test product 13 (smooth),Stationery,SALE,9,8.25,5.77,7
2026-03-30 15:00,10014,Test product 15 (growing),Household,SALE,5,5.58,3.91,7
2026-03-30 15:00,10024,Test product 25 (smooth),Stationery,SALE,14,5.15,3.6,7
2026-03-30 17:00,10027,Test product 28 (declining),Drinks,SALE,12,4.32,3.02,7
2026-03-31 08:00,10037,Test product 38 (seasonal),Snacks,SALE,6,4.46,3.12,7
2026-03-31 10:00,10002,Test product 3 (growing),Household,SALE,29,3.2,2.24,7
2026-03-31 10:00,10028,Test product 29 (intermittent),Stationery,SALE,3,5.41,3.79,7
2026-03-31 10:00,10033,Test product 34 (declining),Snacks,SALE,32,0.94,0.66,7
2026-03-31 10:00,10036,Test product 37 (smooth),Stationery,SALE,33,2.81,1.97,7
2026-03-31 12:00,10003,Test product 4 (declining),Drinks,SALE,12,6.94,4.86,7
2026-03-31 13:00,10008,Test product 9 (growing),Stationery,SALE,3,4.89,3.42,7
2026-03-31 13:00,10038,Test product 39 (growing),Household,SALE,55,3.82,2.67,7
2026-03-31 14:00,10009,Test product 10 (declining),Snacks,SALE,7,7.37,5.16,7
2026-03-31 17:00,10014,Test product 15 (growing),Household,SALE,4,5.58,3.91,7
2026-03-31 17:00,10014,Test product 15 (growing),Household,SALE,7,5.58,3.91,7
2026-03-31 17:00,10032,Test product 33 (growing),Stationery,SALE,12,5.47,3.83,7
2026-04-01 08:00,10020,Test product 21 (growing),Stationery,SALE,45,8.66,6.06,7
2026-04-01 10:00,10025,Test product 26 (seasonal),Snacks,SALE,11,6.65,4.66,7
2026-04-01 11:00,10032,Test product 33 (growing),Stationery,SALE,13,5.47,3.83,7
2026-04-01 13:00,10019,Test product 20 (seasonal),Drinks,SALE,25,9.26,6.48,7
2026-04-01 14:00,10003,Test product 4 (declining),Drinks,SALE,14,6.94,4.86,7
2026-04-01 14:00,10007,Test product 8 (seasonal),Drinks,SALE,14,7.86,5.5,7
2026-04-01 15:00,10006,Test product 7 (smooth),Household,SALE,29,2.37,1.66,7
2026-04-01 15:00,10025,Test product 26 (seasonal),Snacks,SALE,11,6.65,4.66,7
2026-04-01 16:00,10008,Test product 9 (growing),Stationery,SALE,1,4.89,3.42,7
2026-04-02 13:00,10018,Test product 19 (smooth),Household,SALE,8,3.32,2.32,7
2026-04-02 14:00,10001,Test product 2 (seasonal),Snacks,SALE,20,3.68,2.58,7
2026-04-02 17:00,10009,Test product 10 (declining),Snacks,SALE,8,7.37,5.16,7
2026-04-02 17:00,10015,Test product 16 (declining),Drinks,SALE,10,10.3,7.21,7
2026-04-02 17:00,10031,Test product 32 (seasonal),Drinks,SALE,4,7.4,5.18,7
2026-04-03 09:00,10000,Test product 1 (smooth),Stationery,SALE,12,8.26,5.78,7
2026-04-03 09:00,10022,Test product 23 (intermittent),Household,SALE,1,10.2,7.14,7
2026-04-03 10:00,10026,Test product 27 (growing),Household,SALE,13,7.9,5.53,7
2026-04-03 10:00,10031,Test product 32 (seasonal),Drinks,SALE,10,7.4,5.18,7
2026-04-03 10:00,10039,Test product 40 (declining),Drinks,SALE,4,0.75,0.52,7
2026-04-03 12:00,10007,Test product 8 (seasonal),Drinks,SALE,16,7.86,5.5,7
2026-04-03 12:00,10021,Test product 22 (declining),Snacks,SALE,13,9.47,6.63,7
2026-04-03 12:00,10032,Test product 33 (growing),Stationery,SALE,14,5.47,3.83,7
2026-04-03 16:00,10012,Test product 13 (smooth),Stationery,SALE,8,8.25,5.77,7
2026-04-03 17:00,10008,Test product 9 (growing),Stationery,SALE,5,4.89,3.42,7
2026-04-03 17:00,10024,Test product 25 (smooth),Stationery,SALE,12,5.15,3.6,7
2026-04-04 09:00,10030,Test product 31 (smooth),Household,SALE,24,6.94,4.86,7
2026-04-04 09:00,10037,Test product 38 (seasonal),Snacks,SALE,10,4.46,3.12,7
2026-04-04 10:00,10012,Test product 13 (smooth),Stationery,SALE,6,8.25,5.77,7
2026-04-04 12:00,10000,Test product 1 (smooth),Stationery,SALE,11,8.26,5.78,7
2026-04-04 14:00,10021,Test product 22 (declining),Snacks,SALE,8,9.47,6.63,7
2026-04-04 16:00,10025,Test product 26 (seasonal),Snacks,SALE,8,6.65,4.66,7
2026-04-04 17:00,10018,Test product 19 (smooth),Household,SALE,8,3.32,2.32,7
2026-04-04 17:00,10024,Test product 25 (smooth),Stationery,SALE,6,5.15,3.6,7
2026-04-06 00:00,10010,Test product 11 (intermittent),Household,RESTOCK,6,7.35,7.35,7
2026-04-06 08:00,10003,Test product 4 (declining),Drinks,SALE,12,6.94,4.86,7
2026-04-06 08:00,10020,Test product 21 (growing),Stationery,SALE,16,8.66,6.06,7
2026-04-06 08:00,10032,Test product 33 (growing),Stationery,SALE,17,5.47,3.83,7
2026-04-06 10:00,10025,Test product 26 (seasonal),Snacks,SALE,9,6.65,4.66,7
2026-04-06 11:00,10026,Test product 27 (growing),Household,SALE,7,7.9,5.53,7
2026-04-06 13:00,10019,Test product 20 (seasonal),Drinks,SALE,11,9.26,6.48,7
2026-04-06 14:00,10020,Test product 21 (growing),Stationery,SALE,9,8.66,6.06,7
2026-04-06 15:00,10025,Test product 26 (seasonal),Snacks,SALE,12,6.65,4.66,7
2026-04-06 17:00,10017,Test product 18 (lumpy),Snacks,SALE,1,0.98,0.69,7
2026-04-06 17:00,10026,Test product 27 (growing),Household,SALE,10,7.9,5.53,7
2026-04-07 08:00,10015,Test product 16 (declining),Drinks,SALE,2,10.3,7.21,7
2026-04-07 09:00,10000,Test product 1 (smooth),Stationery,SALE,15,8.26,5.78,7
2026-04-07 09:00,10039,Test product 40 (declining),Drinks,SALE,3,0.75,0.52,7
2026-04-07 10:00,10017,Test product 18 (lumpy),Snacks,SALE,3,0.98,0.69,7
2026-04-07 10:00,10032,Test product 33 (growing),Stationery,SALE,23,5.47,3.83,7
2026-04-07 10:00,10033,Test product 34 (declining),Snacks,SALE,19,0.94,0.66,7
2026-04-07 11:00,10017,Test product 18 (lumpy),Snacks,SALE,3,0.98,0.69,7
2026-04-07 11:00,10025,Test product 26 (seasonal),Snacks,SALE,6,6.65,4.66,7
2026-04-07 12:00,10006,Test product 7 (smooth),Household,SALE,5,2.37,1.66,7
2026-04-07 13:00,10008,Test product 9 (growing),Stationery,SALE,3,4.89,3.42,7
2026-04-07 13:00,10019,Test product 20 (seasonal),Drinks,SALE,14,9.26,6.48,7
2026-04-07 14:00,10030,Test product 31 (smooth),Household,SALE,11,6.94,4.86,7
2026-04-07 15:00,10015,Test product 16 (declining),Drinks,SALE,2,10.3,7.21,7
2026-04-07 15:00,10024,Test product 25 (smooth),Stationery,SALE,15,5.15,3.6,7
2026-04-07 15:00,10030,Test product 31 (smooth),Household,SALE,8,6.94,4.86,7
2026-04-07 17:00,10007,Test product 8 (seasonal),Drinks,SALE,17,7.86,5.5,7
2026-04-07 17:00,10020,Test product 21 (growing),Stationery,SALE,18,8.66,6.06,7
2026-04-08 08:00,10013,Test product 14 (seasonal),Snacks,SALE,12,6.02,4.21,7
2026-04-08 09:00,10002,Test product 3 (growing),Household,SALE,12,3.2,2.24,7
2026-04-08 12:00,10030,Test product 31 (smooth),Household,SALE,7,6.94,4.86,7
2026-04-08 13:00,10038,Test product 39 (growing),Household,SALE,24,3.82,2.67,7
2026-04-08 14:00,10000,Test product 1 (smooth),Stationery,SALE,15,8.26,5.78,7
2026-04-08 17:00,10008,Test product 9 (growing),Stationery,SALE,5,4.89,3.42,7
2026-04-09 08:00,10008,Test product 9 (growing),Stationery,SALE,5,4.89,3.42,7
2026-04-09 09:00,10012,Test product 13 (smooth),Stationery,SALE,25,8.25,5.77,7
2026-04-09 09:00,10015,Test product 16 (declining),Drinks,SALE,2,10.3,7.21,7
2026-04-09 10:00,10021,Test product 22 (declining),Snacks,SALE,17,9.47,6.63,7
2026-04-09 10:00,10027,Test product 28 (declining),Drinks,SALE,12,4.32,3.02,7
2026-04-09 11:00,10032,Test product 33 (growing),Stationery,SALE,14,5.47,3.83,7
2026-04-09 14:00,10003,Test product 4 (declining),Drinks,SALE,10,6.94,4.86,7
2026-04-09 15:00,10007,Test product 8 (seasonal),Drinks,SALE,10,7.86,5.5,7
2026-04-09 16:00,10031,Test product 32 (seasonal),Drinks,SALE,10,7.4,5.18,7
2026-04-10 08:00,10001,Test product 2 (seasonal),Snacks,SALE,24,3.68,2.58,7
2026-04-10 08:00,10002,Test product 3 (growing),Household,SALE,15,3.2,2.24,7
2026-04-10 08:00,10031,Test product 32 (seasonal),Drinks,SALE,9,7.4,5.18,7
2026-04-10 08:00,10039,Test product 40 (declining),Drinks,SALE,3,0.75,0.52,7
2026-04-10 09:00,10018,Test product 19 (smooth),Household,SALE,9,3.32,2.32,7
2026-04-10 10:00,10006,Test product 7 (smooth),Household,SALE,5,2.37,1.66,7
2026-04-10 10:00,10038,Test product 39 (growing),Household,SALE,21,3.82,2.67,7
2026-04-10 11:00,10037,Test product 38 (seasonal),Snacks,SALE,16,4.46,3.12,7
2026-04-10 12:00,10006,Test product 7 (smooth),Household,SALE,12,2.37,1.66,7
2026-04-10 12:00,10018,Test product 19 (smooth),Household,SALE,7,3.32,2.32,7
2026-04-10 12:00,10024,Test product 25 (smooth),Stationery,SALE,11,5.15,3.6,7
2026-04-10 13:00,10002,Test product 3 (growing),Household,SALE,8,3.2,2.24,7
2026-04-10 13:00,10018,Test product 19 (smooth),Household,SALE,8,3.32,2.32,7
2026-04-10 15:00,10029,Test product 30 (lumpy),Snacks,SALE,13,9.55,6.69,7
2026-04-10 15:00,10038,Test product 39 (growing),Household,SALE,22,3.82,2.67,7
2026-04-10 17:00,10003,Test product 4 (declining),Drinks,SALE,5,6.94,4.86,7
2026-04-11 09:00,10036,Test product 37 (smooth),Stationery,SALE,7,2.81,1.97,7
2026-04-11 10:00,10014,Test product 15 (growing),Household,SALE,19,5.58,3.91,7
2026-04-11 13:00,10009,Test product 10 (declining),Snacks,SALE,9,7.37,5.16,7
2026-04-11 13:00,10036,Test product 37 (smooth),Stationery,SALE,16,2.81,1.97,7
2026-04-11 15:00,10033,Test product 34 (declining),Snacks,SALE,13,0.94,0.66,7
2026-04-11 16:00,10013,Test product 14 (seasonal),Snacks,SALE,20,6.02,4.21,7
2026-04-11 16:00,10024,Test product 25 (smooth),Stationery,SALE,8,5.15,3.6,7
2026-04-11 17:00,10009,Test product 10 (declining),Snacks,SALE,7,7.37,5.16,7
2026-04-13 00:00,10005,Test product 6 (lumpy),Snacks,RESTOCK,39,6.57,6.57,7
2026-04-13 09:00,10003,Test product 4 (declining),Drinks,SALE,6,6.94,4.86,7
2026-04-13 09:00,10038,Test product 39 (growing),Household,SALE,15,3.82,2.67,7
2026-04-13 13:00,10008,Test product 9 (growing),Stationery,SALE,4,4.89,3.42,7
2026-04-13 14:00,10000,Test product 1 (smooth),Stationery,SALE,11,8.26,5.78,7
2026-04-13 17:00,10006,Test product 7 (smooth),Household,SALE,12,2.37,1.66,7
2026-04-13 17:00,10024,Test product 25 (smooth),Stationery,SALE,10,5.15,3.6,7
2026-04-13 17:00,10025,Test product 26 (seasonal),Snacks,SALE,7,6.65,4.66,7
2026-04-13 17:00,10031,Test product 32 (seasonal),Drinks,SALE,5,7.4,5.18,7
2026-04-14 09:00,10002,Test product 3 (growing),Household,SALE,15,3.2,2.24,7
2026-04-14 09:00,10037,Test product 38 (seasonal),Snacks,SALE,4,4.46,3.12,7
2026-04-14 10:00,10000,Test product 1 (smooth),Stationery,SALE,6,8.26,5.78,7
2026-04-14 10:00,10002,Test product 3 (growing),Household,SALE,10,3.2,2.24,7
2026-04-14 10:00,10019,Test product 20 (seasonal),Drinks,SALE,22,9.26,6.48,7
2026-04-14 11:00,10013,Test product 14 (seasonal),Snacks,SALE,21,6.02,4.21,7
2026-04-14 11:00,10015,Test product 16 (declining),Drinks,SALE,6,10.3,7.21,7
2026-04-14 11:00,10018,Test product 19 (smooth),Household,SALE,12,3.32,2.32,7
2026-04-14 12:00,10026,Test product 27 (growing),Household,SALE,4,7.9,5.53,7
2026-04-14 13:00,10018,Test product 19 (smooth),Household,SALE,13,3.32,2.32,7
2026-04-14 14:00,10009,Test product 10 (declining),Snacks,SALE,5,7.37,5.16,7
2026-04-14 14:00,10020,Test product 21 (growing),Stationery,SALE,12,8.66,6.06,7
2026-04-14 15:00,10000,Test product 1 (smooth),Stationery,SALE,10,8.26,5.78,7
2026-04-14 15:00,10007,Test product 8 (seasonal),Drinks,SALE,10,7.86,5.5,7
2026-04-14 15:00,10020,Test product 21 (growing),Stationery,SALE,9,8.66,6.06,7
2026-04-14 16:00,10009,Test product 10 (declining),Snacks,SALE,6,7.37,5.16,7
2026-04-15 08:00,10003,Test product 4 (declining),Drinks,SALE,7,6.94,4.86,7
2026-04-15 08:00,10021,Test product 22 (declining),Snacks,SALE,12,9.47,6.63,7
2026-04-15 08:00,10037,Test product 38 (seasonal),Snacks,SALE,10,4.46,3.12,7
2026-04-15 11:00,10015,Test product 16 (declining),Drinks,SALE,5,10.3,7.21,7
2026-04-15 13:00,10031,Test product 32 (seasonal),Drinks,SALE,3,7.4,5.18,7
2026-04-15 14:00,10015,Test product 16 (declining),Drinks,SALE,4,10.3,7.21,7
2026-04-15 15:00,10026,Test product 27 (growing),Household,SALE,4,7.9,5.53,7
2026-04-15 15:00,10036,Test product 37 (smooth),Stationery,SALE,8,2.81,1.97,7
2026-04-16 08:00,10008,Test product 9 (growing),Stationery,SALE,6,4.89,3.42,7
2026-04-16 08:00,10026,Test product 27 (growing),Household,SALE,1,7.9,5.53,7
2026-04-16 08:00,10036,Test product 37 (smooth),Stationery,SALE,15,2.81,1.97,7
2026-04-16 08:00,10037,Test product 38 (seasonal),Snacks,SALE,11,4.46,3.12,7
2026-04-16 08:00,10038,Test product 39 (growing),Household,SALE,9,3.82,2.67,7
2026-04-16 09:00,10012,Test product 13 (smooth),Stationery,SALE,27,8.25,5.77,7
2026-04-16 11:00,10009,Test product 10 (declining),Snacks,SALE,7,7.37,5.16,7
2026-04-16 11:00,10010,Test product 11 (intermittent),Household,SALE,1,10.5,7.35,7
2026-04-16 11:00,10024,Test product 25 (smooth),Stationery,SALE,11,5.15,3.6,7
2026-04-16 15:00,10024,Test product 25 (smooth),Stationery,SALE,12,5.15,3.6,7
2026-04-16 17:00,10027,Test product 28 (declining),Drinks,SALE,15,4.32,3.02,7
2026-04-17 08:00,10020,Test product 21 (growing),Stationery,SALE,15,8.66,6.06,7
2026-04-17 10:00,10004,Test product 5 (intermittent),Stationery,SALE,1,3.26,2.28,7
2026-04-17 11:00,10001,Test product 2 (seasonal),Snacks,SALE,22,3.68,2.58,7
2026-04-17 11:00,10007,Test product 8 (seasonal),Drinks,SALE,8,7.86,5.5,7
2026-04-17 11:00,10027,Test product 28 (declining),Drinks,SALE,6,4.32,3.02,7
2026-04-17 12:00,10006,Test product 7 (smooth),Household,SALE,18,2.37,1.66,7
2026-04-17 13:00,10025,Test product 26 (seasonal),Snacks,SALE,11,6.65,4.66,7
2026-04-17 13:00,10030,Test product 31 (smooth),Household,SALE,32,6.94,4.86,7
2026-04-17 13:00,10031,Test product 32 (seasonal),Drinks,SALE,4,7.4,5.18,7
2026-04-17 15:00,10007,Test product 8 (seasonal),Drinks,SALE,9,7.86,5.5,7
2026-04-17 15:00,10032,Test product 33 (growing),Stationery,SALE,22,5.47,3.83,7
2026-04-17 16:00,10032,Test product 33 (growing),Stationery,SALE,13,5.47,3.83,7
2026-04-17 16:00,10033,Test product 34 (declining),Snacks,SALE,24,0.94,0.66,7
2026-04-17 17:00,10038,Test product 39 (growing),Household,SALE,13,3.82,2.67,7
2026-04-18 08:00,10008,Test product 9 (growing),Stationery,SALE,2,4.89,3.42,7
2026-04-18 08:00,10014,Test product 15 (growing),Household,SALE,29,5.58,3.91,7
2026-04-18 12:00,10003,Test product 4 (declining),Drinks,SALE,8,6.94,4.86,7
2026-04-18 12:00,10011,Test product 12 (lumpy),Drinks,SALE,127,2.43,1.7,7
2026-04-18 14:00,10002,Test product 3 (growing),Household,SALE,8,3.2,2.24,7
2026-04-18 14:00,10010,Test product 11 (intermittent),Household,SALE,2,10.5,7.35,7
2026-04-18 14:00,10022,Test product 23 (intermittent),Household,SALE,5,10.2,7.14,7
2026-04-18 14:00,10039,Test product 40 (declining),Drinks,SALE,5,0.75,0.52,7
2026-04-18 15:00,10004,Test product 5 (intermittent),Stationery,SALE,2,3.26,2.28,7
2026-04-18 17:00,10021,Test product 22 (declining),Snacks,SALE,6,9.47,6.63,7
2026-04-20 00:00,10000,Test product 1 (smooth),Stationery,RESTOCK,99,5.78,5.78,7
2026-04-20 00:00,10015,Test product 16 (declining),Drinks,RESTOCK,48,7.21,7.21,7
2026-04-20 00:00,10020,Test product 21 (growing),Stationery,RESTOCK,131,6.06,6.06,7
2026-04-20 00:00,10035,Test product 36 (lumpy),Drinks,RESTOCK,35,5.68,5.68,7
2026-04-20 09:00,10012,Test product 13 (smooth),Stationery,SALE,28,8.25,5.77,7
2026-04-20 09:00,10027,Test product 28 (declining),Drinks,SALE,5,4.32,3.02,7
2026-04-20 10:00,10024,Test product 25 (smooth),Stationery,SALE,19,5.15,3.6,7
2026-04-20 11:00,10001,Test product 2 (seasonal),Snacks,SALE,7,3.68,2.58,7
2026-04-20 11:00,10003,Test product 4 (declining),Drinks,SALE,3,6.94,4.86,7
2026-04-20 11:00,10009,Test product 10 (declining),Snacks,SALE,7,7.37,5.16,7
2026-04-20 11:00,10018,Test product 19 (smooth),Household,SALE,4,3.32,2.32,7
2026-04-20 13:00,10003,Test product 4 (declining),Drinks,SALE,6,6.94,4.86,7
2026-04-20 15:00,10036,Test product 37 (smooth),Stationery,SALE,19,2.81,1.97,7
2026-04-20 16:00,10000,Test product 1 (smooth),Stationery,SALE,12,8.26,5.78,7
2026-04-20 16:00,10002,Test product 3 (growing),Household,SALE,11,3.2,2.24,7
2026-04-21 08:00,10028,Test product 29 (intermittent),Stationery,SALE,4,5.41,3.79,7
2026-04-21 09:00,10002,Test product 3 (growing),Household,SALE,12,3.2,2.24,7
2026-04-21 09:00,10020,Test product 21 (growing),Stationery,SALE,13,8.66,6.06,7
2026-04-21 11:00,10032,Test product 33 (growing),Stationery,SALE,17,5.47,3.83,7
2026-04-21 14:00,10026,Test product 27 (growing),Household,SALE,5,7.9,5.53,7
2026-04-21 15:00,10025,Test product 26 (seasonal),Snacks,SALE,18,6.65,4.66,7
2026-04-22 08:00,10013,Test product 14 (seasonal),Snacks,SALE,18,6.02,4.21,7
2026-04-22 08:00,10019,Test product 20 (seasonal),Drinks,SALE,9,9.26,6.48,7
2026-04-22 08:00,10024,Test product 25 (smooth),Stationery,SALE,16,5.15,3.6,7
2026-04-22 10:00,10008,Test product 9 (growing),Stationery,SALE,10,4.89,3.42,7
2026-04-22 10:00,10039,Test product 40 (declining),Drinks,SALE,6,0.75,0.52,7
2026-04-22 13:00,10021,Test product 22 (declining),Snacks,SALE,13,9.47,6.63,7
2026-04-22 13:00,10027,Test product 28 (declining),Drinks,SALE,4,4.32,3.02,7
2026-04-22 15:00,10008,Test product 9 (growing),Stationery,SALE,7,4.89,3.42,7
2026-04-22 15:00,10020,Test product 21 (growing),Stationery,SALE,9,8.66,6.06,7
2026-04-22 16:00,10002,Test product 3 (growing),Household,SALE,4,3.2,2.24,7
2026-04-22 17:00,10030,Test product 31 (smooth),Household,SALE,23,6.94,4.86,7
2026-04-23 08:00,10008,Test product 9 (growing),Stationery,SALE,3,4.89,3.42,7
2026-04-23 08:00,10018,Test product 19 (smooth),Household,SALE,8,3.32,2.32,7
2026-04-23 09:00,10031,Test product 32 (seasonal),Drinks,SALE,4,7.4,5.18,7
2026-04-23 10:00,10009,Test product 10 (declining),Snacks,SALE,5,7.37,5.16,7
2026-04-23 11:00,10033,Test product 34 (declining),Snacks,SALE,3,0.94,0.66,7
2026-04-23 13:00,10015,Test product 16 (declining),Drinks,SALE,4,10.3,7.21,7
2026-04-23 16:00,10026,Test product 27 (growing),Household,SALE,13,7.9,5.53,7
2026-04-23 16:00,10031,Test product 32 (seasonal),Drinks,SALE,5,7.4,5.18,7
2026-04-23 16:00,10033,Test product 34 (declining),Snacks,SALE,9,0.94,0.66,7
2026-04-24 08:00,10014,Test product 15 (growing),Household,SALE,22,5.58,3.91,7
2026-04-24 11:00,10006,Test product 7 (smooth),Household,SALE,28,2.37,1.66,7
2026-04-24 13:00,10000,Test product 1 (smooth),Stationery,SALE,9,8.26,5.78,7
2026-04-24 13:00,10027,Test product 28 (declining),Drinks,SALE,8,4.32,3.02,7
2026-04-24 13:00,10032,Test product 33 (growing),Stationery,SALE,21,5.47,3.83,7
2026-04-24 14:00,10015,Test product 16 (declining),Drinks,SALE,5,10.3,7.21,7
2026-04-24 14:00,10018,Test product 19 (smooth),Household,SALE,10,3.32,2.32,7
2026-04-24 15:00,10001,Test product 2 (seasonal),Snacks,SALE,1,3.68,2.58,7
2026-04-24 16:00,10003,Test product 4 (declining),Drinks,SALE,8,6.94,4.86,7
2026-04-24 17:00,10020,Test product 21 (growing),Stationery,SALE,14,8.66,6.06,7
2026-04-25 09:00,10007,Test product 8 (seasonal),Drinks,SALE,28,7.86,5.5,7
2026-04-25 10:00,10033,Test product 34 (declining),Snacks,SALE,8,0.94,0.66,7
2026-04-25 10:00,10037,Test product 38 (seasonal),Snacks,SALE,13,4.46,3.12,7
2026-04-25 11:00,10013,Test product 14 (seasonal),Snacks,SALE,17,6.02,4.21,7
2026-04-25 13:00,10038,Test product 39 (growing),Household,SALE,63,3.82,2.67,7
2026-04-25 15:00,10001,Test product 2 (seasonal),Snacks,SALE,10,3.68,2.58,7
2026-04-25 16:00,10019,Test product 20 (seasonal),Drinks,SALE,7,9.26,6.48,7
2026-04-25 16:00,10021,Test product 22 (declining),Snacks,SALE,11,9.47,6.63,7
2026-04-27 00:00,10001,Test product 2 (seasonal),Snacks,RESTOCK,102,2.58,2.58,7
2026-04-27 00:00,10002,Test product 3 (growing),Household,RESTOCK,97,2.24,2.24,7
2026-04-27 00:00,10003,Test product 4 (declining),Drinks,RESTOCK,138,4.86,4.86,7
2026-04-27 00:00,10004,Test product 5 (intermittent),Stationery,RESTOCK,6,2.28,2.28,7
2026-04-27 00:00,10006,Test product 7 (smooth),Household,RESTOCK,117,1.66,1.66,7
2026-04-27 00:00,10007,Test product 8 (seasonal),Drinks,RESTOCK,133,5.5,5.5,7
2026-04-27 00:00,10008,Test product 9 (growing),Stationery,RESTOCK,50,3.42,3.42,7
2026-04-27 00:00,10009,Test product 10 (declining),Snacks,RESTOCK,90,5.16,5.16,7
2026-04-27 00:00,10011,Test product 12 (lumpy),Drinks,RESTOCK,37,1.7,1.7,7
2026-04-27 00:00,10012,Test product 13 (smooth),Stationery,RESTOCK,116,5.77,5.77,7
2026-04-27 00:00,10013,Test product 14 (seasonal),Snacks,RESTOCK,154,4.21,4.21,7
2026-04-27 00:00,10014,Test product 15 (growing),Household,RESTOCK,65,3.91,3.91,7
2026-04-27 00:00,10016,Test product 17 (intermittent),Stationery,RESTOCK,8,2.47,2.47,7
2026-04-27 00:00,10017,Test product 18 (lumpy),Snacks,RESTOCK,41,0.69,0.69,7
2026-04-27 00:00,10018,Test product 19 (smooth),Household,RESTOCK,72,2.32,2.32,7
2026-04-27 00:00,10019,Test product 20 (seasonal),Drinks,RESTOCK,102,6.48,6.48,7
2026-04-27 00:00,10021,Test product 22 (declining),Snacks,RESTOCK,108,6.63,6.63,7
2026-04-27 00:00,10022,Test product 23 (intermittent),Household,RESTOCK,8,7.14,7.14,7
2026-04-27 00:00,10023,Test product 24 (lumpy),Drinks,RESTOCK,23,2.75,2.75,7
2026-04-27 00:00,10024,Test product 25 (smooth),Stationery,RESTOCK,116,3.6,3.6,7
2026-04-27 00:00,10025,Test product 26 (seasonal),Snacks,RESTOCK,100,4.66,4.66,7
2026-04-27 00:00,10026,Test product 27 (growing),Household,RESTOCK,52,5.53,5.53,7
2026-04-27 00:00,10027,Test product 28 (declining),Drinks,RESTOCK,97,3.02,3.02,7
2026-04-27 00:00,10028,Test product 29 (intermittent),Stationery,RESTOCK,7,3.79,3.79,7
2026-04-27 00:00,10029,Test product 30 (lumpy),Snacks,RESTOCK,20,6.69,6.69,7
2026-04-27 00:00,10030,Test product 31 (smooth),Household,RESTOCK,112,4.86,4.86,7
2026-04-27 00:00,10031,Test product 32 (seasonal),Drinks,RESTOCK,58,5.18,5.18,7
2026-04-27 00:00,10032,Test product 33 (growing),Stationery,RESTOCK,156,3.83,3.83,7
2026-04-27 00:00,10033,Test product 34 (declining),Snacks,RESTOCK,144,0.66,0.66,7
2026-04-27 00:00,10034,Test product 35 (intermittent),Household,RESTOCK,6,1.11,1.11,7
2026-04-27 00:00,10036,Test product 37 (smooth),Stationery,RESTOCK,98,1.97,1.97,7
2026-04-27 00:00,10037,Test product 38 (seasonal),Snacks,RESTOCK,80,3.12,3.12,7
2026-04-27 00:00,10038,Test product 39 (growing),Household,RESTOCK,168,2.67,2.67,7
2026-04-27 00:00,10039,Test product 40 (declining),Drinks,RESTOCK,30,0.52,0.52,7
2026-04-27 08:00,10009,Test product 10 (declining),Snacks,SALE,6,7.37,5.16,7
2026-04-27 09:00,10021,Test product 22 (declining),Snacks,SALE,15,9.47,6.63,7
2026-04-27 11:00,10015,Test product 16 (declining),Drinks,SALE,1,10.3,7.21,7
2026-04-27 12:00,10004,Test product 5 (intermittent),Stationery,SALE,1,3.26,2.28,7
2026-04-27 12:00,10038,Test product 39 (growing),Household,SALE,15,3.82,2.67,7
2026-04-27 13:00,10000,Test product 1 (smooth),Stationery,SALE,12,8.26,5.78,7
2026-04-27 13:00,10024,Test product 25 (smooth),Stationery,SALE,12,5.15,3.6,7
2026-04-27 15:00,10008,Test product 9 (growing),Stationery,SALE,13,4.89,3.42,7
2026-04-27 17:00,10017,Test product 18 (lumpy),Snacks,SALE,7,0.98,0.69,7
2026-04-28 08:00,10039,Test product 40 (declining),Drinks,SALE,3,0.75,0.52,7
2026-04-28 10:00,10038,Test product 39 (growing),Household,SALE,18,3.82,2.67,7
2026-04-28 11:00,10002,Test product 3 (growing),Household,SALE,26,3.2,2.24,7
2026-04-28 11:00,10014,Test product 15 (growing),Household,SALE,9,5.58,3.91,7
2026-04-28 13:00,10025,Test product 26 (seasonal),Snacks,SALE,24,6.65,4.66,7
2026-04-28 14:00,10001,Test product 2 (seasonal),Snacks,SALE,11,3.68,2.58,7
2026-04-28 14:00,10024,Test product 25 (smooth),Stationery,SALE,10,5.15,3.6,7
2026-04-28 15:00,10006,Test product 7 (smooth),Household,SALE,22,2.37,1.66,7
2026-04-28 16:00,10009,Test product 10 (declining),Snacks,SALE,4,7.37,5.16,7
2026-04-28 17:00,10017,Test product 18 (lumpy),Snacks,SALE,4,0.98,0.69,7
2026-04-28 17:00,10018,Test product 19 (smooth),Household,SALE,8,3.32,2.32,7
2026-04-29 09:00,10019,Test product 20 (seasonal),Drinks,SALE,3,9.26,6.48,7
2026-04-29 14:00,10007,Test product 8 (seasonal),Drinks,SALE,12,7.86,5.5,7
2026-04-29 14:00,10024,Test product 25 (smooth),Stationery,SALE,9,5.15,3.6,7
2026-04-29 17:00,10039,Test product 40 (declining),Drinks,SALE,2,0.75,0.52,7
2026-04-30 08:00,10000,Test product 1 (smooth),Stationery,SALE,9,8.26,5.78,7
2026-04-30 10:00,10007,Test product 8 (seasonal),Drinks,SALE,17,7.86,5.5,7
2026-04-30 13:00,10018,Test product 19 (smooth),Household,SALE,5,3.32,2.32,7
2026-04-30 14:00,10003,Test product 4 (declining),Drinks,SALE,5,6.94,4.86,7
2026-04-30 15:00,10020,Test product 21 (growing),Stationery,SALE,52,8.66,6.06,7
2026-04-30 15:00,10031,Test product 32 (seasonal),Drinks,SALE,6,7.4,5.18,7
2026-04-30 15:00,10038,Test product 39 (growing),Household,SALE,14,3.82,2.67,7
2026-04-30 16:00,10037,Test product 38 (seasonal),Snacks,SALE,8,4.46,3.12,7
2026-04-30 17:00,10033,Test product 34 (declining),Snacks,SALE,10,0.94,0.66,7
2026-05-01 08:00,10015,Test product 16 (declining),Drinks,SALE,3,10.3,7.21,7
2026-05-01 08:00,10036,Test product 37 (smooth),Stationery,SALE,22,2.81,1.97,7
2026-05-01 09:00,10009,Test product 10 (declining),Snacks,SALE,9,7.37,5.16,7
2026-05-01 11:00,10013,Test product 14 (seasonal),Snacks,SALE,15,6.02,4.21,7
2026-05-01 11:00,10026,Test product 27 (growing),Household,SALE,11,7.9,5.53,7
2026-05-01 12:00,10013,Test product 14 (seasonal),Snacks,SALE,9,6.02,4.21,7
2026-05-01 13:00,10015,Test product 16 (declining),Drinks,SALE,1,10.3,7.21,7
2026-05-01 13:00,10037,Test product 38 (seasonal),Snacks,SALE,9,4.46,3.12,7
2026-05-01 14:00,10019,Test product 20 (seasonal),Drinks,SALE,6,9.26,6.48,7
2026-05-01 15:00,10001,Test product 2 (seasonal),Snacks,SALE,7,3.68,2.58,7
2026-05-01 16:00,10003,Test product 4 (declining),Drinks,SALE,5,6.94,4.86,7
2026-05-01 16:00,10032,Test product 33 (growing),Stationery,SALE,51,5.47,3.83,7
2026-05-01 16:00,10033,Test product 34 (declining),Snacks,SALE,14,0.94,0.66,7
2026-05-01 17:00,10030,Test product 31 (smooth),Household,SALE,35,6.94,4.86,7
2026-05-02 08:00,10027,Test product 28 (declining),Drinks,SALE,21,4.32,3.02,7
2026-05-02 09:00,10014,Test product 15 (growing),Household,SALE,8,5.58,3.91,7
2026-05-02 09:00,10031,Test product 32 (seasonal),Drinks,SALE,5,7.4,5.18,7
2026-05-02 11:00,10013,Test product 14 (seasonal),Snacks,SALE,7,6.02,4.21,7
2026-05-02 12:00,10017,Test product 18 (lumpy),Snacks,SALE,9,0.98,0.69,7
2026-05-02 13:00,10001,Test product 2 (seasonal),Snacks,SALE,5,3.68,2.58,7
2026-05-02 14:00,10000,Test product 1 (smooth),Stationery,SALE,13,8.26,5.78,7
2026-05-02 14:00,10014,Test product 15 (growing),Household,SALE,5,5.58,3.91,7
2026-05-02 17:00,10012,Test product 13 (smooth),Stationery,SALE,28,8.25,5.77,7
2026-05-02 17:00,10018,Test product 19 (smooth),Household,SALE,3,3.32,2.32,7
2026-05-04 00:00,10010,Test product 11 (intermittent),Household,RESTOCK,7,7.35,7.35,7
2026-05-04 08:00,10000,Test product 1 (smooth),Stationery,SALE,7,8.26,5.78,7
2026-05-04 09:00,10013,Test product 14 (seasonal),Snacks,SALE,8,6.02,4.21,7
2026-05-04 09:00,10019,Test product 20 (seasonal),Drinks,SALE,13,9.26,6.48,7
2026-05-04 10:00,10019,Test product 20 (seasonal),Drinks,SALE,8,9.26,6.48,7
2026-05-04 10:00,10021,Test product 22 (declining),Snacks,SALE,10,9.47,6.63,7
2026-05-04 12:00,10002,Test product 3 (growing),Household,SALE,13,3.2,2.24,7
2026-05-04 13:00,10012,Test product 13 (smooth),Stationery,SALE,12,8.25,5.77,7
2026-05-04 14:00,10007,Test product 8 (seasonal),Drinks,SALE,33,7.86,5.5,7
2026-05-04 14:00,10037,Test product 38 (seasonal),Snacks,SALE,8,4.46,3.12,7
2026-05-04 15:00,10018,Test product 19 (smooth),Household,SALE,6,3.32,2.32,7
2026-05-04 16:00,10019,Test product 20 (seasonal),Drinks,SALE,8,9.26,6.48,7
2026-05-04 17:00,10013,Test product 14 (seasonal),Snacks,SALE,8,6.02,4.21,7
2026-05-05 08:00,10014,Test product 15 (growing),Household,SALE,12,5.58,3.91,7
2026-05-05 09:00,10006,Test product 7 (smooth),Household,SALE,8,2.37,1.66,7
2026-05-05 09:00,10032,Test product 33 (growing),Stationery,SALE,48,5.47,3.83,7
2026-05-05 12:00,10013,Test product 14 (seasonal),Snacks,SALE,16,6.02,4.21,7
2026-05-05 13:00,10000,Test product 1 (smooth),Stationery,SALE,8,8.26,5.78,7
2026-05-05 14:00,10001,Test product 2 (seasonal),Snacks,SALE,9,3.68,2.58,7
2026-05-05 14:00,10024,Test product 25 (smooth),Stationery,SALE,17,5.15,3.6,7
2026-05-05 17:00,10014,Test product 15 (growing),Household,SALE,3,5.58,3.91,7
2026-05-05 17:00,10024,Test product 25 (smooth),Stationery,SALE,11,5.15,3.6,7
2026-05-05 17:00,10033,Test product 34 (declining),Snacks,SALE,12,0.94,0.66,7
2026-05-06 08:00,10012,Test product 13 (smooth),Stationery,SALE,12,8.25,5.77,7
2026-05-06 08:00,10015,Test product 16 (declining),Drinks,SALE,4,10.3,7.21,7
2026-05-06 09:00,10008,Test product 9 (growing),Stationery,SALE,9,4.89,3.42,7
2026-05-06 12:00,10031,Test product 32 (seasonal),Drinks,SALE,2,7.4,5.18,7
2026-05-06 13:00,10031,Test product 32 (seasonal),Drinks,SALE,1,7.4,5.18,7
2026-05-06 14:00,10014,Test product 15 (growing),Household,SALE,6,5.58,3.91,7
2026-05-06 14:00,10024,Test product 25 (smooth),Stationery,SALE,13,5.15,3.6,7
2026-05-06 17:00,10026,Test product 27 (growing),Household,SALE,5,7.9,5.53,7
2026-05-07 10:00,10008,Test product 9 (growing),Stationery,SALE,7,4.89,3.42,7
2026-05-07 10:00,10025,Test product 26 (seasonal),Snacks,SALE,13,6.65,4.66,7
2026-05-07 12:00,10031,Test product 32 (seasonal),Drinks,SALE,1,7.4,5.18,7
2026-05-07 14:00,10039,Test product 40 (declining),Drinks,SALE,5,0.75,0.52,7
2026-05-07 16:00,10025,Test product 26 (seasonal),Snacks,SALE,15,6.65,4.66,7
2026-05-07 17:00,10018,Test product 19 (smooth),Household,SALE,4,3.32,2.32,7
2026-05-07 17:00,10020,Test product 21 (growing),Stationery,SALE,51,8.66,6.06,7
2026-05-08 09:00,10002,Test product 3 (growing),Household,SALE,13,3.2,2.24,7
2026-05-08 10:00,10039,Test product 40 (declining),Drinks,SALE,4,0.75,0.52,7
2026-05-08 11:00,10038,Test product 39 (growing),Household,SALE,68,3.82,2.67,7
2026-05-08 12:00,10034,Test product 35 (intermittent),Household,SALE,1,1.59,1.11,7
2026-05-08 15:00,10030,Test product 31 (smooth),Household,SALE,32,6.94,4.86,7
2026-05-08 16:00,10021,Test product 22 (declining),Snacks,SALE,6,9.47,6.63,7
2026-05-08 17:00,10001,Test product 2 (seasonal),Snacks,SALE,10,3.68,2.58,7
2026-05-08 17:00,10029,Test product 30 (lumpy),Snacks,SALE,10,9.55,6.69,7
2026-05-09 08:00,10006,Test product 7 (smooth),Household,SALE,16,2.37,1.66,7
2026-05-09 08:00,10027,Test product 28 (declining),Drinks,SALE,17,4.32,3.02,7
2026-05-09 11:00,10009,Test product 10 (declining),Snacks,SALE,11,7.37,5.16,7
2026-05-09 12:00,10033,Test product 34 (declining),Snacks,SALE,13,0.94,0.66,7
2026-05-09 14:00,10036,Test product 37 (smooth),Stationery,SALE,25,2.81,1.97,7
2026-05-09 14:00,10037,Test product 38 (seasonal),Snacks,SALE,3,4.46,3.12,7
2026-05-09 15:00,10003,Test product 4 (declining),Drinks,SALE,21,6.94,4.86,7
2026-05-09 15:00,10026,Test product 27 (growing),Household,SALE,8,7.9,5.53,7
2026-05-09 16:00,10000,Test product 1 (smooth),Stationery,SALE,7,8.26,5.78,7
2026-05-09 16:00,10015,Test product 16 (declining),Drinks,SALE,6,10.3,7.21,7
2026-05-09 16:00,10018,Test product 19 (smooth),Household,SALE,5,3.32,2.32,7
2026-05-09 16:00,10026,Test product 27 (growing),Household,SALE,4,7.9,5.53,7
2026-05-09 16:00,10033,Test product 34 (declining),Snacks,SALE,3,0.94,0.66,7
2026-05-11 00:00,10005,Test product 6 (lumpy),Snacks,RESTOCK,37,6.57,6.57,7
2026-05-11 09:00,10009,Test product 10 (declining),Snacks,SALE,6,7.37,5.16,7
2026-05-11 10:00,10014,Test product 15 (growing),Household,SALE,7,5.58,3.91,7
2026-05-11 14:00,10012,Test product 13 (smooth),Stationery,SALE,5,8.25,5.77,7
2026-05-11 15:00,10031,Test product 32 (seasonal),Drinks,SALE,4,7.4,5.18,7
2026-05-11 16:00,10002,Test product 3 (growing),Household,SALE,18,3.2,2.24,7
2026-05-11 16:00,10032,Test product 33 (growing),Stationery,SALE,13,5.47,3.83,7
2026-05-12 08:00,10027,Test product 28 (declining),Drinks,SALE,9,4.32,3.02,7
2026-05-12 09:00,10014,Test product 15 (growing),Household,SALE,6,5.58,3.91,7
2026-05-12 10:00,10008,Test product 9 (growing),Stationery,SALE,4,4.89,3.42,7
2026-05-12 11:00,10009,Test product 10 (declining),Snacks,SALE,7,7.37,5.16,7
2026-05-12 12:00,10025,Test product 26 (seasonal),Snacks,SALE,16,6.65,4.66,7
2026-05-12 13:00,10014,Test product 15 (growing),Household,SALE,7,5.58,3.91,7
2026-05-12 14:00,10006,Test product 7 (smooth),Household,SALE,11,2.37,1.66,7
2026-05-12 14:00,10039,Test product 40 (declining),Drinks,SALE,4,0.75,0.52,7
2026-05-12 15:00,10019,Test product 20 (seasonal),Drinks,SALE,6,9.26,6.48,7
2026-05-12 16:00,10025,Test product 26 (seasonal),Snacks,SALE,11,6.65,4.66,7
2026-05-13 10:00,10015,Test product 16 (declining),Drinks,SALE,3,10.3,7.21,7
2026-05-13 10:00,10021,Test product 22 (declining),Snacks,SALE,6,9.47,6.63,7
2026-05-13 12:00,10015,Test product 16 (declining),Drinks,SALE,2,10.3,7.21,7
2026-05-13 12:00,10020,Test product 21 (growing),Stationery,SALE,25,8.66,6.06,7
2026-05-13 13:00,10006,Test product 7 (smooth),Household,SALE,16,2.37,1.66,7
2026-05-13 13:00,10024,Test product 25 (smooth),Stationery,SALE,16,5.15,3.6,7
2026-05-13 14:00,10015,Test product 16 (declining),Drinks,SALE,2,10.3,7.21,7
2026-05-13 14:00,10037,Test product 38 (seasonal),Snacks,SALE,7,4.46,3.12,7
2026-05-13 17:00,10003,Test product 4 (declining),Drinks,SALE,5,6.94,4.86,7
2026-05-14 08:00,10013,Test product 14 (seasonal),Snacks,SALE,12,6.02,4.21,7
2026-05-14 08:00,10031,Test product 32 (seasonal),Drinks,SALE,9,7.4,5.18,7
2026-05-14 09:00,10018,Test product 19 (smooth),Household,SALE,25,3.32,2.32,7
2026-05-14 09:00,10026,Test product 27 (growing),Household,SALE,16,7.9,5.53,7
2026-05-14 12:00,10036,Test product 37 (smooth),Stationery,SALE,11,2.81,1.97,7
2026-05-14 13:00,10027,Test product 28 (declining),Drinks,SALE,8,4.32,3.02,7
2026-05-14 13:00,10038,Test product 39 (growing),Household,SALE,22,3.82,2.67,7
2026-05-14 13:00,10039,Test product 40 (declining),Drinks,SALE,3,0.75,0.52,7
2026-05-14 15:00,10003,Test product 4 (declining),Drinks,SALE,6,6.94,4.86,7
2026-05-14 15:00,10030,Test product 31 (smooth),Household,SALE,24,6.94,4.86,7
2026-05-15 08:00,10003,Test product 4 (declining),Drinks,SALE,7,6.94,4.86,7
2026-05-15 08:00,10019,Test product 20 (seasonal),Drinks,SALE,2,9.26,6.48,7
2026-05-15 08:00,10024,Test product 25 (smooth),Stationery,SALE,14,5.15,3.6,7
2026-05-15 08:00,10036,Test product 37 (smooth),Stationery,SALE,8,2.81,1.97,7
2026-05-15 10:00,10013,Test product 14 (seasonal),Snacks,SALE,11,6.02,4.21,7
2026-05-15 11:00,10002,Test product 3 (growing),Household,SALE,10,3.2,2.24,7
2026-05-15 11:00,10007,Test product 8 (seasonal),Drinks,SALE,22,7.86,5.5,7
2026-05-15 12:00,10021,Test product 22 (declining),Snacks,SALE,5,9.47,6.63,7
2026-05-15 12:00,10032,Test product 33 (growing),Stationery,SALE,20,5.47,3.83,7
2026-05-15 12:00,10033,Test product 34 (declining),Snacks,SALE,17,0.94,0.66,7
2026-05-15 13:00,10000,Test product 1 (smooth),Stationery,SALE,23,8.26,5.78,7
2026-05-15 14:00,10037,Test product 38 (seasonal),Snacks,SALE,3,4.46,3.12,7
2026-05-15 15:00,10021,Test product 22 (declining),Snacks,SALE,5,9.47,6.63,7
2026-05-15 16:00,10013,Test product 14 (seasonal),Snacks,SALE,4,6.02,4.21,7
2026-05-15 16:00,10038,Test product 39 (growing),Household,SALE,28,3.82,2.67,7
2026-05-16 11:00,10032,Test product 33 (growing),Stationery,SALE,20,5.47,3.83,7
2026-05-16 12:00,10020,Test product 21 (growing),Stationery,SALE,14,8.66,6.06,7
2026-05-16 13:00,10022,Test product 23 (intermittent),Household,SALE,1,10.2,7.14,7
2026-05-16 13:00,10036,Test product 37 (smooth),Stationery,SALE,7,2.81,1.97,7
2026-05-16 15:00,10008,Test product 9 (growing),Stationery,SALE,7,4.89,3.42,7
2026-05-16 16:00,10019,Test product 20 (seasonal),Drinks,SALE,5,9.26,6.48,7
2026-05-16 17:00,10001,Test product 2 (seasonal),Snacks,SALE,16,3.68,2.58,7
2026-05-16 17:00,10006,Test product 7 (smooth),Household,SALE,7,2.37,1.66,7
2026-05-16 17:00,10012,Test product 13 (smooth),Stationery,SALE,14,8.25,5.77,7
2026-05-16 17:00,10012,Test product 13 (smooth),Stationery,SALE,6,8.25,5.77,7
2026-05-18 00:00,10000,Test product 1 (smooth),Stationery,RESTOCK,96,5.78,5.78,7
2026-05-18 00:00,10015,Test product 16 (declining),Drinks,RESTOCK,45,7.21,7.21,7
2026-05-18 00:00,10020,Test product 21 (growing),Stationery,RESTOCK,161,6.06,6.06,7
2026-05-18 00:00,10035,Test product 36 (lumpy),Drinks,RESTOCK,34,5.68,5.68,7
2026-05-18 08:00,10000,Test product 1 (smooth),Stationery,SALE,6,8.26,5.78,7
2026-05-18 08:00,10012,Test product 13 (smooth),Stationery,SALE,26,8.25,5.77,7
2026-05-18 08:00,10021,Test product 22 (declining),Snacks,SALE,7,9.47,6.63,7
2026-05-18 09:00,10021,Test product 22 (declining),Snacks,SALE,6,9.47,6.63,7
2026-05-18 09:00,10022,Test product 23 (intermittent),Household,SALE,3,10.2,7.14,7
2026-05-18 09:00,10036,Test product 37 (smooth),Stationery,SALE,22,2.81,1.97,7
2026-05-18 10:00,10002,Test product 3 (growing),Household,SALE,13,3.2,2.24,7
2026-05-18 10:00,10027,Test product 28 (declining),Drinks,SALE,4,4.32,3.02,7
2026-05-18 10:00,10037,Test product 38 (seasonal),Snacks,SALE,2,4.46,3.12,7
2026-05-18 11:00,10018,Test product 19 (smooth),Household,SALE,10,3.32,2.32,7
2026-05-18 11:00,10018,Test product 19 (smooth),Household,SALE,8,3.32,2.32,7
2026-05-18 11:00,10024,Test product 25 (smooth),Stationery,SALE,19,5.15,3.6,7
2026-05-18 11:00,10032,Test product 33 (growing),Stationery,SALE,17,5.47,3.83,7
2026-05-18 12:00,10000,Test product 1 (smooth),Stationery,SALE,9,8.26,5.78,7
2026-05-18 12:00,10000,Test product 1 (smooth),Stationery,SALE,9,8.26,5.78,7
2026-05-18 14:00,10029,Test product 30 (lumpy),Snacks,SALE,5,9.55,6.69,7
2026-05-18 16:00,10039,Test product 40 (declining),Drinks,SALE,1,0.75,0.52,7
2026-05-18 17:00,10004,Test product 5 (intermittent),Stationery,SALE,2,3.26,2.28,7
2026-05-19 10:00,10038,Test product 39 (growing),Household,SALE,14,3.82,2.67,7
2026-05-19 12:00,10027,Test product 28 (declining),Drinks,SALE,7,4.32,3.02,7
2026-05-19 13:00,10002,Test product 3 (growing),Household,SALE,8,3.2,2.24,7
2026-05-19 14:00,10006,Test product 7 (smooth),Household,SALE,7,2.37,1.66,7
2026-05-19 14:00,10025,Test product 26 (seasonal),Snacks,SALE,9,6.65,4.66,7
2026-05-19 14:00,10038,Test product 39 (growing),Household,SALE,16,3.82,2.67,7
2026-05-19 16:00,10007,Test product 8 (seasonal),Drinks,SALE,29,7.86,5.5,7
2026-05-19 16:00,10015,Test product 16 (declining),Drinks,SALE,2,10.3,7.21,7
2026-05-19 16:00,10029,Test product 30 (lumpy),Snacks,SALE,6,9.55,6.69,7
2026-05-20 08:00,10037,Test product 38 (seasonal),Snacks,SALE,3,4.46,3.12,7
2026-05-20 13:00,10033,Test product 34 (declining),Snacks,SALE,23,0.94,0.66,7
2026-05-20 14:00,10008,Test product 9 (growing),Stationery,SALE,4,4.89,3.42,7
2026-05-20 15:00,10015,Test product 16 (declining),Drinks,SALE,1,10.3,7.21,7
2026-05-20 15:00,10025,Test product 26 (seasonal),Snacks,SALE,5,6.65,4.66,7
2026-05-20 16:00,10003,Test product 4 (declining),Drinks,SALE,4,6.94,4.86,7
2026-05-20 16:00,10009,Test product 10 (declining),Snacks,SALE,5,7.37,5.16,7
2026-05-20 17:00,10009,Test product 10 (declining),Snacks,SALE,6,7.37,5.16,7
2026-05-20 17:00,10026,Test product 27 (growing),Household,SALE,9,7.9,5.53,7
2026-05-21 08:00,10019,Test product 20 (seasonal),Drinks,SALE,7,9.26,6.48,7
2026-05-21 08:00,10025,Test product 26 (seasonal),Snacks,SALE,7,6.65,4.66,7
2026-05-21 08:00,10030,Test product 31 (smooth),Household,SALE,12,6.94,4.86,7
2026-05-21 09:00,10030,Test product 31 (smooth),Household,SALE,14,6.94,4.86,7
2026-05-21 12:00,10003,Test product 4 (declining),Drinks,SALE,7,6.94,4.86,7
2026-05-21 14:00,10019,Test product 20 (seasonal),Drinks,SALE,6,9.26,6.48,7
2026-05-21 16:00,10002,Test product 3 (growing),Household,SALE,12,3.2,2.24,7
2026-05-22 08:00,10024,Test product 25 (smooth),Stationery,SALE,28,5.15,3.6,7
2026-05-22 10:00,10001,Test product 2 (seasonal),Snacks,SALE,11,3.68,2.58,7
2026-05-22 10:00,10008,Test product 9 (growing),Stationery,SALE,3,4.89,3.42,7
2026-05-22 10:00,10027,Test product 28 (declining),Drinks,SALE,1,4.32,3.02,7
2026-05-22 11:00,10008,Test product 9 (growing),Stationery,SALE,4,4.89,3.42,7
2026-05-22 11:00,10038,Test product 39 (growing),Household,SALE,26,3.82,2.67,7
2026-05-22 12:00,10001,Test product 2 (seasonal),Snacks,SALE,7,3.68,2.58,7
2026-05-22 13:00,10020,Test product 21 (growing),Stationery,SALE,12,8.66,6.06,7
2026-05-22 14:00,10014,Test product 15 (growing),Household,SALE,24,5.58,3.91,7
2026-05-22 15:00,10006,Test product 7 (smooth),Household,SALE,10,2.37,1.66,7
2026-05-22 15:00,10013,Test product 14 (seasonal),Snacks,SALE,27,6.02,4.21,7
2026-05-22 16:00,10026,Test product 27 (growing),Household,SALE,9,7.9,5.53,7
2026-05-22 17:00,10018,Test product 19 (smooth),Household,SALE,4,3.32,2.32,7
2026-05-23 09:00,10029,Test product 30 (lumpy),Snacks,SALE,18,9.55,6.69,7
2026-05-23 09:00,10032,Test product 33 (growing),Stationery,SALE,24,5.47,3.83,7
2026-05-23 10:00,10021,Test product 22 (declining),Snacks,SALE,7,9.47,6.63,7
2026-05-23 12:00,10020,Test product 21 (growing),Stationery,SALE,12,8.66,6.06,7
2026-05-23 12:00,10020,Test product 21 (growing),Stationery,SALE,14,8.66,6.06,7
2026-05-23 12:00,10031,Test product 32 (seasonal),Drinks,SALE,9,7.4,5.18,7
2026-05-23 14:00,10037,Test product 38 (seasonal),Snacks,SALE,6,4.46,3.12,7
2026-05-23 17:00,10003,Test product 4 (declining),Drinks,SALE,7,6.94,4.86,7
2026-05-23 17:00,10006,Test product 7 (smooth),Household,SALE,6,2.37,1.66,7
2026-05-25 00:00,10001,Test product 2 (seasonal),Snacks,RESTOCK,119,2.58,2.58,7
2026-05-25 00:00,10002,Test product 3 (growing),Household,RESTOCK,90,2.24,2.24,7
2026-05-25 00:00,10003,Test product 4 (declining),Drinks,RESTOCK,130,4.86,4.86,7
2026-05-25 00:00,10004,Test product 5 (intermittent),Stationery,RESTOCK,7,2.28,2.28,7
2026-05-25 00:00,10006,Test product 7 (smooth),Household,RESTOCK,129,1.66,1.66,7
2026-05-25 00:00,10007,Test product 8 (seasonal),Drinks,RESTOCK,148,5.5,5.5,7
2026-05-25 00:00,10008,Test product 9 (growing),Stationery,RESTOCK,41,3.42,3.42,7
2026-05-25 00:00,10009,Test product 10 (declining),Snacks,RESTOCK,93,5.16,5.16,7
2026-05-25 00:00,10011,Test product 12 (lumpy),Drinks,RESTOCK,32,1.7,1.7,7
2026-05-25 00:00,10012,Test product 13 (smooth),Stationery,RESTOCK,94,5.77,5.77,7
2026-05-25 00:00,10013,Test product 14 (seasonal),Snacks,RESTOCK,169,4.21,4.21,7
2026-05-25 00:00,10014,Test product 15 (growing),Household,RESTOCK,57,3.91,3.91,7
2026-05-25 00:00,10016,Test product 17 (intermittent),Stationery,RESTOCK,9,2.47,2.47,7
2026-05-25 00:00,10017,Test product 18 (lumpy),Snacks,RESTOCK,38,0.69,0.69,7
2026-05-25 00:00,10018,Test product 19 (smooth),Household,RESTOCK,75,2.32,2.32,7
2026-05-25 00:00,10019,Test product 20 (seasonal),Drinks,RESTOCK,86,6.48,6.48,7
2026-05-25 00:00,10021,Test product 22 (declining),Snacks,RESTOCK,100,6.63,6.63,7
2026-05-25 00:00,10022,Test product 23 (intermittent),Household,RESTOCK,8,7.14,7.14,7
2026-05-25 00:00,10023,Test product 24 (lumpy),Drinks,RESTOCK,19,2.75,2.75,7
2026-05-25 00:00,10024,Test product 25 (smooth),Stationery,RESTOCK,124,3.6,3.6,7
2026-05-25 00:00,10025,Test product 26 (seasonal),Snacks,RESTOCK,116,4.66,4.66,7
2026-05-25 00:00,10026,Test product 27 (growing),Household,RESTOCK,52,5.53,5.53,7
2026-05-25 00:00,10027,Test product 28 (declining),Drinks,RESTOCK,89,3.02,3.02,7
2026-05-25 00:00,10028,Test product 29 (intermittent),Stationery,RESTOCK,7,3.79,3.79,7
2026-05-25 00:00,10029,Test product 30 (lumpy),Snacks,RESTOCK,20,6.69,6.69,7
2026-05-25 00:00,10030,Test product 31 (smooth),Household,RESTOCK,97,4.86,4.86,7
2026-05-25 00:00,10031,Test product 32 (seasonal),Drinks,RESTOCK,58,5.18,5.18,7
2026-05-25 00:00,10032,Test product 33 (growing),Stationery,RESTOCK,130,3.83,3.83,7
2026-05-25 00:00,10033,Test product 34 (declining),Snacks,RESTOCK,133,0.66,0.66,7
2026-05-25 00:00,10034,Test product 35 (intermittent),Household,RESTOCK,6,1.11,1.11,7
2026-05-25 00:00,10036,Test product 37 (smooth),Stationery,RESTOCK,115,1.97,1.97,7
2026-05-25 00:00,10037,Test product 38 (seasonal),Snacks,RESTOCK,78,3.12,3.12,7
2026-05-25 00:00,10038,Test product 39 (growing),Household,RESTOCK,183,2.67,2.67,7
2026-05-25 00:00,10039,Test product 40 (declining),Drinks,RESTOCK,33,0.52,0.52,7
2026-05-25 08:00,10015,Test product 16 (declining),Drinks,SALE,6,10.3,7.21,7
2026-05-25 08:00,10021,Test product 22 (declining),Snacks,SALE,2,9.47,6.63,7
2026-05-25 09:00,10037,Test product 38 (seasonal),Snacks,SALE,6,4.46,3.12,7
2026-05-25 13:00,10025,Test product 26 (seasonal),Snacks,SALE,14,6.65,4.66,7
2026-05-25 15:00,10009,Test product 10 (declining),Snacks,SALE,8,7.37,5.16,7
2026-05-25 15:00,10026,Test product 27 (growing),Household,SALE,13,7.9,5.53,7
2026-05-25 15:00,10036,Test product 37 (smooth),Stationery,SALE,13,2.81,1.97,7
2026-05-25 16:00,10028,Test product 29 (intermittent),Stationery,SALE,2,5.41,3.79,7
2026-05-26 10:00,10002,Test product 3 (growing),Household,SALE,12,3.2,2.24,7
2026-05-26 10:00,10019,Test product 20 (seasonal),Drinks,SALE,13,9.26,6.48,7
2026-05-26 10:00,10032,Test product 33 (growing),Stationery,SALE,18,5.47,3.83,7
2026-05-26 11:00,10023,Test product 24 (lumpy),Drinks,SALE,15,3.93,2.75,7
2026-05-26 12:00,10014,Test product 15 (growing),Household,SALE,4,5.58,3.91,7
2026-05-26 12:00,10023,Test product 24 (lumpy),Drinks,SALE,12,3.93,2.75,7
2026-05-26 13:00,10014,Test product 15 (growing),Household,SALE,8,5.58,3.91,7
2026-05-26 15:00,10013,Test product 14 (seasonal),Snacks,SALE,5,6.02,4.21,7
2026-05-26 16:00,10020,Test product 21 (growing),Stationery,SALE,22,8.66,6.06,7
2026-05-26 16:00,10038,Test product 39 (growing),Household,SALE,57,3.82,2.67,7
2026-05-26 17:00,10030,Test product 31 (smooth),Household,SALE,36,6.94,4.86,7
2026-05-27 08:00,10008,Test product 9 (growing),Stationery,SALE,14,4.89,3.42,7
2026-05-27 09:00,10033,Test product 34 (declining),Snacks,SALE,8,0.94,0.66,7
2026-05-27 10:00,10039,Test product 40 (declining),Drinks,SALE,2,0.75,0.52,7
2026-05-27 11:00,10031,Test product 32 (seasonal),Drinks,SALE,5,7.4,5.18,7
2026-05-27 12:00,10028,Test product 29 (intermittent),Stationery,SALE,1,5.41,3.79,7
2026-05-27 13:00,10003,Test product 4 (declining),Drinks,SALE,13,6.94,4.86,7
2026-05-27 13:00,10027,Test product 28 (declining),Drinks,SALE,3,4.32,3.02,7
2026-05-27 14:00,10002,Test product 3 (growing),Household,SALE,11,3.2,2.24,7
2026-05-27 16:00,10021,Test product 22 (declining),Snacks,SALE,11,9.47,6.63,7
2026-05-27 16:00,10031,Test product 32 (seasonal),Drinks,SALE,4,7.4,5.18,7
2026-05-28 08:00,10033,Test product 34 (declining),Snacks,SALE,12,0.94,0.66,7
2026-05-28 08:00,10037,Test product 38 (seasonal),Snacks,SALE,3,4.46,3.12,7
2026-05-28 09:00,10007,Test product 8 (seasonal),Drinks,SALE,14,7.86,5.5,7
2026-05-28 10:00,10024,Test product 25 (smooth),Stationery,SALE,30,5.15,3.6,7
2026-05-28 11:00,10032,Test product 33 (growing),Stationery,SALE,24,5.47,3.83,7
2026-05-28 12:00,10013,Test product 14 (seasonal),Snacks,SALE,7,6.02,4.21,7
2026-05-28 15:00,10003,Test product 4 (declining),Drinks,SALE,12,6.94,4.86,7
2026-05-28 15:00,10014,Test product 15 (growing),Household,SALE,7,5.58,3.91,7
2026-05-28 16:00,10018,Test product 19 (smooth),Household,SALE,21,3.32,2.32,7
2026-05-28 16:00,10026,Test product 27 (growing),Household,SALE,10,7.9,5.53,7
2026-05-28 16:00,10031,Test product 32 (seasonal),Drinks,SALE,4,7.4,5.18,7
2026-05-28 17:00,10020,Test product 21 (growing),Stationery,SALE,15,8.66,6.06,7
2026-05-29 09:00,10000,Test product 1 (smooth),Stationery,SALE,21,8.26,5.78,7
2026-05-29 09:00,10027,Test product 28 (declining),Drinks,SALE,2,4.32,3.02,7
2026-05-29 10:00,10007,Test product 8 (seasonal),Drinks,SALE,6,7.86,5.5,7
2026-05-29 12:00,10036,Test product 37 (smooth),Stationery,SALE,9,2.81,1.97,7
2026-05-29 14:00,10001,Test product 2 (seasonal),Snacks,SALE,15,3.68,2.58,7
2026-05-29 14:00,10002,Test product 3 (growing),Household,SALE,9,3.2,2.24,7
2026-05-29 15:00,10006,Test product 7 (smooth),Household,SALE,21,2.37,1.66,7
2026-05-29 16:00,10012,Test product 13 (smooth),Stationery,SALE,7,8.25,5.77,7
2026-05-29 16:00,10012,Test product 13 (smooth),Stationery,SALE,10,8.25,5.77,7
2026-05-29 17:00,10013,Test product 14 (seasonal),Snacks,SALE,10,6.02,4.21,7
2026-05-30 11:00,10037,Test product 38 (seasonal),Snacks,SALE,7,4.46,3.12,7
2026-05-30 13:00,10027,Test product 28 (declining),Drinks,SALE,4,4.32,3.02,7
2026-05-30 15:00,10039,Test product 40 (declining),Drinks,SALE,1,0.75,0.52,7
2026-05-30 16:00,10020,Test product 21 (growing),Stationery,SALE,19,8.66,6.06,7
2026-05-30 17:00,10034,Test product 35 (intermittent),Household,SALE,3,1.59,1.11,7
2026-06-01 00:00,10010,Test product 11 (intermittent),Household,RESTOCK,7,7.35,7.35,7
2026-06-01 10:00,10033,Test product 34 (declining),Snacks,SALE,19,0.94,0.66,7
2026-06-01 11:00,10032,Test product 33 (growing),Stationery,SALE,50,5.47,3.83,7
2026-06-01 12:00,10007,Test product 8 (seasonal),Drinks,SALE,21,7.86,5.5,7
2026-06-01 12:00,10013,Test product 14 (seasonal),Snacks,SALE,73,6.02,4.21,7
2026-06-01 13:00,10011,Test product 12 (lumpy),Drinks,SALE,33,2.43,1.7,7
2026-06-02 09:00,10014,Test product 15 (growing),Household,SALE,12,5.58,3.91,7
2026-06-02 10:00,10001,Test product 2 (seasonal),Snacks,SALE,11,3.68,2.58,7
2026-06-02 12:00,10024,Test product 25 (smooth),Stationery,SALE,10,5.15,3.6,7
2026-06-02 12:00,10031,Test product 32 (seasonal),Drinks,SALE,7,7.4,5.18,7
2026-06-02 13:00,10006,Test product 7 (smooth),Household,SALE,15,2.37,1.66,7
2026-06-02 13:00,10009,Test product 10 (declining),Snacks,SALE,6,7.37,5.16,7
2026-06-02 13:00,10019,Test product 20 (seasonal),Drinks,SALE,5,9.26,6.48,7
2026-06-02 14:00,10012,Test product 13 (smooth),Stationery,SALE,28,8.25,5.77,7
2026-06-02 16:00,10020,Test product 21 (growing),Stationery,SALE,46,8.66,6.06,7
2026-06-02 16:00,10036,Test product 37 (smooth),Stationery,SALE,8,2.81,1.97,7
2026-06-03 08:00,10038,Test product 39 (growing),Household,SALE,65,3.82,2.67,7
2026-06-03 09:00,10006,Test product 7 (smooth),Household,SALE,13,2.37,1.66,7
2026-06-03 09:00,10015,Test product 16 (declining),Drinks,SALE,3,10.3,7.21,7
2026-06-03 11:00,10001,Test product 2 (seasonal),Snacks,SALE,7,3.68,2.58,7
2026-06-03 12:00,10024,Test product 25 (smooth),Stationery,SALE,6,5.15,3.6,7
2026-06-03 13:00,10039,Test product 40 (declining),Drinks,SALE,1,0.75,0.52,7
2026-06-03 14:00,10018,Test product 19 (smooth),Household,SALE,9,3.32,2.32,7
2026-06-03 14:00,10037,Test product 38 (seasonal),Snacks,SALE,5,4.46,3.12,7
2026-06-03 16:00,10005,Test product 6 (lumpy),Snacks,SALE,9,9.38,6.57,7
2026-06-03 17:00,10025,Test product 26 (seasonal),Snacks,SALE,13,6.65,4.66,7
2026-06-04 09:00,10019,Test product 20 (seasonal),Drinks,SALE,9,9.26,6.48,7
2026-06-04 12:00,10008,Test product 9 (growing),Stationery,SALE,6,4.89,3.42,7
2026-06-04 12:00,10013,Test product 14 (seasonal),Snacks,SALE,65,6.02,4.21,7
2026-06-04 12:00,10014,Test product 15 (growing),Household,SALE,8,5.58,3.91,7
2026-06-04 13:00,10008,Test product 9 (growing),Stationery,SALE,8,4.89,3.42,7
2026-06-04 13:00,10022,Test product 23 (intermittent),Household,SALE,2,10.2,7.14,7
2026-06-04 14:00,10010,Test product 11 (intermittent),Household,SALE,6,10.5,7.35,7
2026-06-04 14:00,10024,Test product 25 (smooth),Stationery,SALE,9,5.15,3.6,7
2026-06-04 15:00,10015,Test product 16 (declining),Drinks,SALE,7,10.3,7.21,7
2026-06-04 15:00,10037,Test product 38 (seasonal),Snacks,SALE,5,4.46,3.12,7
2026-06-04 15:00,10039,Test product 40 (declining),Drinks,SALE,1,0.75,0.52,7
2026-06-04 16:00,10002,Test product 3 (growing),Household,SALE,42,3.2,2.24,7
2026-06-04 17:00,10000,Test product 1 (smooth),Stationery,SALE,11,8.26,5.78,7
2026-06-05 08:00,10022,Test product 23 (intermittent),Household,SALE,3,10.2,7.14,7
2026-06-05 09:00,10027,Test product 28 (declining),Drinks,SALE,3,4.32,3.02,7
2026-06-05 10:00,10026,Test product 27 (growing),Household,SALE,22,7.9,5.53,7
2026-06-05 10:00,10030,Test product 31 (smooth),Household,SALE,40,6.94,4.86,7
2026-06-05 11:00,10021,Test product 22 (declining),Snacks,SALE,15,9.47,6.63,7
2026-06-05 13:00,10025,Test product 26 (seasonal),Snacks,SALE,9,6.65,4.66,7
2026-06-05 16:00,10019,Test product 20 (seasonal),Drinks,SALE,8,9.26,6.48,7
2026-06-06 08:00,10003,Test product 4 (declining),Drinks,SALE,15,6.94,4.86,7
2026-06-06 08:00,10009,Test product 10 (declining),Snacks,SALE,4,7.37,5.16,7
2026-06-06 10:00,10000,Test product 1 (smooth),Stationery,SALE,12,8.26,5.78,7
2026-06-06 10:00,10018,Test product 19 (smooth),Household,SALE,9,3.32,2.32,7
2026-06-06 12:00,10022,Test product 23 (intermittent),Household,SALE,1,10.2,7.14,7
2026-06-06 13:00,10014,Test product 15 (growing),Household,SALE,9,5.58,3.91,7
2026-06-06 13:00,10036,Test product 37 (smooth),Stationery,SALE,8,2.81,1.97,7
2026-06-06 14:00,10036,Test product 37 (smooth),Stationery,SALE,6,2.81,1.97,7
2026-06-06 15:00,10027,Test product 28 (declining),Drinks,SALE,8,4.32,3.02,7
2026-06-08 00:00,10005,Test product 6 (lumpy),Snacks,RESTOCK,42,6.57,6.57,7
2026-06-08 08:00,10004,Test product 5 (intermittent),Stationery,SALE,1,3.26,2.28,7
2026-06-08 08:00,10028,Test product 29 (intermittent),Stationery,SALE,5,5.41,3.79,7
2026-06-08 08:00,10037,Test product 38 (seasonal),Snacks,SALE,5,4.46,3.12,7
2026-06-08 09:00,10008,Test product 9 (growing),Stationery,SALE,9,4.89,3.42,7
2026-06-08 09:00,10009,Test product 10 (declining),Snacks,SALE,10,7.37,5.16,7
2026-06-08 09:00,10039,Test product 40 (declining),Drinks,SALE,3,0.75,0.52,7
2026-06-08 11:00,10024,Test product 25 (smooth),Stationery,SALE,13,5.15,3.6,7
2026-06-08 12:00,10013,Test product 14 (seasonal),Snacks,SALE,9,6.02,4.21,7
2026-06-08 12:00,10020,Test product 21 (growing),Stationery,SALE,42,8.66,6.06,7
2026-06-08 13:00,10027,Test product 28 (declining),Drinks,SALE,6,4.32,3.02,7
2026-06-08 15:00,10007,Test product 8 (seasonal),Drinks,SALE,3,7.86,5.5,7
2026-06-08 16:00,10007,Test product 8 (seasonal),Drinks,SALE,5,7.86,5.5,7
2026-06-09 08:00,10001,Test product 2 (seasonal),Snacks,SALE,16,3.68,2.58,7
2026-06-09 08:00,10017,Test product 18 (lumpy),Snacks,SALE,16,0.98,0.69,7
2026-06-09 09:00,10006,Test product 7 (smooth),Household,SALE,9,2.37,1.66,7
2026-06-09 10:00,10018,Test product 19 (smooth),Household,SALE,9,3.32,2.32,7
2026-06-09 13:00,10015,Test product 16 (declining),Drinks,SALE,2,10.3,7.21,7
2026-06-09 13:00,10021,Test product 22 (declining),Snacks,SALE,17,9.47,6.63,7
2026-06-09 15:00,10004,Test product 5 (intermittent),Stationery,SALE,3,3.26,2.28,7
2026-06-09 16:00,10003,Test product 4 (declining),Drinks,SALE,3,6.94,4.86,7
2026-06-09 16:00,10015,Test product 16 (declining),Drinks,SALE,1,10.3,7.21,7
2026-06-09 17:00,10019,Test product 20 (seasonal),Drinks,SALE,12,9.26,6.48,7
2026-06-10 08:00,10027,Test product 28 (declining),Drinks,SALE,8,4.32,3.02,7
2026-06-10 09:00,10013,Test product 14 (seasonal),Snacks,SALE,11,6.02,4.21,7
2026-06-10 10:00,10012,Test product 13 (smooth),Stationery,SALE,19,8.25,5.77,7
2026-06-10 13:00,10036,Test product 37 (smooth),Stationery,SALE,17,2.81,1.97,7
2026-06-10 14:00,10008,Test product 9 (growing),Stationery,SALE,5,4.89,3.42,7
2026-06-10 14:00,10024,Test product 25 (smooth),Stationery,SALE,7,5.15,3.6,7
2026-06-10 17:00,10000,Test product 1 (smooth),Stationery,SALE,10,8.26,5.78,7
2026-06-11 09:00,10002,Test product 3 (growing),Household,SALE,15,3.2,2.24,7
2026-06-11 10:00,10014,Test product 15 (growing),Household,SALE,5,5.58,3.91,7
2026-06-11 12:00,10027,Test product 28 (declining),Drinks,SALE,4,4.32,3.02,7
2026-06-11 12:00,10030,Test product 31 (smooth),Household,SALE,15,6.94,4.86,7
2026-06-11 13:00,10015,Test product 16 (declining),Drinks,SALE,2,10.3,7.21,7
2026-06-11 14:00,10032,Test product 33 (growing),Stationery,SALE,48,5.47,3.83,7
2026-06-11 15:00,10013,Test product 14 (seasonal),Snacks,SALE,11,6.02,4.21,7
2026-06-11 16:00,10000,Test product 1 (smooth),Stationery,SALE,13,8.26,5.78,7
2026-06-11 16:00,10012,Test product 13 (smooth),Stationery,SALE,16,8.25,5.77,7
2026-06-11 17:00,10003,Test product 4 (declining),Drinks,SALE,8,6.94,4.86,7
2026-06-11 17:00,10024,Test product 25 (smooth),Stationery,SALE,12,5.15,3.6,7
2026-06-12 08:00,10030,Test product 31 (smooth),Household,SALE,13,6.94,4.86,7
2026-06-12 10:00,10008,Test product 9 (growing),Stationery,SALE,5,4.89,3.42,7
2026-06-12 10:00,10026,Test product 27 (growing),Household,SALE,16,7.9,5.53,7
2026-06-12 10:00,10033,Test product 34 (declining),Snacks,SALE,9,0.94,0.66,7
2026-06-12 10:00,10033,Test product 34 (declining),Snacks,SALE,8,0.94,0.66,7
2026-06-12 11:00,10018,Test product 19 (smooth),Household,SALE,5,3.32,2.32,7
2026-06-12 11:00,10038,Test product 39 (growing),Household,SALE,18,3.82,2.67,7
2026-06-12 13:00,10016,Test product 17 (intermittent),Stationery,SALE,4,3.53,2.47,7
2026-06-12 13:00,10031,Test product 32 (seasonal),Drinks,SALE,4,7.4,5.18,7
2026-06-12 14:00,10036,Test product 37 (smooth),Stationery,SALE,8,2.81,1.97,7
2026-06-12 16:00,10037,Test product 38 (seasonal),Snacks,SALE,5,4.46,3.12,7
2026-06-13 08:00,10000,Test product 1 (smooth),Stationery,SALE,9,8.26,5.78,7
2026-06-13 09:00,10002,Test product 3 (growing),Household,SALE,17,3.2,2.24,7
2026-06-13 09:00,10009,Test product 10 (declining),Snacks,SALE,5,7.37,5.16,7
2026-06-13 11:00,10031,Test product 32 (seasonal),Drinks,SALE,4,7.4,5.18,7
2026-06-13 11:00,10038,Test product 39 (growing),Household,SALE,22,3.82,2.67,7
2026-06-13 11:00,10038,Test product 39 (growing),Household,SALE,17,3.82,2.67,7
2026-06-13 12:00,10025,Test product 26 (seasonal),Snacks,SALE,10,6.65,4.66,7
2026-06-13 13:00,10017,Test product 18 (lumpy),Snacks,SALE,21,0.98,0.69,7
2026-06-13 14:00,10003,Test product 4 (declining),Drinks,SALE,4,6.94,4.86,7
2026-06-13 15:00,10007,Test product 8 (seasonal),Drinks,SALE,7,7.86,5.5,7
2026-06-13 15:00,10014,Test product 15 (growing),Household,SALE,11,5.58,3.91,7
2026-06-13 17:00,10006,Test product 7 (smooth),Household,SALE,12,2.37,1.66,7
2026-06-13 17:00,10018,Test product 19 (smooth),Household,SALE,5,3.32,2.32,7
2026-06-15 00:00,10000,Test product 1 (smooth),Stationery,RESTOCK,99,5.78,5.78,7
2026-06-15 00:00,10015,Test product 16 (declining),Drinks,RESTOCK,46,7.21,7.21,7
2026-06-15 00:00,10020,Test product 21 (growing),Stationery,RESTOCK,153,6.06,6.06,7
2026-06-15 00:00,10035,Test product 36 (lumpy),Drinks,RESTOCK,29,5.68,5.68,7
2026-06-15 08:00,10015,Test product 16 (declining),Drinks,SALE,6,10.3,7.21,7
2026-06-15 09:00,10001,Test product 2 (seasonal),Snacks,SALE,8,3.68,2.58,7
2026-06-15 10:00,10007,Test product 8 (seasonal),Drinks,SALE,7,7.86,5.5,7
2026-06-15 10:00,10024,Test product 25 (smooth),Stationery,SALE,21,5.15,3.6,7
2026-06-15 11:00,10016,Test product 17 (intermittent),Stationery,SALE,2,3.53,2.47,7
2026-06-15 11:00,10032,Test product 33 (growing),Stationery,SALE,9,5.47,3.83,7
2026-06-15 11:00,10039,Test product 40 (declining),Drinks,SALE,1,0.75,0.52,7
2026-06-15 14:00,10000,Test product 1 (smooth),Stationery,SALE,21,8.26,5.78,7
2026-06-15 14:00,10008,Test product 9 (growing),Stationery,SALE,8,4.89,3.42,7
2026-06-15 15:00,10016,Test product 17 (intermittent),Stationery,SALE,2,3.53,2.47,7
2026-06-15 16:00,10016,Test product 17 (intermittent),Stationery,SALE,2,3.53,2.47,7
2026-06-15 16:00,10036,Test product 37 (smooth),Stationery,SALE,16,2.81,1.97,7
2026-06-15 17:00,10013,Test product 14 (seasonal),Snacks,SALE,4,6.02,4.21,7
2026-06-15 17:00,10032,Test product 33 (growing),Stationery,SALE,15,5.47,3.83,7
2026-06-16 09:00,10023,Test product 24 (lumpy),Drinks,SALE,7,3.93,2.75,7
2026-06-16 09:00,10038,Test product 39 (growing),Household,SALE,27,3.82,2.67,7
2026-06-16 10:00,10019,Test product 20 (seasonal),Drinks,SALE,4,9.26,6.48,7
2026-06-16 10:00,10021,Test product 22 (declining),Snacks,SALE,6,9.47,6.63,7
2026-06-16 11:00,10007,Test product 8 (seasonal),Drinks,SALE,4,7.86,5.5,7
2026-06-16 11:00,10008,Test product 9 (growing),Stationery,SALE,5,4.89,3.42,7
2026-06-16 11:00,10010,Test product 11 (intermittent),Household,SALE,5,10.5,7.35,7
2026-06-16 11:00,10021,Test product 22 (declining),Snacks,SALE,7,9.47,6.63,7
2026-06-16 12:00,10009,Test product 10 (declining),Snacks,SALE,7,7.37,5.16,7
2026-06-16 12:00,10013,Test product 14 (seasonal),Snacks,SALE,5,6.02,4.21,7
2026-06-16 13:00,10006,Test product 7 (smooth),Household,SALE,12,2.37,1.66,7
2026-06-16 14:00,10034,Test product 35 (intermittent),Household,SALE,2,1.59,1.11,7
2026-06-16 14:00,10039,Test product 40 (declining),Drinks,SALE,2,0.75,0.52,7
2026-06-16 15:00,10039,Test product 40 (declining),Drinks,SALE,1,0.75,0.52,7
2026-06-16 17:00,10008,Test product 9 (growing),Stationery,SALE,7,4.89,3.42,7
2026-06-17 08:00,10019,Test product 20 (seasonal),Drinks,SALE,7,9.26,6.48,7
2026-06-17 10:00,10014,Test product 15 (growing),Household,SALE,13,5.58,3.91,7
2026-06-17 10:00,10022,Test product 23 (intermittent),Household,SALE,1,10.2,7.14,7
2026-06-17 14:00,10003,Test product 4 (declining),Drinks,SALE,16,6.94,4.86,7
2026-06-17 14:00,10027,Test product 28 (declining),Drinks,SALE,3,4.32,3.02,7
2026-06-17 15:00,10036,Test product 37 (smooth),Stationery,SALE,13,2.81,1.97,7
2026-06-17 16:00,10019,Test product 20 (seasonal),Drinks,SALE,5,9.26,6.48,7
2026-06-17 16:00,10023,Test product 24 (lumpy),Drinks,SALE,7,3.93,2.75,7
2026-06-17 17:00,10026,Test product 27 (growing),Household,SALE,22,7.9,5.53,7
2026-06-17 17:00,10033,Test product 34 (declining),Snacks,SALE,14,0.94,0.66,7
2026-06-18 08:00,10031,Test product 32 (seasonal),Drinks,SALE,7,7.4,5.18,7
2026-06-18 11:00,10034,Test product 35 (intermittent),Household,SALE,1,1.59,1.11,7
2026-06-18 14:00,10006,Test product 7 (smooth),Household,SALE,9,2.37,1.66,7
2026-06-18 14:00,10012,Test product 13 (smooth),Stationery,SALE,7,8.25,5.77,7
2026-06-18 16:00,10030,Test product 31 (smooth),Household,SALE,28,6.94,4.86,7
2026-06-18 16:00,10038,Test product 39 (growing),Household,SALE,36,3.82,2.67,7
2026-06-19 08:00,10012,Test product 13 (smooth),Stationery,SALE,5,8.25,5.77,7
2026-06-19 09:00,10007,Test product 8 (seasonal),Drinks,SALE,7,7.86,5.5,7
2026-06-19 10:00,10032,Test product 33 (growing),Stationery,SALE,9,5.47,3.83,7
2026-06-19 11:00,10006,Test product 7 (smooth),Household,SALE,14,2.37,1.66,7
2026-06-19 11:00,10018,Test product 19 (smooth),Household,SALE,11,3.32,2.32,7
2026-06-19 11:00,10025,Test product 26 (seasonal),Snacks,SALE,4,6.65,4.66,7
2026-06-19 11:00,10027,Test product 28 (declining),Drinks,SALE,5,4.32,3.02,7
2026-06-19 12:00,10034,Test product 35 (intermittent),Household,SALE,2,1.59,1.11,7
2026-06-19 12:00,10037,Test product 38 (seasonal),Snacks,SALE,18,4.46,3.12,7
2026-06-19 13:00,10012,Test product 13 (smooth),Stationery,SALE,6,8.25,5.77,7
2026-06-19 14:00,10022,Test product 23 (intermittent),Household,SALE,5,10.2,7.14,7
2026-06-19 17:00,10018,Test product 19 (smooth),Household,SALE,8,3.32,2.32,7
2026-06-20 09:00,10024,Test product 25 (smooth),Stationery,SALE,16,5.15,3.6,7
2026-06-20 09:00,10029,Test product 30 (lumpy),Snacks,SALE,56,9.55,6.69,7
2026-06-20 10:00,10002,Test product 3 (growing),Household,SALE,9,3.2,2.24,7
2026-06-20 10:00,10013,Test product 14 (seasonal),Snacks,SALE,11,6.02,4.21,7
2026-06-20 11:00,10004,Test product 5 (intermittent),Stationery,SALE,1,3.26,2.28,7
2026-06-20 12:00,10023,Test product 24 (lumpy),Drinks,SALE,2,3.93,2.75,7
2026-06-20 14:00,10001,Test product 2 (seasonal),Snacks,SALE,14,3.68,2.58,7
2026-06-20 14:00,10004,Test product 5 (intermittent),Stationery,SALE,1,3.26,2.28,7
2026-06-20 15:00,10002,Test product 3 (growing),Household,SALE,5,3.2,2.24,7
2026-06-20 15:00,10025,Test product 26 (seasonal),Snacks,SALE,8,6.65,4.66,7
2026-06-20 16:00,10002,Test product 3 (growing),Household,SALE,10,3.2,2.24,7
2026-06-20 17:00,10020,Test product 21 (growing),Stationery,SALE,49,8.66,6.06,7
2026-06-22 00:00,10001,Test product 2 (seasonal),Snacks,RESTOCK,93,2.58,2.58,7
2026-06-22 00:00,10002,Test product 3 (growing),Household,RESTOCK,87,2.24,2.24,7
2026-06-22 00:00,10003,Test product 4 (declining),Drinks,RESTOCK,128,4.86,4.86,7
2026-06-22 00:00,10004,Test product 5 (intermittent),Stationery,RESTOCK,7,2.28,2.28,7
2026-06-22 00:00,10006,Test product 7 (smooth),Household,RESTOCK,120,1.66,1.66,7
2026-06-22 00:00,10007,Test product 8 (seasonal),Drinks,RESTOCK,114,5.5,5.5,7
2026-06-22 00:00,10008,Test product 9 (growing),Stationery,RESTOCK,39,3.42,3.42,7
2026-06-22 00:00,10009,Test product 10 (declining),Snacks,RESTOCK,78,5.16,5.16,7
2026-06-22 00:00,10011,Test product 12 (lumpy),Drinks,RESTOCK,34,1.7,1.7,7
2026-06-22 00:00,10012,Test product 13 (smooth),Stationery,RESTOCK,107,5.77,5.77,7
2026-06-22 00:00,10013,Test product 14 (seasonal),Snacks,RESTOCK,126,4.21,4.21,7
2026-06-22 00:00,10014,Test product 15 (growing),Household,RESTOCK,58,3.91,3.91,7
2026-06-22 00:00,10016,Test product 17 (intermittent),Stationery,RESTOCK,9,2.47,2.47,7
2026-06-22 00:00,10017,Test product 18 (lumpy),Snacks,RESTOCK,36,0.69,0.69,7
2026-06-22 00:00,10018,Test product 19 (smooth),Household,RESTOCK,77,2.32,2.32,7
2026-06-22 00:00,10019,Test product 20 (seasonal),Drinks,RESTOCK,98,6.48,6.48,7
2026-06-22 00:00,10021,Test product 22 (declining),Snacks,RESTOCK,112,6.63,6.63,7
2026-06-22 00:00,10022,Test product 23 (intermittent),Household,RESTOCK,9,7.14,7.14,7
2026-06-22 00:00,10023,Test product 24 (lumpy),Drinks,RESTOCK,23,2.75,2.75,7
2026-06-22 00:00,10024,Test product 25 (smooth),Stationery,RESTOCK,143,3.6,3.6,7
2026-06-22 00:00,10025,Test product 26 (seasonal),Snacks,RESTOCK,119,4.66,4.66,7
2026-06-22 00:00,10026,Test product 27 (growing),Household,RESTOCK,55,5.53,5.53,7
2026-06-22 00:00,10027,Test product 28 (declining),Drinks,RESTOCK,108,3.02,3.02,7
2026-06-22 00:00,10028,Test product 29 (intermittent),Stationery,RESTOCK,7,3.79,3.79,7
2026-06-22 00:00,10029,Test product 30 (lumpy),Snacks,RESTOCK,21,6.69,6.69,7
2026-06-22 00:00,10030,Test product 31 (smooth),Household,RESTOCK,106,4.86,4.86,7
2026-06-22 00:00,10031,Test product 32 (seasonal),Drinks,RESTOCK,58,5.18,5.18,7
2026-06-22 00:00,10032,Test product 33 (growing),Stationery,RESTOCK,146,3.83,3.83,7
2026-06-22 00:00,10033,Test product 34 (declining),Snacks,RESTOCK,158,0.66,0.66,7
2026-06-22 00:00,10034,Test product 35 (intermittent),Household,RESTOCK,7,1.11,1.11,7
2026-06-22 00:00,10036,Test product 37 (smooth),Stationery,RESTOCK,100,1.97,1.97,7
2026-06-22 00:00,10037,Test product 38 (seasonal),Snacks,RESTOCK,78,3.12,3.12,7
2026-06-22 00:00,10038,Test product 39 (growing),Household,RESTOCK,173,2.67,2.67,7
2026-06-22 00:00,10039,Test product 40 (declining),Drinks,RESTOCK,35,0.52,0.52,7
2026-06-22 08:00,10003,Test product 4 (declining),Drinks,SALE,17,6.94,4.86,7
2026-06-22 09:00,10028,Test product 29 (intermittent),Stationery,SALE,2,5.41,3.79,7
2026-06-22 10:00,10000,Test product 1 (smooth),Stationery,SALE,16,8.26,5.78,7
2026-06-22 10:00,10014,Test product 15 (growing),Household,SALE,6,5.58,3.91,7
2026-06-22 11:00,10012,Test product 13 (smooth),Stationery,SALE,54,8.25,5.77,7
2026-06-22 12:00,10031,Test product 32 (seasonal),Drinks,SALE,3,7.4,5.18,7
2026-06-22 14:00,10030,Test product 31 (smooth),Household,SALE,11,6.94,4.86,7
2026-06-22 15:00,10013,Test product 14 (seasonal),Snacks,SALE,8,6.02,4.21,7
2026-06-22 15:00,10019,Test product 20 (seasonal),Drinks,SALE,6,9.26,6.48,7
2026-06-22 16:00,10027,Test product 28 (declining),Drinks,SALE,13,4.32,3.02,7
2026-06-22 17:00,10019,Test product 20 (seasonal),Drinks,SALE,6,9.26,6.48,7
2026-06-22 17:00,10036,Test product 37 (smooth),Stationery,SALE,9,2.81,1.97,7
2026-06-22 17:00,10037,Test product 38 (seasonal),Snacks,SALE,2,4.46,3.12,7
2026-06-23 08:00,10017,Test product 18 (lumpy),Snacks,SALE,27,0.98,0.69,7
2026-06-23 14:00,10006,Test product 7 (smooth),Household,SALE,11,2.37,1.66,7
2026-06-23 15:00,10009,Test product 10 (declining),Snacks,SALE,4,7.37,5.16,7
2026-06-23 17:00,10009,Test product 10 (declining),Snacks,SALE,6,7.37,5.16,7
2026-06-24 09:00,10007,Test product 8 (seasonal),Drinks,SALE,7,7.86,5.5,7
2026-06-24 09:00,10015,Test product 16 (declining),Drinks,SALE,5,10.3,7.21,7
2026-06-24 09:00,10024,Test product 25 (smooth),Stationery,SALE,14,5.15,3.6,7
2026-06-24 10:00,10008,Test product 9 (growing),Stationery,SALE,3,4.89,3.42,7
2026-06-24 10:00,10014,Test product 15 (growing),Household,SALE,9,5.58,3.91,7
2026-06-24 12:00,10008,Test product 9 (growing),Stationery,SALE,12,4.89,3.42,7
2026-06-24 16:00,10008,Test product 9 (growing),Stationery,SALE,6,4.89,3.42,7
2026-06-24 16:00,10020,Test product 21 (growing),Stationery,SALE,12,8.66,6.06,7
2026-06-24 17:00,10021,Test product 22 (declining),Snacks,SALE,8,9.47,6.63,7
2026-06-25 08:00,10020,Test product 21 (growing),Stationery,SALE,16,8.66,6.06,7
2026-06-25 08:00,10038,Test product 39 (growing),Household,SALE,19,3.82,2.67,7
2026-06-25 09:00,10032,Test product 33 (growing),Stationery,SALE,47,5.47,3.83,7
2026-06-25 10:00,10006,Test product 7 (smooth),Household,SALE,6,2.37,1.66,7
2026-06-25 10:00,10006,Test product 7 (smooth),Household,SALE,8,2.37,1.66,7
2026-06-25 10:00,10014,Test product 15 (growing),Household,SALE,8,5.58,3.91,7
2026-06-25 11:00,10013,Test product 14 (seasonal),Snacks,SALE,6,6.02,4.21,7
2026-06-25 11:00,10039,Test product 40 (declining),Drinks,SALE,2,0.75,0.52,7
2026-06-25 13:00,10001,Test product 2 (seasonal),Snacks,SALE,5,3.68,2.58,7
2026-06-25 13:00,10001,Test product 2 (seasonal),Snacks,SALE,9,3.68,2.58,7
2026-06-25 13:00,10039,Test product 40 (declining),Drinks,SALE,1,0.75,0.52,7
2026-06-25 14:00,10020,Test product 21 (growing),Stationery,SALE,17,8.66,6.06,7
2026-06-25 15:00,10007,Test product 8 (seasonal),Drinks,SALE,5,7.86,5.5,7
2026-06-25 16:00,10018,Test product 19 (smooth),Household,SALE,14,3.32,2.32,7
2026-06-25 16:00,10021,Test product 22 (declining),Snacks,SALE,3,9.47,6.63,7
2026-06-25 16:00,10026,Test product 27 (growing),Household,SALE,21,7.9,5.53,7
2026-06-25 16:00,10033,Test product 34 (declining),Snacks,SALE,6,0.94,0.66,7
2026-06-25 17:00,10018,Test product 19 (smooth),Household,SALE,6,3.32,2.32,7
2026-06-25 17:00,10030,Test product 31 (smooth),Household,SALE,11,6.94,4.86,7
2026-06-26 08:00,10012,Test product 13 (smooth),Stationery,SALE,62,8.25,5.77,7
2026-06-26 08:00,10036,Test product 37 (smooth),Stationery,SALE,10,2.81,1.97,7
2026-06-26 08:00,10038,Test product 39 (growing),Household,SALE,15,3.82,2.67,7
2026-06-26 09:00,10007,Test product 8 (seasonal),Drinks,SALE,8,7.86,5.5,7
2026-06-26 09:00,10012,Test product 13 (smooth),Stationery,SALE,64,8.25,5.77,7
2026-06-26 09:00,10037,Test product 38 (seasonal),Snacks,SALE,2,4.46,3.12,7
2026-06-26 09:00,10038,Test product 39 (growing),Household,SALE,24,3.82,2.67,7
2026-06-26 11:00,10025,Test product 26 (seasonal),Snacks,SALE,19,6.65,4.66,7
2026-06-26 11:00,10033,Test product 34 (declining),Snacks,SALE,6,0.94,0.66,7
2026-06-26 13:00,10013,Test product 14 (seasonal),Snacks,SALE,7,6.02,4.21,7
2026-06-26 14:00,10010,Test product 11 (intermittent),Household,SALE,2,10.5,7.35,7
2026-06-27 10:00,10017,Test product 18 (lumpy),Snacks,SALE,30,0.98,0.69,7
2026-06-27 12:00,10033,Test product 34 (declining),Snacks,SALE,12,0.94,0.66,7
2026-06-27 13:00,10000,Test product 1 (smooth),Stationery,SALE,10,8.26,5.78,7
2026-06-27 13:00,10002,Test product 3 (growing),Household,SALE,17,3.2,2.24,7
2026-06-27 14:00,10002,Test product 3 (growing),Household,SALE,22,3.2,2.24,7
2026-06-27 16:00,10037,Test product 38 (seasonal),Snacks,SALE,4,4.46,3.12,7
2026-06-27 17:00,10024,Test product 25 (smooth),Stationery,SALE,19,5.15,3.6,7
2026-06-27 17:00,10031,Test product 32 (seasonal),Drinks,SALE,5,7.4,5.18,7
2026-06-29 00:00,10010,Test product 11 (intermittent),Household,RESTOCK,7,7.35,7.35,7
2026-06-29 08:00,10012,Test product 13 (smooth),Stationery,SALE,6,8.25,5.77,7
2026-06-29 09:00,10008,Test product 9 (growing),Stationery,SALE,3,4.89,3.42,7
2026-06-29 09:00,10030,Test product 31 (smooth),Household,SALE,13,6.94,4.86,7
2026-06-29 10:00,10008,Test product 9 (growing),Stationery,SALE,10,4.89,3.42,7
2026-06-29 13:00,10015,Test product 16 (declining),Drinks,SALE,1,10.3,7.21,7
2026-06-29 14:00,10025,Test product 26 (seasonal),Snacks,SALE,17,6.65,4.66,7
2026-06-29 15:00,10030,Test product 31 (smooth),Household,SALE,9,6.94,4.86,7
2026-06-29 16:00,10000,Test product 1 (smooth),Stationery,SALE,14,8.26,5.78,7
2026-06-29 16:00,10013,Test product 14 (seasonal),Snacks,SALE,8,6.02,4.21,7
2026-06-29 16:00,10016,Test product 17 (intermittent),Stationery,SALE,2,3.53,2.47,7
2026-06-29 17:00,10002,Test product 3 (growing),Household,SALE,10,3.2,2.24,7
2026-06-29 17:00,10006,Test product 7 (smooth),Household,SALE,6,2.37,1.66,7
2026-06-30 09:00,10038,Test product 39 (growing),Household,SALE,19,3.82,2.67,7
2026-06-30 11:00,10031,Test product 32 (seasonal),Drinks,SALE,4,7.4,5.18,7
2026-06-30 12:00,10007,Test product 8 (seasonal),Drinks,SALE,9,7.86,5.5,7
2026-06-30 12:00,10013,Test product 14 (seasonal),Snacks,SALE,13,6.02,4.21,7
2026-06-30 12:00,10018,Test product 19 (smooth),Household,SALE,6,3.32,2.32,7
2026-06-30 13:00,10016,Test product 17 (intermittent),Stationery,SALE,2,3.53,2.47,7
2026-06-30 13:00,10039,Test product 40 (declining),Drinks,SALE,5,0.75,0.52,7
2026-06-30 14:00,10000,Test product 1 (smooth),Stationery,SALE,12,8.26,5.78,7
2026-06-30 17:00,10007,Test product 8 (seasonal),Drinks,SALE,6,7.86,5.5,7
2026-07-01 08:00,10001,Test product 2 (seasonal),Snacks,SALE,8,3.68,2.58,7
2026-07-01 08:00,10036,Test product 37 (smooth),Stationery,SALE,12,2.81,1.97,7
2026-07-01 10:00,10006,Test product 7 (smooth),Household,SALE,9,2.37,1.66,7
2026-07-01 12:00,10030,Test product 31 (smooth),Household,SALE,7,6.94,4.86,7
2026-07-01 13:00,10001,Test product 2 (seasonal),Snacks,SALE,11,3.68,2.58,7
2026-07-01 14:00,10002,Test product 3 (growing),Household,SALE,16,3.2,2.24,7
2026-07-01 14:00,10006,Test product 7 (smooth),Household,SALE,15,2.37,1.66,7
2026-07-01 14:00,10031,Test product 32 (seasonal),Drinks,SALE,5,7.4,5.18,7
2026-07-01 15:00,10026,Test product 27 (growing),Household,SALE,29,7.9,5.53,7
2026-07-01 15:00,10033,Test product 34 (declining),Snacks,SALE,19,0.94,0.66,7
2026-07-01 17:00,10012,Test product 13 (smooth),Stationery,SALE,6,8.25,5.77,7
2026-07-01 17:00,10015,Test product 16 (declining),Drinks,SALE,1,10.3,7.21,7
2026-07-02 08:00,10021,Test product 22 (declining),Snacks,SALE,8,9.47,6.63,7
2026-07-02 10:00,10003,Test product 4 (declining),Drinks,SALE,7,6.94,4.86,7
2026-07-02 11:00,10038,Test product 39 (growing),Household,SALE,16,3.82,2.67,7
2026-07-02 12:00,10014,Test product 15 (growing),Household,SALE,17,5.58,3.91,7
2026-07-02 15:00,10012,Test product 13 (smooth),Stationery,SALE,13,8.25,5.77,7
2026-07-02 15:00,10018,Test product 19 (smooth),Household,SALE,8,3.32,2.32,7
2026-07-02 16:00,10032,Test product 33 (growing),Stationery,SALE,52,5.47,3.83,7
2026-07-02 17:00,10037,Test product 38 (seasonal),Snacks,SALE,3,4.46,3.12,7
2026-07-03 08:00,10020,Test product 21 (growing),Stationery,SALE,25,8.66,6.06,7
2026-07-03 11:00,10002,Test product 3 (growing),Household,SALE,11,3.2,2.24,7
2026-07-03 12:00,10003,Test product 4 (declining),Drinks,SALE,2,6.94,4.86,7
2026-07-03 12:00,10015,Test product 16 (declining),Drinks,SALE,3,10.3,7.21,7
2026-07-03 12:00,10037,Test product 38 (seasonal),Snacks,SALE,4,4.46,3.12,7
2026-07-03 12:00,10037,Test product 38 (seasonal),Snacks,SALE,4,4.46,3.12,7
2026-07-03 13:00,10003,Test product 4 (declining),Drinks,SALE,5,6.94,4.86,7
2026-07-03 13:00,10020,Test product 21 (growing),Stationery,SALE,23,8.66,6.06,7
2026-07-03 15:00,10009,Test product 10 (declining),Snacks,SALE,6,7.37,5.16,7
2026-07-03 15:00,10031,Test product 32 (seasonal),Drinks,SALE,1,7.4,5.18,7
2026-07-03 17:00,10009,Test product 10 (declining),Snacks,SALE,2,7.37,5.16,7
2026-07-04 08:00,10009,Test product 10 (declining),Snacks,SALE,3,7.37,5.16,7
2026-07-04 10:00,10036,Test product 37 (smooth),Stationery,SALE,17,2.81,1.97,7
2026-07-04 10:00,10038,Test product 39 (growing),Household,SALE,16,3.82,2.67,7
2026-07-04 14:00,10024,Test product 25 (smooth),Stationery,SALE,26,5.15,3.6,7
2026-07-04 16:00,10027,Test product 28 (declining),Drinks,SALE,13,4.32,3.02,7
2026-07-04 17:00,10007,Test product 8 (seasonal),Drinks,SALE,10,7.86,5.5,7
2026-07-04 17:00,10019,Test product 20 (seasonal),Drinks,SALE,16,9.26,6.48,7
2026-07-06 00:00,10005,Test product 6 (lumpy),Snacks,RESTOCK,37,6.57,6.57,7
2026-07-06 09:00,10008,Test product 9 (growing),Stationery,SALE,5,4.89,3.42,7
2026-07-06 09:00,10010,Test product 11 (intermittent),Household,SALE,1,10.5,7.35,7
2026-07-06 12:00,10000,Test product 1 (smooth),Stationery,SALE,10,8.26,5.78,7
2026-07-06 12:00,10013,Test product 14 (seasonal),Snacks,SALE,16,6.02,4.21,7
2026-07-06 12:00,10015,Test product 16 (declining),Drinks,SALE,1,10.3,7.21,7
2026-07-06 14:00,10007,Test product 8 (seasonal),Drinks,SALE,6,7.86,5.5,7
2026-07-06 15:00,10003,Test product 4 (declining),Drinks,SALE,3,6.94,4.86,7
2026-07-06 16:00,10037,Test product 38 (seasonal),Snacks,SALE,4,4.46,3.12,7
2026-07-06 17:00,10009,Test product 10 (declining),Snacks,SALE,2,7.37,5.16,7
2026-07-06 17:00,10010,Test product 11 (intermittent),Household,SALE,2,10.5,7.35,7
2026-07-07 09:00,10018,Test product 19 (smooth),Household,SALE,10,3.32,2.32,7
2026-07-07 09:00,10019,Test product 20 (seasonal),Drinks,SALE,8,9.26,6.48,7
2026-07-07 10:00,10003,Test product 4 (declining),Drinks,SALE,5,6.94,4.86,7
2026-07-07 12:00,10024,Test product 25 (smooth),Stationery,SALE,42,5.15,3.6,7
2026-07-07 13:00,10039,Test product 40 (declining),Drinks,SALE,3,0.75,0.52,7
2026-07-07 14:00,10002,Test product 3 (growing),Household,SALE,27,3.2,2.24,7
2026-07-07 14:00,10015,Test product 16 (declining),Drinks,SALE,2,10.3,7.21,7
2026-07-07 15:00,10008,Test product 9 (growing),Stationery,SALE,4,4.89,3.42,7
2026-07-07 15:00,10010,Test product 11 (intermittent),Household,SALE,2,10.5,7.35,7
2026-07-07 16:00,10018,Test product 19 (smooth),Household,SALE,7,3.32,2.32,7
2026-07-07 17:00,10028,Test product 29 (intermittent),Stationery,SALE,2,5.41,3.79,7
2026-07-07 17:00,10030,Test product 31 (smooth),Household,SALE,21,6.94,4.86,7
2026-07-08 08:00,10000,Test product 1 (smooth),Stationery,SALE,10,8.26,5.78,7
2026-07-08 10:00,10025,Test product 26 (seasonal),Snacks,SALE,13,6.65,4.66,7
2026-07-08 10:00,10026,Test product 27 (growing),Household,SALE,3,7.9,5.53,7
2026-07-08 11:00,10012,Test product 13 (smooth),Stationery,SALE,11,8.25,5.77,7
2026-07-08 11:00,10027,Test product 28 (declining),Drinks,SALE,6,4.32,3.02,7
2026-07-08 12:00,10008,Test product 9 (growing),Stationery,SALE,2,4.89,3.42,7
2026-07-08 13:00,10031,Test product 32 (seasonal),Drinks,SALE,6,7.4,5.18,7
2026-07-08 14:00,10018,Test product 19 (smooth),Household,SALE,5,3.32,2.32,7
2026-07-08 15:00,10023,Test product 24 (lumpy),Drinks,SALE,58,3.93,2.75,7
2026-07-08 17:00,10001,Test product 2 (seasonal),Snacks,SALE,6,3.68,2.58,7
2026-07-08 17:00,10025,Test product 26 (seasonal),Snacks,SALE,10,6.65,4.66,7
2026-07-09 08:00,10016,Test product 17 (intermittent),Stationery,SALE,2,3.53,2.47,7
2026-07-09 09:00,10007,Test product 8 (seasonal),Drinks,SALE,7,7.86,5.5,7
2026-07-09 09:00,10038,Test product 39 (growing),Household,SALE,32,3.82,2.67,7
2026-07-09 10:00,10001,Test product 2 (seasonal),Snacks,SALE,7,3.68,2.58,7
2026-07-09 11:00,10009,Test product 10 (declining),Snacks,SALE,4,7.37,5.16,7
2026-07-09 13:00,10015,Test product 16 (declining),Drinks,SALE,2,10.3,7.21,7
2026-07-09 13:00,10020,Test product 21 (growing),Stationery,SALE,24,8.66,6.06,7
2026-07-09 13:00,10029,Test product 30 (lumpy),Snacks,SALE,14,9.55,6.69,7
2026-07-09 13:00,10032,Test product 33 (growing),Stationery,SALE,22,5.47,3.83,7
2026-07-09 14:00,10037,Test product 38 (seasonal),Snacks,SALE,4,4.46,3.12,7
2026-07-09 15:00,10028,Test product 29 (intermittent),Stationery,SALE,2,5.41,3.79,7
2026-07-09 16:00,10020,Test product 21 (growing),Stationery,SALE,11,8.66,6.06,7
2026-07-09 16:00,10026,Test product 27 (growing),Household,SALE,5,7.9,5.53,7
2026-07-10 08:00,10003,Test product 4 (declining),Drinks,SALE,6,6.94,4.86,7
2026-07-10 08:00,10032,Test product 33 (growing),Stationery,SALE,25,5.47,3.83,7
2026-07-10 09:00,10009,Test product 10 (declining),Snacks,SALE,5,7.37,5.16,7
2026-07-10 12:00,10038,Test product 39 (growing),Household,SALE,33,3.82,2.67,7
2026-07-10 13:00,10006,Test product 7 (smooth),Household,SALE,19,2.37,1.66,7
2026-07-10 13:00,10012,Test product 13 (smooth),Stationery,SALE,6,8.25,5.77,7
2026-07-10 13:00,10033,Test product 34 (declining),Snacks,SALE,23,0.94,0.66,7
2026-07-10 14:00,10000,Test product 1 (smooth),Stationery,SALE,8,8.26,5.78,7
2026-07-10 14:00,10016,Test product 17 (intermittent),Stationery,SALE,1,3.53,2.47,7
2026-07-10 14:00,10036,Test product 37 (smooth),Stationery,SALE,10,2.81,1.97,7
2026-07-10 15:00,10001,Test product 2 (seasonal),Snacks,SALE,7,3.68,2.58,7
2026-07-10 16:00,10006,Test product 7 (smooth),Household,SALE,20,2.37,1.66,7
2026-07-10 16:00,10021,Test product 22 (declining),Snacks,SALE,7,9.47,6.63,7
2026-07-10 16:00,10029,Test product 30 (lumpy),Snacks,SALE,10,9.55,6.69,7
2026-07-11 09:00,10036,Test product 37 (smooth),Stationery,SALE,11,2.81,1.97,7
2026-07-11 10:00,10020,Test product 21 (growing),Stationery,SALE,17,8.66,6.06,7
2026-07-11 12:00,10019,Test product 20 (seasonal),Drinks,SALE,7,9.26,6.48,7
2026-07-11 13:00,10007,Test product 8 (seasonal),Drinks,SALE,13,7.86,5.5,7
2026-07-11 13:00,10013,Test product 14 (seasonal),Snacks,SALE,13,6.02,4.21,7
2026-07-11 13:00,10014,Test product 15 (growing),Household,SALE,16,5.58,3.91,7
2026-07-11 13:00,10023,Test product 24 (lumpy),Drinks,SALE,42,3.93,2.75,7
2026-07-11 14:00,10026,Test product 27 (growing),Household,SALE,6,7.9,5.53,7
2026-07-11 14:00,10027,Test product 28 (declining),Drinks,SALE,6,4.32,3.02,7
2026-07-11 15:00,10021,Test product 22 (declining),Snacks,SALE,4,9.47,6.63,7
2026-07-13 00:00,10000,Test product 1 (smooth),Stationery,RESTOCK,120,5.78,5.78,7
2026-07-13 00:00,10015,Test product 16 (declining),Drinks,RESTOCK,46,7.21,7.21,7
2026-07-13 00:00,10020,Test product 21 (growing),Stationery,RESTOCK,148,6.06,6.06,7
2026-07-13 00:00,10035,Test product 36 (lumpy),Drinks,RESTOCK,27,5.68,5.68,7
2026-07-13 09:00,10012,Test product 13 (smooth),Stationery,SALE,7,8.25,5.77,7
2026-07-13 10:00,10000,Test product 1 (smooth),Stationery,SALE,24,8.26,5.78,7
2026-07-13 10:00,10033,Test product 34 (declining),Snacks,SALE,9,0.94,0.66,7
2026-07-13 12:00,10009,Test product 10 (declining),Snacks,SALE,1,7.37,5.16,7
2026-07-13 13:00,10003,Test product 4 (declining),Drinks,SALE,11,6.94,4.86,7
2026-07-14 09:00,10025,Test product 26 (seasonal),Snacks,SALE,7,6.65,4.66,7
2026-07-14 10:00,10002,Test product 3 (growing),Household,SALE,17,3.2,2.24,7
2026-07-14 10:00,10012,Test product 13 (smooth),Stationery,SALE,4,8.25,5.77,7
2026-07-14 12:00,10021,Test product 22 (declining),Snacks,SALE,3,9.47,6.63,7
2026-07-14 12:00,10036,Test product 37 (smooth),Stationery,SALE,28,2.81,1.97,7
2026-07-14 13:00,10002,Test product 3 (growing),Household,SALE,7,3.2,2.24,7
2026-07-14 13:00,10018,Test product 19 (smooth),Household,SALE,2,3.32,2.32,7
2026-07-14 14:00,10018,Test product 19 (smooth),Household,SALE,3,3.32,2.32,7
2026-07-14 14:00,10019,Test product 20 (seasonal),Drinks,SALE,6,9.26,6.48,7
2026-07-14 14:00,10027,Test product 28 (declining),Drinks,SALE,3,4.32,3.02,7
2026-07-14 15:00,10031,Test product 32 (seasonal),Drinks,SALE,5,7.4,5.18,7
2026-07-14 15:00,10034,Test product 35 (intermittent),Household,SALE,4,1.59,1.11,7
2026-07-14 16:00,10037,Test product 38 (seasonal),Snacks,SALE,8,4.46,3.12,7
2026-07-15 08:00,10026,Test product 27 (growing),Household,SALE,8,7.9,5.53,7
2026-07-15 09:00,10009,Test product 10 (declining),Snacks,SALE,3,7.37,5.16,7
2026-07-15 09:00,10014,Test product 15 (growing),Household,SALE,22,5.58,3.91,7
2026-07-15 09:00,10018,Test product 19 (smooth),Household,SALE,10,3.32,2.32,7
2026-07-15 10:00,10017,Test product 18 (lumpy),Snacks,SALE,8,0.98,0.69,7
2026-07-15 12:00,10026,Test product 27 (growing),Household,SALE,7,7.9,5.53,7
2026-07-15 12:00,10032,Test product 33 (growing),Stationery,SALE,25,5.47,3.83,7
2026-07-15 13:00,10001,Test product 2 (seasonal),Snacks,SALE,15,3.68,2.58,7
2026-07-15 13:00,10031,Test product 32 (seasonal),Drinks,SALE,3,7.4,5.18,7
2026-07-15 14:00,10024,Test product 25 (smooth),Stationery,SALE,37,5.15,3.6,7
2026-07-15 15:00,10010,Test product 11 (intermittent),Household,SALE,4,10.5,7.35,7
2026-07-15 15:00,10013,Test product 14 (seasonal),Snacks,SALE,25,6.02,4.21,7
2026-07-15 15:00,10020,Test product 21 (growing),Stationery,SALE,41,8.66,6.06,7
2026-07-15 16:00,10017,Test product 18 (lumpy),Snacks,SALE,6,0.98,0.69,7
2026-07-15 17:00,10039,Test product 40 (declining),Drinks,SALE,3,0.75,0.52,7
2026-07-16 08:00,10025,Test product 26 (seasonal),Snacks,SALE,4,6.65,4.66,7
2026-07-16 08:00,10038,Test product 39 (growing),Household,SALE,70,3.82,2.67,7
2026-07-16 10:00,10007,Test product 8 (seasonal),Drinks,SALE,61,7.86,5.5,7
2026-07-16 10:00,10012,Test product 13 (smooth),Stationery,SALE,6,8.25,5.77,7
2026-07-16 11:00,10008,Test product 9 (growing),Stationery,SALE,1,4.89,3.42,7
2026-07-16 11:00,10015,Test product 16 (declining),Drinks,SALE,3,10.3,7.21,7
2026-07-16 12:00,10009,Test product 10 (declining),Snacks,SALE,7,7.37,5.16,7
2026-07-16 13:00,10017,Test product 18 (lumpy),Snacks,SALE,8,0.98,0.69,7
2026-07-16 14:00,10008,Test product 9 (growing),Stationery,SALE,7,4.89,3.42,7
2026-07-16 15:00,10010,Test product 11 (intermittent),Household,SALE,2,10.5,7.35,7
2026-07-16 15:00,10019,Test product 20 (seasonal),Drinks,SALE,8,9.26,6.48,7
2026-07-16 16:00,10030,Test product 31 (smooth),Household,SALE,15,6.94,4.86,7
2026-07-17 11:00,10032,Test product 33 (growing),Stationery,SALE,35,5.47,3.83,7
2026-07-17 12:00,10016,Test product 17 (intermittent),Stationery,SALE,3,3.53,2.47,7
2026-07-17 12:00,10021,Test product 22 (declining),Snacks,SALE,7,9.47,6.63,7
2026-07-17 13:00,10007,Test product 8 (seasonal),Drinks,SALE,65,7.86,5.5,7
2026-07-17 13:00,10033,Test product 34 (declining),Snacks,SALE,7,0.94,0.66,7
2026-07-17 14:00,10008,Test product 9 (growing),Stationery,SALE,4,4.89,3.42,7
2026-07-17 15:00,10003,Test product 4 (declining),Drinks,SALE,5,6.94,4.86,7
2026-07-17 15:00,10022,Test product 23 (intermittent),Household,SALE,4,10.2,7.14,7
2026-07-17 16:00,10030,Test product 31 (smooth),Household,SALE,11,6.94,4.86,7
2026-07-17 17:00,10019,Test product 20 (seasonal),Drinks,SALE,3,9.26,6.48,7
2026-07-18 10:00,10006,Test product 7 (smooth),Household,SALE,22,2.37,1.66,7
2026-07-18 10:00,10027,Test product 28 (declining),Drinks,SALE,5,4.32,3.02,7
2026-07-18 13:00,10026,Test product 27 (growing),Household,SALE,4,7.9,5.53,7
2026-07-18 15:00,10030,Test product 31 (smooth),Household,SALE,12,6.94,4.86,7
2026-07-18 16:00,10002,Test product 3 (growing),Household,SALE,11,3.2,2.24,7
2026-07-18 17:00,10031,Test product 32 (seasonal),Drinks,SALE,5,7.4,5.18,7
2026-07-20 00:00,10001,Test product 2 (seasonal),Snacks,RESTOCK,107,2.58,2.58,7
2026-07-20 00:00,10002,Test product 3 (growing),Household,RESTOCK,96,2.24,2.24,7
2026-07-20 00:00,10003,Test product 4 (declining),Drinks,RESTOCK,148,4.86,4.86,7
2026-07-20 00:00,10006,Test product 7 (smooth),Household,RESTOCK,140,1.66,1.66,7
2026-07-20 00:00,10007,Test product 8 (seasonal),Drinks,RESTOCK,143,5.5,5.5,7
2026-07-20 00:00,10009,Test product 10 (declining),Snacks,RESTOCK,74,5.16,5.16,7
2026-07-20 00:00,10011,Test product 12 (lumpy),Drinks,RESTOCK,39,1.7,1.7,7
2026-07-20 00:00,10013,Test product 14 (seasonal),Snacks,RESTOCK,163,4.21,4.21,7
2026-07-20 00:00,10014,Test product 15 (growing),Household,RESTOCK,63,3.91,3.91,7
2026-07-20 00:00,10017,Test product 18 (lumpy),Snacks,RESTOCK,38,0.69,0.69,7
2026-07-20 00:00,10018,Test product 19 (smooth),Household,RESTOCK,65,2.32,2.32,7
2026-07-20 00:00,10019,Test product 20 (seasonal),Drinks,RESTOCK,102,6.48,6.48,7
2026-07-20 00:00,10021,Test product 22 (declining),Snacks,RESTOCK,94,6.63,6.63,7
2026-07-20 00:00,10022,Test product 23 (intermittent),Household,RESTOCK,7,7.14,7.14,7
2026-07-20 00:00,10023,Test product 24 (lumpy),Drinks,RESTOCK,20,2.75,2.75,7
2026-07-20 00:00,10025,Test product 26 (seasonal),Snacks,RESTOCK,118,4.66,4.66,7
2026-07-20 00:00,10026,Test product 27 (growing),Household,RESTOCK,58,5.53,5.53,7
2026-07-20 00:00,10027,Test product 28 (declining),Drinks,RESTOCK,103,3.02,3.02,7
2026-07-20 00:00,10029,Test product 30 (lumpy),Snacks,RESTOCK,23,6.69,6.69,7
2026-07-20 00:00,10030,Test product 31 (smooth),Household,RESTOCK,108,4.86,4.86,7
2026-07-20 00:00,10031,Test product 32 (seasonal),Drinks,RESTOCK,53,5.18,5.18,7
2026-07-20 00:00,10033,Test product 34 (declining),Snacks,RESTOCK,123,0.66,0.66,7
2026-07-20 00:00,10034,Test product 35 (intermittent),Household,RESTOCK,7,1.11,1.11,7
2026-07-20 00:00,10037,Test product 38 (seasonal),Snacks,RESTOCK,82,3.12,3.12,7
2026-07-20 00:00,10038,Test product 39 (growing),Household,RESTOCK,157,2.67,2.67,7
2026-07-20 00:00,10039,Test product 40 (declining),Drinks,RESTOCK,36,0.52,0.52,7
2026-07-20 08:00,10032,Test product 33 (growing),Stationery,SALE,48,5.47,3.83,7
2026-07-20 09:00,10014,Test product 15 (growing),Household,SALE,11,5.58,3.91,7
2026-07-20 10:00,10007,Test product 8 (seasonal),Drinks,SALE,8,7.86,5.5,7
2026-07-20 10:00,10039,Test product 40 (declining),Drinks,SALE,2,0.75,0.52,7
2026-07-20 12:00,10006,Test product 7 (smooth),Household,SALE,17,2.37,1.66,7
2026-07-20 12:00,10015,Test product 16 (declining),Drinks,SALE,4,10.3,7.21,7
2026-07-20 13:00,10020,Test product 21 (growing),Stationery,SALE,27,8.66,6.06,7
2026-07-20 13:00,10037,Test product 38 (seasonal),Snacks,SALE,6,4.46,3.12,7
2026-07-20 14:00,10013,Test product 14 (seasonal),Snacks,SALE,7,6.02,4.21,7
2026-07-20 14:00,10025,Test product 26 (seasonal),Snacks,SALE,7,6.65,4.66,7
2026-07-20 16:00,10020,Test product 21 (growing),Stationery,SALE,17,8.66,6.06,7
2026-07-20 16:00,10024,Test product 25 (smooth),Stationery,SALE,7,5.15,3.6,7
2026-07-20 16:00,10026,Test product 27 (growing),Household,SALE,9,7.9,5.53,7
2026-07-21 10:00,10000,Test product 1 (smooth),Stationery,SALE,17,8.26,5.78,7
2026-07-21 11:00,10013,Test product 14 (seasonal),Snacks,SALE,9,6.02,4.21,7
2026-07-21 11:00,10038,Test product 39 (growing),Household,SALE,22,3.82,2.67,7
2026-07-21 12:00,10005,Test product 6 (lumpy),Snacks,SALE,2,9.38,6.57,7
2026-07-21 15:00,10009,Test product 10 (declining),Snacks,SALE,1,7.37,5.16,7
2026-07-21 16:00,10001,Test product 2 (seasonal),Snacks,SALE,6,3.68,2.58,7
2026-07-22 08:00,10000,Test product 1 (smooth),Stationery,SALE,7,8.26,5.78,7
2026-07-22 09:00,10008,Test product 9 (growing),Stationery,SALE,9,4.89,3.42,7
2026-07-22 09:00,10012,Test product 13 (smooth),Stationery,SALE,9,8.25,5.77,7
2026-07-22 09:00,10019,Test product 20 (seasonal),Drinks,SALE,5,9.26,6.48,7
2026-07-22 10:00,10019,Test product 20 (seasonal),Drinks,SALE,8,9.26,6.48,7
2026-07-22 11:00,10031,Test product 32 (seasonal),Drinks,SALE,12,7.4,5.18,7
2026-07-22 13:00,10014,Test product 15 (growing),Household,SALE,7,5.58,3.91,7
2026-07-22 16:00,10020,Test product 21 (growing),Stationery,SALE,16,8.66,6.06,7
2026-07-22 16:00,10021,Test product 22 (declining),Snacks,SALE,2,9.47,6.63,7
2026-07-22 17:00,10036,Test product 37 (smooth),Stationery,SALE,20,2.81,1.97,7
2026-07-23 09:00,10018,Test product 19 (smooth),Household,SALE,22,3.32,2.32,7
2026-07-23 10:00,10025,Test product 26 (seasonal),Snacks,SALE,4,6.65,4.66,7
2026-07-23 11:00,10001,Test product 2 (seasonal),Snacks,SALE,5,3.68,2.58,7
2026-07-23 14:00,10039,Test product 40 (declining),Drinks,SALE,2,0.75,0.52,7
2026-07-23 15:00,10009,Test product 10 (declining),Snacks,SALE,4,7.37,5.16,7
2026-07-23 15:00,10027,Test product 28 (declining),Drinks,SALE,9,4.32,3.02,7
2026-07-23 17:00,10012,Test product 13 (smooth),Stationery,SALE,12,8.25,5.77,7
2026-07-24 08:00,10008,Test product 9 (growing),Stationery,SALE,6,4.89,3.42,7
2026-07-24 08:00,10008,Test product 9 (growing),Stationery,SALE,5,4.89,3.42,7
2026-07-24 09:00,10002,Test product 3 (growing),Household,SALE,10,3.2,2.24,7
2026-07-24 11:00,10026,Test product 27 (growing),Household,SALE,7,7.9,5.53,7
2026-07-24 11:00,10033,Test product 34 (declining),Snacks,SALE,9,0.94,0.66,7
2026-07-24 12:00,10026,Test product 27 (growing),Household,SALE,3,7.9,5.53,7
2026-07-24 12:00,10030,Test product 31 (smooth),Household,SALE,25,6.94,4.86,7
2026-07-24 13:00,10035,Test product 36 (lumpy),Drinks,SALE,3,8.11,5.68,7
2026-07-24 14:00,10013,Test product 14 (seasonal),Snacks,SALE,11,6.02,4.21,7
2026-07-24 15:00,10009,Test product 10 (declining),Snacks,SALE,2,7.37,5.16,7
2026-07-25 08:00,10003,Test product 4 (declining),Drinks,SALE,14,6.94,4.86,7
2026-07-25 10:00,10007,Test product 8 (seasonal),Drinks,SALE,14,7.86,5.5,7
2026-07-25 10:00,10021,Test product 22 (declining),Snacks,SALE,6,9.47,6.63,7
2026-07-25 10:00,10033,Test product 34 (declining),Snacks,SALE,10,0.94,0.66,7
2026-07-25 12:00,10006,Test product 7 (smooth),Household,SALE,9,2.37,1.66,7
2026-07-25 12:00,10014,Test product 15 (growing),Household,SALE,6,5.58,3.91,7
2026-07-25 12:00,10025,Test product 26 (seasonal),Snacks,SALE,4,6.65,4.66,7
2026-07-25 12:00,10035,Test product 36 (lumpy),Drinks,SALE,9,8.11,5.68,7
2026-07-25 13:00,10005,Test product 6 (lumpy),Snacks,SALE,6,9.38,6.57,7
2026-07-25 14:00,10024,Test product 25 (smooth),Stationery,SALE,17,5.15,3.6,7
2026-07-25 15:00,10002,Test product 3 (growing),Household,SALE,18,3.2,2.24,7
2026-07-25 15:00,10035,Test product 36 (lumpy),Drinks,SALE,6,8.11,5.68,7
2026-07-25 15:00,10037,Test product 38 (seasonal),Snacks,SALE,9,4.46,3.12,7
2026-07-25 16:00,10038,Test product 39 (growing),Household,SALE,38,3.82,2.67,7
2026-07-25 17:00,10001,Test product 2 (seasonal),Snacks,SALE,5,3.68,2.58,7
2026-07-25 17:00,10024,Test product 25 (smooth),Stationery,SALE,15,5.15,3.6,7
2026-07-27 00:00,10010,Test product 11 (intermittent),Household,RESTOCK,6,7.35,7.35,7
2026-07-27 08:00,10008,Test product 9 (growing),Stationery,SALE,8,4.89,3.42,7
2026-07-27 08:00,10025,Test product 26 (seasonal),Snacks,SALE,9,6.65,4.66,7
2026-07-27 08:00,10031,Test product 32 (seasonal),Drinks,SALE,1,7.4,5.18,7
2026-07-27 11:00,10006,Test product 7 (smooth),Household,SALE,12,2.37,1.66,7
2026-07-27 11:00,10030,Test product 31 (smooth),Household,SALE,13,6.94,4.86,7
2026-07-27 12:00,10015,Test product 16 (declining),Drinks,SALE,7,10.3,7.21,7
2026-07-27 12:00,10024,Test product 25 (smooth),Stationery,SALE,8,5.15,3.6,7
2026-07-27 12:00,10025,Test product 26 (seasonal),Snacks,SALE,6,6.65,4.66,7
2026-07-27 13:00,10024,Test product 25 (smooth),Stationery,SALE,11,5.15,3.6,7
2026-07-27 13:00,10026,Test product 27 (growing),Household,SALE,11,7.9,5.53,7
2026-07-27 13:00,10037,Test product 38 (seasonal),Snacks,SALE,4,4.46,3.12,7
2026-07-27 13:00,10039,Test product 40 (declining),Drinks,SALE,5,0.75,0.52,7
2026-07-27 14:00,10026,Test product 27 (growing),Household,SALE,8,7.9,5.53,7
2026-07-27 16:00,10026,Test product 27 (growing),Household,SALE,4,7.9,5.53,7
2026-07-27 17:00,10009,Test product 10 (declining),Snacks,SALE,6,7.37,5.16,7
2026-07-28 09:00,10036,Test product 37 (smooth),Stationery,SALE,21,2.81,1.97,7
2026-07-28 14:00,10018,Test product 19 (smooth),Household,SALE,9,3.32,2.32,7
2026-07-28 14:00,10023,Test product 24 (lumpy),Drinks,SALE,8,3.93,2.75,7
2026-07-28 14:00,10034,Test product 35 (intermittent),Household,SALE,1,1.59,1.11,7
2026-07-28 15:00,10038,Test product 39 (growing),Household,SALE,39,3.82,2.67,7
2026-07-28 16:00,10002,Test product 3 (growing),Household,SALE,34,3.2,2.24,7
2026-07-28 16:00,10032,Test product 33 (growing),Stationery,SALE,13,5.47,3.83,7
2026-07-28 17:00,10003,Test product 4 (declining),Drinks,SALE,6,6.94,4.86,7
2026-07-28 17:00,10031,Test product 32 (seasonal),Drinks,SALE,7,7.4,5.18,7
2026-07-28 17:00,10039,Test product 40 (declining),Drinks,SALE,1,0.75,0.52,7
2026-07-29 08:00,10034,Test product 35 (intermittent),Household,SALE,1,1.59,1.11,7
2026-07-29 09:00,10025,Test product 26 (seasonal),Snacks,SALE,5,6.65,4.66,7
2026-07-29 11:00,10004,Test product 5 (intermittent),Stationery,SALE,2,3.26,2.28,7
2026-07-29 11:00,10023,Test product 24 (lumpy),Drinks,SALE,5,3.93,2.75,7
2026-07-29 11:00,10036,Test product 37 (smooth),Stationery,SALE,17,2.81,1.97,7
2026-07-29 12:00,10004,Test product 5 (intermittent),Stationery,SALE,2,3.26,2.28,7
2026-07-29 12:00,10007,Test product 8 (seasonal),Drinks,SALE,23,7.86,5.5,7
2026-07-29 12:00,10013,Test product 14 (seasonal),Snacks,SALE,10,6.02,4.21,7
2026-07-29 12:00,10037,Test product 38 (seasonal),Snacks,SALE,2,4.46,3.12,7
2026-07-29 13:00,10023,Test product 24 (lumpy),Drinks,SALE,4,3.93,2.75,7
2026-07-29 14:00,10006,Test product 7 (smooth),Household,SALE,8,2.37,1.66,7
2026-07-29 15:00,10019,Test product 20 (seasonal),Drinks,SALE,4,9.26,6.48,7
2026-07-29 16:00,10003,Test product 4 (declining),Drinks,SALE,8,6.94,4.86,7
2026-07-29 16:00,10012,Test product 13 (smooth),Stationery,SALE,14,8.25,5.77,7
2026-07-29 17:00,10000,Test product 1 (smooth),Stationery,SALE,10,8.26,5.78,7
2026-07-29 17:00,10021,Test product 22 (declining),Snacks,SALE,10,9.47,6.63,7
2026-07-30 08:00,10020,Test product 21 (growing),Stationery,SALE,42,8.66,6.06,7
2026-07-30 10:00,10008,Test product 9 (growing),Stationery,SALE,9,4.89,3.42,7
2026-07-30 11:00,10001,Test product 2 (seasonal),Snacks,SALE,32,3.68,2.58,7
2026-07-30 12:00,10024,Test product 25 (smooth),Stationery,SALE,7,5.15,3.6,7
2026-07-30 12:00,10038,Test product 39 (growing),Household,SALE,35,3.82,2.67,7
2026-07-30 15:00,10009,Test product 10 (declining),Snacks,SALE,4,7.37,5.16,7
2026-07-30 16:00,10019,Test product 20 (seasonal),Drinks,SALE,4,9.26,6.48,7
2026-07-30 17:00,10003,Test product 4 (declining),Drinks,SALE,6,6.94,4.86,7
2026-07-30 17:00,10012,Test product 13 (smooth),Stationery,SALE,12,8.25,5.77,7
2026-07-30 17:00,10027,Test product 28 (declining),Drinks,SALE,12,4.32,3.02,7
2026-07-31 08:00,10014,Test product 15 (growing),Household,SALE,25,5.58,3.91,7
2026-07-31 11:00,10018,Test product 19 (smooth),Household,SALE,9,3.32,2.32,7
2026-07-31 11:00,10021,Test product 22 (declining),Snacks,SALE,2,9.47,6.63,7
2026-07-31 12:00,10018,Test product 19 (smooth),Household,SALE,3,3.32,2.32,7
2026-07-31 12:00,10030,Test product 31 (smooth),Household,SALE,13,6.94,4.86,7
2026-07-31 14:00,10012,Test product 13 (smooth),Stationery,SALE,12,8.25,5.77,7
2026-07-31 14:00,10013,Test product 14 (seasonal),Snacks,SALE,14,6.02,4.21,7
2026-07-31 15:00,10033,Test product 34 (declining),Snacks,SALE,12,0.94,0.66,7
2026-08-01 09:00,10000,Test product 1 (smooth),Stationery,SALE,10,8.26,5.78,7
2026-08-01 09:00,10032,Test product 33 (growing),Stationery,SALE,10,5.47,3.83,7
2026-08-01 10:00,10037,Test product 38 (seasonal),Snacks,SALE,2,4.46,3.12,7
2026-08-01 11:00,10004,Test product 5 (intermittent),Stationery,SALE,2,3.26,2.28,7
2026-08-01 13:00,10006,Test product 7 (smooth),Household,SALE,11,2.37,1.66,7
2026-08-01 14:00,10032,Test product 33 (growing),Stationery,SALE,23,5.47,3.83,7
2026-08-01 14:00,10034,Test product 35 (intermittent),Household,SALE,3,1.59,1.11,7
2026-08-01 16:00,10019,Test product 20 (seasonal),Drinks,SALE,6,9.26,6.48,7
2026-08-01 16:00,10031,Test product 32 (seasonal),Drinks,SALE,3,7.4,5.18,7
2026-08-01 17:00,10021,Test product 22 (declining),Snacks,SALE,5,9.47,6.63,7
2026-08-03 00:00,10005,Test product 6 (lumpy),Snacks,RESTOCK,33,6.57,6.57,7
2026-08-03 08:00,10021,Test product 22 (declining),Snacks,SALE,7,9.47,6.63,7
2026-08-03 09:00,10020,Test product 21 (growing),Stationery,SALE,16,8.66,6.06,7
2026-08-03 09:00,10030,Test product 31 (smooth),Household,SALE,19,6.94,4.86,7
2026-08-03 10:00,10032,Test product 33 (growing),Stationery,SALE,25,5.47,3.83,7
2026-08-03 13:00,10010,Test product 11 (intermittent),Household,SALE,4,10.5,7.35,7
2026-08-03 13:00,10031,Test product 32 (seasonal),Drinks,SALE,12,7.4,5.18,7
2026-08-03 14:00,10006,Test product 7 (smooth),Household,SALE,86,2.37,1.66,7
2026-08-03 14:00,10024,Test product 25 (smooth),Stationery,SALE,13,5.15,3.6,7
2026-08-03 15:00,10027,Test product 28 (declining),Drinks,SALE,12,4.32,3.02,7
2026-08-03 16:00,10013,Test product 14 (seasonal),Snacks,SALE,20,6.02,4.21,7
2026-08-03 16:00,10038,Test product 39 (growing),Household,SALE,17,3.82,2.67,7
2026-08-03 17:00,10038,Test product 39 (growing),Household,SALE,20,3.82,2.67,7
2026-08-04 08:00,10020,Test product 21 (growing),Stationery,SALE,17,8.66,6.06,7
2026-08-04 08:00,10032,Test product 33 (growing),Stationery,SALE,19,5.47,3.83,7
2026-08-04 09:00,10030,Test product 31 (smooth),Household,SALE,13,6.94,4.86,7
2026-08-04 10:00,10008,Test product 9 (growing),Stationery,SALE,8,4.89,3.42,7
2026-08-04 11:00,10018,Test product 19 (smooth),Household,SALE,18,3.32,2.32,7
2026-08-04 11:00,10025,Test product 26 (seasonal),Snacks,SALE,10,6.65,4.66,7
2026-08-04 12:00,10015,Test product 16 (declining),Drinks,SALE,4,10.3,7.21,7
2026-08-04 12:00,10037,Test product 38 (seasonal),Snacks,SALE,5,4.46,3.12,7
2026-08-04 13:00,10007,Test product 8 (seasonal),Drinks,SALE,4,7.86,5.5,7
2026-08-04 13:00,10022,Test product 23 (intermittent),Household,SALE,2,10.2,7.14,7
2026-08-04 13:00,10038,Test product 39 (growing),Household,SALE,23,3.82,2.67,7
2026-08-04 16:00,10001,Test product 2 (seasonal),Snacks,SALE,8,3.68,2.58,7
2026-08-04 16:00,10008,Test product 9 (growing),Stationery,SALE,6,4.89,3.42,7
2026-08-04 16:00,10010,Test product 11 (intermittent),Household,SALE,1,10.5,7.35,7
2026-08-05 09:00,10024,Test product 25 (smooth),Stationery,SALE,12,5.15,3.6,7
2026-08-05 09:00,10032,Test product 33 (growing),Stationery,SALE,14,5.47,3.83,7
2026-08-05 10:00,10001,Test product 2 (seasonal),Snacks,SALE,8,3.68,2.58,7
2026-08-05 10:00,10007,Test product 8 (seasonal),Drinks,SALE,4,7.86,5.5,7
2026-08-05 12:00,10016,Test product 17 (intermittent),Stationery,SALE,3,3.53,2.47,7
2026-08-05 12:00,10019,Test product 20 (seasonal),Drinks,SALE,14,9.26,6.48,7
2026-08-05 13:00,10008,Test product 9 (growing),Stationery,SALE,7,4.89,3.42,7
2026-08-05 13:00,10014,Test product 15 (growing),Household,SALE,9,5.58,3.91,7
2026-08-05 15:00,10025,Test product 26 (seasonal),Snacks,SALE,8,6.65,4.66,7
2026-08-05 16:00,10009,Test product 10 (declining),Snacks,SALE,5,7.37,5.16,7
2026-08-05 16:00,10014,Test product 15 (growing),Household,SALE,5,5.58,3.91,7
2026-08-05 16:00,10033,Test product 34 (declining),Snacks,SALE,15,0.94,0.66,7
2026-08-05 16:00,10036,Test product 37 (smooth),Stationery,SALE,14,2.81,1.97,7
2026-08-05 17:00,10001,Test product 2 (seasonal),Snacks,SALE,4,3.68,2.58,7
2026-08-05 17:00,10012,Test product 13 (smooth),Stationery,SALE,5,8.25,5.77,7
2026-08-06 08:00,10000,Test product 1 (smooth),Stationery,SALE,23,8.26,5.78,7
2026-08-06 08:00,10039,Test product 40 (declining),Drinks,SALE,3,0.75,0.52,7
2026-08-06 09:00,10016,Test product 17 (intermittent),Stationery,SALE,3,3.53,2.47,7
2026-08-06 10:00,10006,Test product 7 (smooth),Household,SALE,82,2.37,1.66,7
2026-08-06 10:00,10012,Test product 13 (smooth),Stationery,SALE,6,8.25,5.77,7
2026-08-06 11:00,10026,Test product 27 (growing),Household,SALE,19,7.9,5.53,7
2026-08-06 13:00,10003,Test product 4 (declining),Drinks,SALE,8,6.94,4.86,7
2026-08-06 13:00,10014,Test product 15 (growing),Household,SALE,4,5.58,3.91,7
2026-08-06 14:00,10020,Test product 21 (growing),Stationery,SALE,11,8.66,6.06,7
2026-08-07 10:00,10009,Test product 10 (declining),Snacks,SALE,4,7.37,5.16,7
2026-08-07 12:00,10007,Test product 8 (seasonal),Drinks,SALE,5,7.86,5.5,7
2026-08-07 12:00,10024,Test product 25 (smooth),Stationery,SALE,13,5.15,3.6,7
2026-08-07 13:00,10036,Test product 37 (smooth),Stationery,SALE,17,2.81,1.97,7
2026-08-07 14:00,10011,Test product 12 (lumpy),Drinks,SALE,38,2.43,1.7,7
2026-08-07 15:00,10037,Test product 38 (seasonal),Snacks,SALE,7,4.46,3.12,7
2026-08-07 16:00,10021,Test product 22 (declining),Snacks,SALE,6,9.47,6.63,7
2026-08-07 17:00,10003,Test product 4 (declining),Drinks,SALE,3,6.94,4.86,7
2026-08-07 17:00,10034,Test product 35 (intermittent),Household,SALE,1,1.59,1.11,7
2026-08-08 08:00,10013,Test product 14 (seasonal),Snacks,SALE,17,6.02,4.21,7
2026-08-08 09:00,10018,Test product 19 (smooth),Household,SALE,9,3.32,2.32,7
2026-08-08 11:00,10002,Test product 3 (growing),Household,SALE,22,3.2,2.24,7
2026-08-08 12:00,10002,Test product 3 (growing),Household,SALE,14,3.2,2.24,7
2026-08-08 14:00,10012,Test product 13 (smooth),Stationery,SALE,12,8.25,5.77,7
2026-08-10 00:00,10015,Test product 16 (declining),Drinks,RESTOCK,52,7.21,7.21,7
2026-08-10 00:00,10035,Test product 36 (lumpy),Drinks,RESTOCK,30,5.68,5.68,7
2026-08-10 09:00,10013,Test product 14 (seasonal),Snacks,SALE,12,6.02,4.21,7
2026-08-10 09:00,10013,Test product 14 (seasonal),Snacks,SALE,7,6.02,4.21,7
2026-08-10 09:00,10014,Test product 15 (growing),Household,SALE,15,5.58,3.91,7
2026-08-10 09:00,10025,Test product 26 (seasonal),Snacks,SALE,11,6.65,4.66,7
2026-08-10 10:00,10006,Test product 7 (smooth),Household,SALE,27,2.37,1.66,7
2026-08-10 10:00,10009,Test product 10 (declining),Snacks,SALE,2,7.37,5.16,7
2026-08-10 10:00,10012,Test product 13 (smooth),Stationery,SALE,8,8.25,5.77,7
2026-08-10 12:00,10033,Test product 34 (declining),Snacks,SALE,5,0.94,0.66,7
2026-08-10 13:00,10000,Test product 1 (smooth),Stationery,SALE,17,8.26,5.78,7
2026-08-10 14:00,10025,Test product 26 (seasonal),Snacks,SALE,9,6.65,4.66,7
2026-08-10 15:00,10037,Test product 38 (seasonal),Snacks,SALE,3,4.46,3.12,7
2026-08-10 16:00,10020,Test product 21 (growing),Stationery,SALE,20,8.66,6.06,7
2026-08-10 16:00,10021,Test product 22 (declining),Snacks,SALE,2,9.47,6.63,7
2026-08-10 17:00,10033,Test product 34 (declining),Snacks,SALE,4,0.94,0.66,7
2026-08-11 09:00,10024,Test product 25 (smooth),Stationery,SALE,14,5.15,3.6,7
2026-08-11 10:00,10007,Test product 8 (seasonal),Drinks,SALE,9,7.86,5.5,7
2026-08-11 10:00,10039,Test product 40 (declining),Drinks,SALE,2,0.75,0.52,7
2026-08-11 11:00,10020,Test product 21 (growing),Stationery,SALE,21,8.66,6.06,7
2026-08-11 12:00,10008,Test product 9 (growing),Stationery,SALE,3,4.89,3.42,7
2026-08-11 14:00,10017,Test product 18 (lumpy),Snacks,SALE,89,0.98,0.69,7
2026-08-11 17:00,10023,Test product 24 (lumpy),Drinks,SALE,7,3.93,2.75,7
2026-08-12 08:00,10019,Test product 20 (seasonal),Drinks,SALE,20,9.26,6.48,7
2026-08-12 09:00,10031,Test product 32 (seasonal),Drinks,SALE,8,7.4,5.18,7
2026-08-12 10:00,10024,Test product 25 (smooth),Stationery,SALE,10,5.15,3.6,7
2026-08-12 11:00,10006,Test product 7 (smooth),Household,SALE,22,2.37,1.66,7
2026-08-12 11:00,10007,Test product 8 (seasonal),Drinks,SALE,14,7.86,5.5,7
2026-08-12 13:00,10002,Test product 3 (growing),Household,SALE,29,3.2,2.24,7
2026-08-12 16:00,10001,Test product 2 (seasonal),Snacks,SALE,12,3.68,2.58,7
2026-08-12 17:00,10036,Test product 37 (smooth),Stationery,SALE,15,2.81,1.97,7
2026-08-13 08:00,10003,Test product 4 (declining),Drinks,SALE,3,6.94,4.86,7
2026-08-13 08:00,10032,Test product 33 (growing),Stationery,SALE,53,5.47,3.83,7
2026-08-13 09:00,10021,Test product 22 (declining),Snacks,SALE,4,9.47,6.63,7
2026-08-13 10:00,10023,Test product 24 (lumpy),Drinks,SALE,4,3.93,2.75,7
2026-08-13 12:00,10027,Test product 28 (declining),Drinks,SALE,6,4.32,3.02,7
2026-08-13 13:00,10003,Test product 4 (declining),Drinks,SALE,3,6.94,4.86,7
2026-08-13 14:00,10005,Test product 6 (lumpy),Snacks,SALE,7,9.38,6.57,7
2026-08-13 14:00,10008,Test product 9 (growing),Stationery,SALE,8,4.89,3.42,7
2026-08-13 16:00,10018,Test product 19 (smooth),Household,SALE,12,3.32,2.32,7
2026-08-14 10:00,10000,Test product 1 (smooth),Stationery,SALE,9,8.26,5.78,7
2026-08-14 10:00,10012,Test product 13 (smooth),Stationery,SALE,4,8.25,5.77,7
2026-08-14 12:00,10018,Test product 19 (smooth),Household,SALE,9,3.32,2.32,7
2026-08-14 13:00,10015,Test product 16 (declining),Drinks,SALE,3,10.3,7.21,7
2026-08-14 13:00,10026,Test product 27 (growing),Household,SALE,20,7.9,5.53,7
2026-08-14 15:00,10005,Test product 6 (lumpy),Snacks,SALE,17,9.38,6.57,7
2026-08-14 16:00,10009,Test product 10 (declining),Snacks,SALE,3,7.37,5.16,7
2026-08-14 17:00,10030,Test product 31 (smooth),Household,SALE,36,6.94,4.86,7
2026-08-14 17:00,10037,Test product 38 (seasonal),Snacks,SALE,5,4.46,3.12,7
2026-08-15 11:00,10037,Test product 38 (seasonal),Snacks,SALE,3,4.46,3.12,7
2026-08-15 11:00,10038,Test product 39 (growing),Household,SALE,65,3.82,2.67,7
2026-08-15 12:00,10003,Test product 4 (declining),Drinks,SALE,6,6.94,4.86,7
2026-08-15 13:00,10027,Test product 28 (declining),Drinks,SALE,4,4.32,3.02,7
2026-08-15 13:00,10039,Test product 40 (declining),Drinks,SALE,1,0.75,0.52,7
2026-08-15 14:00,10013,Test product 14 (seasonal),Snacks,SALE,12,6.02,4.21,7
2026-08-15 15:00,10015,Test product 16 (declining),Drinks,SALE,4,10.3,7.21,7
2026-08-15 15:00,10020,Test product 21 (growing),Stationery,SALE,16,8.66,6.06,7
2026-08-15 16:00,10012,Test product 13 (smooth),Stationery,SALE,9,8.25,5.77,7
2026-08-15 16:00,10033,Test product 34 (declining),Snacks,SALE,3,0.94,0.66,7
2026-08-15 17:00,10021,Test product 22 (declining),Snacks,SALE,2,9.47,6.63,7
2026-08-17 00:00,10001,Test product 2 (seasonal),Snacks,RESTOCK,97,2.58,2.58,7
2026-08-17 00:00,10002,Test product 3 (growing),Household,RESTOCK,90,2.24,2.24,7
2026-08-17 00:00,10003,Test product 4 (declining),Drinks,RESTOCK,142,4.86,4.86,7
2026-08-17 00:00,10006,Test product 7 (smooth),Household,RESTOCK,116,1.66,1.66,7
2026-08-17 00:00,10007,Test product 8 (seasonal),Drinks,RESTOCK,135,5.5,5.5,7
2026-08-17 00:00,10009,Test product 10 (declining),Snacks,RESTOCK,86,5.16,5.16,7
2026-08-17 00:00,10011,Test product 12 (lumpy),Drinks,RESTOCK,40,1.7,1.7,7
2026-08-17 00:00,10013,Test product 14 (seasonal),Snacks,RESTOCK,129,4.21,4.21,7
2026-08-17 00:00,10014,Test product 15 (growing),Household,RESTOCK,54,3.91,3.91,7
2026-08-17 00:00,10017,Test product 18 (lumpy),Snacks,RESTOCK,45,0.69,0.69,7
2026-08-17 00:00,10018,Test product 19 (smooth),Household,RESTOCK,68,2.32,2.32,7
2026-08-17 00:00,10019,Test product 20 (seasonal),Drinks,RESTOCK,107,6.48,6.48,7
2026-08-17 00:00,10021,Test product 22 (declining),Snacks,RESTOCK,112,6.63,6.63,7
2026-08-17 00:00,10022,Test product 23 (intermittent),Household,RESTOCK,9,7.14,7.14,7
2026-08-17 00:00,10023,Test product 24 (lumpy),Drinks,RESTOCK,22,2.75,2.75,7
2026-08-17 00:00,10025,Test product 26 (seasonal),Snacks,RESTOCK,107,4.66,4.66,7
2026-08-17 00:00,10026,Test product 27 (growing),Household,RESTOCK,47,5.53,5.53,7
2026-08-17 00:00,10027,Test product 28 (declining),Drinks,RESTOCK,108,3.02,3.02,7
2026-08-17 00:00,10029,Test product 30 (lumpy),Snacks,RESTOCK,21,6.69,6.69,7
2026-08-17 00:00,10030,Test product 31 (smooth),Household,RESTOCK,113,4.86,4.86,7
2026-08-17 00:00,10031,Test product 32 (seasonal),Drinks,RESTOCK,64,5.18,5.18,7
2026-08-17 00:00,10033,Test product 34 (declining),Snacks,RESTOCK,150,0.66,0.66,7
2026-08-17 00:00,10034,Test product 35 (intermittent),Household,RESTOCK,6,1.11,1.11,7
2026-08-17 00:00,10037,Test product 38 (seasonal),Snacks,RESTOCK,82,3.12,3.12,7
2026-08-17 00:00,10038,Test product 39 (growing),Household,RESTOCK,177,2.67,2.67,7
2026-08-17 00:00,10039,Test product 40 (declining),Drinks,RESTOCK,37,0.52,0.52,7
2026-08-17 08:00,10025,Test product 26 (seasonal),Snacks,SALE,9,6.65,4.66,7
2026-08-17 08:00,10037,Test product 38 (seasonal),Snacks,SALE,10,4.46,3.12,7
2026-08-17 11:00,10000,Test product 1 (smooth),Stationery,SALE,8,8.26,5.78,7
2026-08-17 11:00,10033,Test product 34 (declining),Snacks,SALE,2,0.94,0.66,7
2026-08-17 12:00,10007,Test product 8 (seasonal),Drinks,SALE,26,7.86,5.5,7
2026-08-17 13:00,10019,Test product 20 (seasonal),Drinks,SALE,5,9.26,6.48,7
2026-08-17 14:00,10021,Test product 22 (declining),Snacks,SALE,9,9.47,6.63,7
2026-08-17 15:00,10031,Test product 32 (seasonal),Drinks,SALE,5,7.4,5.18,7
2026-08-18 08:00,10009,Test product 10 (declining),Snacks,SALE,1,7.37,5.16,7
2026-08-18 11:00,10020,Test product 21 (growing),Stationery,SALE,50,8.66,6.06,7
2026-08-18 11:00,10026,Test product 27 (growing),Household,SALE,8,7.9,5.53,7
2026-08-18 12:00,10036,Test product 37 (smooth),Stationery,SALE,5,2.81,1.97,7
2026-08-18 13:00,10034,Test product 35 (intermittent),Household,SALE,3,1.59,1.11,7
2026-08-18 13:00,10038,Test product 39 (growing),Household,SALE,56,3.82,2.67,7
2026-08-18 14:00,10006,Test product 7 (smooth),Household,SALE,9,2.37,1.66,7
2026-08-18 14:00,10032,Test product 33 (growing),Stationery,SALE,39,5.47,3.83,7
2026-08-19 11:00,10000,Test product 1 (smooth),Stationery,SALE,9,8.26,5.78,7
2026-08-19 12:00,10012,Test product 13 (smooth),Stationery,SALE,36,8.25,5.77,7
2026-08-19 13:00,10015,Test product 16 (declining),Drinks,SALE,2,10.3,7.21,7
2026-08-19 14:00,10033,Test product 34 (declining),Snacks,SALE,6,0.94,0.66,7
2026-08-19 17:00,10003,Test product 4 (declining),Drinks,SALE,15,6.94,4.86,7
2026-08-20 10:00,10025,Test product 26 (seasonal),Snacks,SALE,9,6.65,4.66,7
2026-08-20 10:00,10026,Test product 27 (growing),Household,SALE,9,7.9,5.53,7
2026-08-20 12:00,10019,Test product 20 (seasonal),Drinks,SALE,3,9.26,6.48,7
2026-08-20 13:00,10016,Test product 17 (intermittent),Stationery,SALE,7,3.53,2.47,7
2026-08-20 13:00,10039,Test product 40 (declining),Drinks,SALE,4,0.75,0.52,7
2026-08-20 14:00,10009,Test product 10 (declining),Snacks,SALE,2,7.37,5.16,7
2026-08-20 15:00,10002,Test product 3 (growing),Household,SALE,26,3.2,2.24,7
2026-08-20 15:00,10014,Test product 15 (growing),Household,SALE,14,5.58,3.91,7
2026-08-20 17:00,10014,Test product 15 (growing),Household,SALE,8,5.58,3.91,7
2026-08-21 10:00,10024,Test product 25 (smooth),Stationery,SALE,45,5.15,3.6,7
2026-08-21 11:00,10001,Test product 2 (seasonal),Snacks,SALE,15,3.68,2.58,7
2026-08-21 12:00,10008,Test product 9 (growing),Stationery,SALE,7,4.89,3.42,7
2026-08-21 12:00,10022,Test product 23 (intermittent),Household,SALE,1,10.2,7.14,7
2026-08-21 12:00,10031,Test product 32 (seasonal),Drinks,SALE,7,7.4,5.18,7
2026-08-21 13:00,10006,Test product 7 (smooth),Household,SALE,9,2.37,1.66,7
2026-08-21 14:00,10037,Test product 38 (seasonal),Snacks,SALE,1,4.46,3.12,7
2026-08-21 15:00,10008,Test product 9 (growing),Stationery,SALE,2,4.89,3.42,7
2026-08-22 09:00,10000,Test product 1 (smooth),Stationery,SALE,11,8.26,5.78,7
2026-08-22 09:00,10036,Test product 37 (smooth),Stationery,SALE,4,2.81,1.97,7
2026-08-22 10:00,10021,Test product 22 (declining),Snacks,SALE,3,9.47,6.63,7
2026-08-22 10:00,10022,Test product 23 (intermittent),Household,SALE,4,10.2,7.14,7
2026-08-22 10:00,10032,Test product 33 (growing),Stationery,SALE,23,5.47,3.83,7
2026-08-22 10:00,10037,Test product 38 (seasonal),Snacks,SALE,6,4.46,3.12,7
2026-08-22 11:00,10014,Test product 15 (growing),Household,SALE,8,5.58,3.91,7
2026-08-22 12:00,10008,Test product 9 (growing),Stationery,SALE,5,4.89,3.42,7
2026-08-22 12:00,10030,Test product 31 (smooth),Household,SALE,33,6.94,4.86,7
2026-08-22 12:00,10036,Test product 37 (smooth),Stationery,SALE,9,2.81,1.97,7
2026-08-22 14:00,10018,Test product 19 (smooth),Household,SALE,12,3.32,2.32,7
2026-08-22 15:00,10018,Test product 19 (smooth),Household,SALE,8,3.32,2.32,7
2026-08-22 15:00,10019,Test product 20 (seasonal),Drinks,SALE,3,9.26,6.48,7
2026-08-22 16:00,10001,Test product 2 (seasonal),Snacks,SALE,11,3.68,2.58,7
2026-08-22 16:00,10013,Test product 14 (seasonal),Snacks,SALE,23,6.02,4.21,7
2026-08-22 16:00,10026,Test product 27 (growing),Household,SALE,8,7.9,5.53,7
2026-08-22 16:00,10027,Test product 28 (declining),Drinks,SALE,5,4.32,3.02,7
2026-08-22 16:00,10033,Test product 34 (declining),Snacks,SALE,3,0.94,0.66,7
2026-08-24 00:00,10010,Test product 11 (intermittent),Household,RESTOCK,7,7.35,7.35,7
2026-08-24 08:00,10033,Test product 34 (declining),Snacks,SALE,4,0.94,0.66,7
2026-08-24 09:00,10018,Test product 19 (smooth),Household,SALE,10,3.32,2.32,7
2026-08-24 09:00,10036,Test product 37 (smooth),Stationery,SALE,7,2.81,1.97,7
2026-08-24 10:00,10002,Test product 3 (growing),Household,SALE,10,3.2,2.24,7
2026-08-24 10:00,10032,Test product 33 (growing),Stationery,SALE,28,5.47,3.83,7
2026-08-24 12:00,10030,Test product 31 (smooth),Household,SALE,10,6.94,4.86,7
2026-08-24 13:00,10006,Test product 7 (smooth),Household,SALE,20,2.37,1.66,7
2026-08-24 14:00,10012,Test product 13 (smooth),Stationery,SALE,7,8.25,5.77,7
2026-08-24 15:00,10003,Test product 4 (declining),Drinks,SALE,10,6.94,4.86,7
2026-08-24 15:00,10013,Test product 14 (seasonal),Snacks,SALE,10,6.02,4.21,7
2026-08-24 16:00,10000,Test product 1 (smooth),Stationery,SALE,11,8.26,5.78,7
2026-08-24 16:00,10019,Test product 20 (seasonal),Drinks,SALE,16,9.26,6.48,7
2026-08-24 17:00,10027,Test product 28 (declining),Drinks,SALE,4,4.32,3.02,7
2026-08-25 09:00,10007,Test product 8 (seasonal),Drinks,SALE,34,7.86,5.5,7
2026-08-25 09:00,10031,Test product 32 (seasonal),Drinks,SALE,3,7.4,5.18,7
2026-08-25 10:00,10014,Test product 15 (growing),Household,SALE,7,5.58,3.91,7
2026-08-25 11:00,10031,Test product 32 (seasonal),Drinks,SALE,6,7.4,5.18,7
2026-08-25 11:00,10037,Test product 38 (seasonal),Snacks,SALE,18,4.46,3.12,7
2026-08-25 12:00,10020,Test product 21 (growing),Stationery,SALE,29,8.66,6.06,7
2026-08-25 13:00,10024,Test product 25 (smooth),Stationery,SALE,20,5.15,3.6,7
2026-08-25 13:00,10039,Test product 40 (declining),Drinks,SALE,3,0.75,0.52,7
2026-08-25 14:00,10022,Test product 23 (intermittent),Household,SALE,1,10.2,7.14,7
2026-08-25 14:00,10036,Test product 37 (smooth),Stationery,SALE,9,2.81,1.97,7
2026-08-25 15:00,10014,Test product 15 (growing),Household,SALE,7,5.58,3.91,7
2026-08-25 15:00,10036,Test product 37 (smooth),Stationery,SALE,10,2.81,1.97,7
2026-08-26 08:00,10031,Test product 32 (seasonal),Drinks,SALE,3,7.4,5.18,7
2026-08-26 10:00,10012,Test product 13 (smooth),Stationery,SALE,16,8.25,5.77,7
2026-08-26 12:00,10018,Test product 19 (smooth),Household,SALE,7,3.32,2.32,7
2026-08-26 12:00,10027,Test product 28 (declining),Drinks,SALE,3,4.32,3.02,7
2026-08-26 13:00,10008,Test product 9 (growing),Stationery,SALE,19,4.89,3.42,7
2026-08-26 14:00,10014,Test product 15 (growing),Household,SALE,5,5.58,3.91,7
2026-08-27 09:00,10021,Test product 22 (declining),Snacks,SALE,8,9.47,6.63,7
2026-08-27 10:00,10002,Test product 3 (growing),Household,SALE,15,3.2,2.24,7
2026-08-27 14:00,10020,Test product 21 (growing),Stationery,SALE,30,8.66,6.06,7
2026-08-27 14:00,10025,Test product 26 (seasonal),Snacks,SALE,21,6.65,4.66,7
2026-08-27 17:00,10002,Test product 3 (growing),Household,SALE,10,3.2,2.24,7
2026-08-27 17:00,10032,Test product 33 (growing),Stationery,SALE,29,5.47,3.83,7
2026-08-28 09:00,10038,Test product 39 (growing),Household,SALE,70,3.82,2.67,7
2026-08-28 10:00,10026,Test product 27 (growing),Household,SALE,24,7.9,5.53,7
2026-08-28 11:00,10009,Test product 10 (declining),Snacks,SALE,4,7.37,5.16,7
2026-08-28 14:00,10018,Test product 19 (smooth),Household,SALE,8,3.32,2.32,7
2026-08-28 14:00,10022,Test product 23 (intermittent),Household,SALE,1,10.2,7.14,7
2026-08-28 14:00,10033,Test product 34 (declining),Snacks,SALE,4,0.94,0.66,7
2026-08-28 16:00,10001,Test product 2 (seasonal),Snacks,SALE,174,3.68,2.58,7
2026-08-29 08:00,10013,Test product 14 (seasonal),Snacks,SALE,9,6.02,4.21,7
2026-08-29 08:00,10039,Test product 40 (declining),Drinks,SALE,2,0.75,0.52,7
2026-08-29 10:00,10006,Test product 7 (smooth),Household,SALE,21,2.37,1.66,7
2026-08-29 12:00,10009,Test product 10 (declining),Snacks,SALE,3,7.37,5.16,7
2026-08-29 13:00,10024,Test product 25 (smooth),Stationery,SALE,17,5.15,3.6,7
2026-08-29 14:00,10000,Test product 1 (smooth),Stationery,SALE,10,8.26,5.78,7
2026-08-29 15:00,10013,Test product 14 (seasonal),Snacks,SALE,8,6.02,4.21,7
2026-08-29 16:00,10022,Test product 23 (intermittent),Household,SALE,1,10.2,7.14,7
2026-08-29 16:00,10030,Test product 31 (smooth),Household,SALE,18,6.94,4.86,7
2026-08-31 00:00,10005,Test product 6 (lumpy),Snacks,RESTOCK,35,6.57,6.57,7
2026-08-31 08:00,10007,Test product 8 (seasonal),Drinks,SALE,9,7.86,5.5,7
2026-08-31 09:00,10000,Test product 1 (smooth),Stationery,SALE,7,8.26,5.78,7
2026-08-31 09:00,10013,Test product 14 (seasonal),Snacks,SALE,11,6.02,4.21,7
2026-08-31 09:00,10032,Test product 33 (growing),Stationery,SALE,71,5.47,3.83,7
2026-08-31 11:00,10001,Test product 2 (seasonal),Snacks,SALE,21,3.68,2.58,7
2026-08-31 12:00,10008,Test product 9 (growing),Stationery,SALE,12,4.89,3.42,7
2026-08-31 13:00,10024,Test product 25 (smooth),Stationery,SALE,30,5.15,3.6,7
2026-08-31 13:00,10025,Test product 26 (seasonal),Snacks,SALE,6,6.65,4.66,7
2026-08-31 13:00,10026,Test product 27 (growing),Household,SALE,10,7.9,5.53,7
2026-08-31 15:00,10013,Test product 14 (seasonal),Snacks,SALE,7,6.02,4.21,7
2026-08-31 15:00,10033,Test product 34 (declining),Snacks,SALE,2,0.94,0.66,7
2026-08-31 16:00,10037,Test product 38 (seasonal),Snacks,SALE,4,4.46,3.12,7
2026-08-31 17:00,10022,Test product 23 (intermittent),Household,SALE,2,10.2,7.14,7
2026-09-01 08:00,10037,Test product 38 (seasonal),Snacks,SALE,4,4.46,3.12,7
2026-09-01 09:00,10008,Test product 9 (growing),Stationery,SALE,10,4.89,3.42,7
2026-09-01 09:00,10020,Test product 21 (growing),Stationery,SALE,16,8.66,6.06,7
2026-09-01 12:00,10004,Test product 5 (intermittent),Stationery,SALE,1,3.26,2.28,7
2026-09-01 13:00,10009,Test product 10 (declining),Snacks,SALE,5,7.37,5.16,7
2026-09-01 14:00,10021,Test product 22 (declining),Snacks,SALE,10,9.47,6.63,7
2026-09-01 15:00,10018,Test product 19 (smooth),Household,SALE,18,3.32,2.32,7
2026-09-01 16:00,10007,Test product 8 (seasonal),Drinks,SALE,10,7.86,5.5,7
2026-09-01 16:00,10015,Test product 16 (declining),Drinks,SALE,1,10.3,7.21,7
2026-09-01 16:00,10020,Test product 21 (growing),Stationery,SALE,16,8.66,6.06,7
2026-09-01 16:00,10025,Test product 26 (seasonal),Snacks,SALE,5,6.65,4.66,7
2026-09-01 16:00,10036,Test product 37 (smooth),Stationery,SALE,24,2.81,1.97,7
2026-09-01 17:00,10015,Test product 16 (declining),Drinks,SALE,2,10.3,7.21,7
2026-09-01 17:00,10016,Test product 17 (intermittent),Stationery,SALE,2,3.53,2.47,7
2026-09-01 17:00,10019,Test product 20 (seasonal),Drinks,SALE,19,9.26,6.48,7
2026-09-02 10:00,10026,Test product 27 (growing),Household,SALE,3,7.9,5.53,7
2026-09-02 12:00,10002,Test product 3 (growing),Household,SALE,15,3.2,2.24,7
2026-09-02 12:00,10025,Test product 26 (seasonal),Snacks,SALE,8,6.65,4.66,7
2026-09-02 12:00,10028,Test product 29 (intermittent),Stationery,SALE,1,5.41,3.79,7
2026-09-02 14:00,10007,Test product 8 (seasonal),Drinks,SALE,13,7.86,5.5,7
2026-09-02 17:00,10006,Test product 7 (smooth),Household,SALE,27,2.37,1.66,7
2026-09-02 17:00,10013,Test product 14 (seasonal),Snacks,SALE,6,6.02,4.21,7
2026-09-03 11:00,10004,Test product 5 (intermittent),Stationery,SALE,2,3.26,2.28,7
2026-09-03 11:00,10030,Test product 31 (smooth),Household,SALE,15,6.94,4.86,7
2026-09-03 13:00,10003,Test product 4 (declining),Drinks,SALE,6,6.94,4.86,7
2026-09-03 17:00,10022,Test product 23 (intermittent),Household,SALE,2,10.2,7.14,7
2026-09-04 09:00,10020,Test product 21 (growing),Stationery,SALE,20,8.66,6.06,7
2026-09-04 09:00,10031,Test product 32 (seasonal),Drinks,SALE,7,7.4,5.18,7
2026-09-04 10:00,10038,Test product 39 (growing),Household,SALE,28,3.82,2.67,7
2026-09-04 12:00,10026,Test product 27 (growing),Household,SALE,7,7.9,5.53,7
2026-09-04 12:00,10033,Test product 34 (declining),Snacks,SALE,7,0.94,0.66,7
2026-09-04 12:00,10033,Test product 34 (declining),Snacks,SALE,5,0.94,0.66,7
2026-09-04 13:00,10004,Test product 5 (intermittent),Stationery,SALE,1,3.26,2.28,7
2026-09-04 15:00,10003,Test product 4 (declining),Drinks,SALE,7,6.94,4.86,7
2026-09-04 17:00,10002,Test product 3 (growing),Household,SALE,22,3.2,2.24,7
2026-09-05 08:00,10000,Test product 1 (smooth),Stationery,SALE,9,8.26,5.78,7
2026-09-05 08:00,10027,Test product 28 (declining),Drinks,SALE,7,4.32,3.02,7
2026-09-05 09:00,10009,Test product 10 (declining),Snacks,SALE,4,7.37,5.16,7
2026-09-05 09:00,10027,Test product 28 (declining),Drinks,SALE,6,4.32,3.02,7
2026-09-05 09:00,10028,Test product 29 (intermittent),Stationery,SALE,2,5.41,3.79,7
2026-09-05 09:00,10037,Test product 38 (seasonal),Snacks,SALE,4,4.46,3.12,7
2026-09-05 10:00,10031,Test product 32 (seasonal),Drinks,SALE,3,7.4,5.18,7
2026-09-05 10:00,10038,Test product 39 (growing),Household,SALE,38,3.82,2.67,7
2026-09-05 11:00,10039,Test product 40 (declining),Drinks,SALE,1,0.75,0.52,7
2026-09-05 12:00,10000,Test product 1 (smooth),Stationery,SALE,4,8.26,5.78,7
2026-09-05 13:00,10030,Test product 31 (smooth),Household,SALE,13,6.94,4.86,7
2026-09-05 14:00,10012,Test product 13 (smooth),Stationery,SALE,20,8.25,5.77,7
2026-09-05 15:00,10014,Test product 15 (growing),Household,SALE,13,5.58,3.91,7
2026-09-07 00:00,10015,Test product 16 (declining),Drinks,RESTOCK,53,7.21,7.21,7
2026-09-07 00:00,10035,Test product 36 (lumpy),Drinks,RESTOCK,31,5.68,5.68,7
2026-09-07 08:00,10012,Test product 13 (smooth),Stationery,SALE,26,8.25,5.77,7
2026-09-07 10:00,10010,Test product 11 (intermittent),Household,SALE,2,10.5,7.35,7
2026-09-07 11:00,10030,Test product 31 (smooth),Household,SALE,7,6.94,4.86,7
2026-09-07 11:00,10031,Test product 32 (seasonal),Drinks,SALE,2,7.4,5.18,7
2026-09-07 12:00,10034,Test product 35 (intermittent),Household,SALE,1,1.59,1.11,7
2026-09-07 12:00,10034,Test product 35 (intermittent),Household,SALE,1,1.59,1.11,7
2026-09-07 12:00,10039,Test product 40 (declining),Drinks,SALE,2,0.75,0.52,7
2026-09-07 13:00,10007,Test product 8 (seasonal),Drinks,SALE,11,7.86,5.5,7
2026-09-07 15:00,10005,Test product 6 (lumpy),Snacks,SALE,9,9.38,6.57,7
2026-09-07 16:00,10023,Test product 24 (lumpy),Drinks,SALE,12,3.93,2.75,7
2026-09-07 16:00,10026,Test product 27 (growing),Household,SALE,5,7.9,5.53,7
2026-09-07 17:00,10009,Test product 10 (declining),Snacks,SALE,5,7.37,5.16,7
2026-09-08 09:00,10014,Test product 15 (growing),Household,SALE,20,5.58,3.91,7
2026-09-08 09:00,10034,Test product 35 (intermittent),Household,SALE,3,1.59,1.11,7
2026-09-08 10:00,10023,Test product 24 (lumpy),Drinks,SALE,21,3.93,2.75,7
2026-09-08 11:00,10013,Test product 14 (seasonal),Snacks,SALE,7,6.02,4.21,7
2026-09-08 15:00,10015,Test product 16 (declining),Drinks,SALE,5,10.3,7.21,7
2026-09-08 16:00,10005,Test product 6 (lumpy),Snacks,SALE,10,9.38,6.57,7
2026-09-08 16:00,10013,Test product 14 (seasonal),Snacks,SALE,11,6.02,4.21,7
2026-09-08 17:00,10025,Test product 26 (seasonal),Snacks,SALE,12,6.65,4.66,7
2026-09-09 09:00,10008,Test product 9 (growing),Stationery,SALE,4,4.89,3.42,7
2026-09-09 09:00,10026,Test product 27 (growing),Household,SALE,8,7.9,5.53,7
2026-09-09 09:00,10036,Test product 37 (smooth),Stationery,SALE,23,2.81,1.97,7
2026-09-09 10:00,10020,Test product 21 (growing),Stationery,SALE,20,8.66,6.06,7
2026-09-09 11:00,10008,Test product 9 (growing),Stationery,SALE,3,4.89,3.42,7
2026-09-09 11:00,10030,Test product 31 (smooth),Household,SALE,12,6.94,4.86,7
2026-09-09 12:00,10001,Test product 2 (seasonal),Snacks,SALE,20,3.68,2.58,7
2026-09-09 12:00,10023,Test product 24 (lumpy),Drinks,SALE,12,3.93,2.75,7
2026-09-09 13:00,10027,Test product 28 (declining),Drinks,SALE,3,4.32,3.02,7
2026-09-09 14:00,10009,Test product 10 (declining),Snacks,SALE,2,7.37,5.16,7
2026-09-09 15:00,10027,Test product 28 (declining),Drinks,SALE,3,4.32,3.02,7
2026-09-09 15:00,10031,Test product 32 (seasonal),Drinks,SALE,3,7.4,5.18,7
2026-09-09 16:00,10030,Test product 31 (smooth),Household,SALE,7,6.94,4.86,7
2026-09-09 17:00,10020,Test product 21 (growing),Stationery,SALE,34,8.66,6.06,7
2026-09-10 08:00,10032,Test product 33 (growing),Stationery,SALE,21,5.47,3.83,7
2026-09-10 09:00,10019,Test product 20 (seasonal),Drinks,SALE,18,9.26,6.48,7
2026-09-10 09:00,10025,Test product 26 (seasonal),Snacks,SALE,5,6.65,4.66,7
2026-09-10 09:00,10038,Test product 39 (growing),Household,SALE,75,3.82,2.67,7
2026-09-10 10:00,10021,Test product 22 (declining),Snacks,SALE,5,9.47,6.63,7
2026-09-10 10:00,10027,Test product 28 (declining),Drinks,SALE,3,4.32,3.02,7
2026-09-10 11:00,10003,Test product 4 (declining),Drinks,SALE,4,6.94,4.86,7
2026-09-10 14:00,10000,Test product 1 (smooth),Stationery,SALE,13,8.26,5.78,7
2026-09-10 14:00,10018,Test product 19 (smooth),Household,SALE,15,3.32,2.32,7
2026-09-10 16:00,10033,Test product 34 (declining),Snacks,SALE,12,0.94,0.66,7
2026-09-10 17:00,10002,Test product 3 (growing),Household,SALE,27,3.2,2.24,7
2026-09-11 08:00,10036,Test product 37 (smooth),Stationery,SALE,15,2.81,1.97,7
2026-09-11 09:00,10010,Test product 11 (intermittent),Household,SALE,2,10.5,7.35,7
2026-09-11 10:00,10005,Test product 6 (lumpy),Snacks,SALE,11,9.38,6.57,7
2026-09-11 12:00,10000,Test product 1 (smooth),Stationery,SALE,16,8.26,5.78,7
2026-09-11 12:00,10018,Test product 19 (smooth),Household,SALE,12,3.32,2.32,7
2026-09-11 13:00,10008,Test product 9 (growing),Stationery,SALE,9,4.89,3.42,7
2026-09-11 14:00,10037,Test product 38 (seasonal),Snacks,SALE,11,4.46,3.12,7
2026-09-11 15:00,10031,Test product 32 (seasonal),Drinks,SALE,4,7.4,5.18,7
2026-09-11 16:00,10000,Test product 1 (smooth),Stationery,SALE,8,8.26,5.78,7
2026-09-11 16:00,10003,Test product 4 (declining),Drinks,SALE,2,6.94,4.86,7
2026-09-11 16:00,10024,Test product 25 (smooth),Stationery,SALE,27,5.15,3.6,7
2026-09-11 17:00,10007,Test product 8 (seasonal),Drinks,SALE,8,7.86,5.5,7
2026-09-11 17:00,10009,Test product 10 (declining),Snacks,SALE,1,7.37,5.16,7
2026-09-11 17:00,10025,Test product 26 (seasonal),Snacks,SALE,12,6.65,4.66,7
2026-09-12 08:00,10006,Test product 7 (smooth),Household,SALE,12,2.37,1.66,7
2026-09-12 08:00,10010,Test product 11 (intermittent),Household,SALE,1,10.5,7.35,7
2026-09-12 09:00,10014,Test product 15 (growing),Household,SALE,7,5.58,3.91,7
2026-09-12 10:00,10026,Test product 27 (growing),Household,SALE,12,7.9,5.53,7
2026-09-12 12:00,10021,Test product 22 (declining),Snacks,SALE,10,9.47,6.63,7
2026-09-12 12:00,10032,Test product 33 (growing),Stationery,SALE,27,5.47,3.83,7
2026-09-12 13:00,10003,Test product 4 (declining),Drinks,SALE,1,6.94,4.86,7
2026-09-12 13:00,10006,Test product 7 (smooth),Household,SALE,19,2.37,1.66,7
2026-09-12 14:00,10039,Test product 40 (declining),Drinks,SALE,3,0.75,0.52,7
2026-09-12 16:00,10007,Test product 8 (seasonal),Drinks,SALE,10,7.86,5.5,7
2026-09-12 16:00,10037,Test product 38 (seasonal),Snacks,SALE,2,4.46,3.12,7
2026-09-12 17:00,10013,Test product 14 (seasonal),Snacks,SALE,13,6.02,4.21,7
2026-09-14 00:00,10001,Test product 2 (seasonal),Snacks,RESTOCK,94,2.58,2.58,7
2026-09-14 00:00,10002,Test product 3 (growing),Household,RESTOCK,102,2.24,2.24,7
2026-09-14 00:00,10003,Test product 4 (declining),Drinks,RESTOCK,151,4.86,4.86,7
2026-09-14 00:00,10006,Test product 7 (smooth),Household,RESTOCK,133,1.66,1.66,7
2026-09-14 00:00,10007,Test product 8 (seasonal),Drinks,RESTOCK,146,5.5,5.5,7
2026-09-14 00:00,10009,Test product 10 (declining),Snacks,RESTOCK,90,5.16,5.16,7
2026-09-14 00:00,10011,Test product 12 (lumpy),Drinks,RESTOCK,38,1.7,1.7,7
2026-09-14 00:00,10013,Test product 14 (seasonal),Snacks,RESTOCK,131,4.21,4.21,7
2026-09-14 00:00,10014,Test product 15 (growing),Household,RESTOCK,66,3.91,3.91,7
2026-09-14 00:00,10017,Test product 18 (lumpy),Snacks,RESTOCK,47,0.69,0.69,7
2026-09-14 00:00,10018,Test product 19 (smooth),Household,RESTOCK,83,2.32,2.32,7
2026-09-14 00:00,10019,Test product 20 (seasonal),Drinks,RESTOCK,82,6.48,6.48,7
2026-09-14 00:00,10021,Test product 22 (declining),Snacks,RESTOCK,100,6.63,6.63,7
2026-09-14 00:00,10022,Test product 23 (intermittent),Household,RESTOCK,7,7.14,7.14,7
2026-09-14 00:00,10023,Test product 24 (lumpy),Drinks,RESTOCK,21,2.75,2.75,7
2026-09-14 00:00,10025,Test product 26 (seasonal),Snacks,RESTOCK,111,4.66,4.66,7
2026-09-14 00:00,10026,Test product 27 (growing),Household,RESTOCK,59,5.53,5.53,7
2026-09-14 00:00,10027,Test product 28 (declining),Drinks,RESTOCK,111,3.02,3.02,7
2026-09-14 00:00,10029,Test product 30 (lumpy),Snacks,RESTOCK,23,6.69,6.69,7
2026-09-14 00:00,10030,Test product 31 (smooth),Household,RESTOCK,110,4.86,4.86,7
2026-09-14 00:00,10031,Test product 32 (seasonal),Drinks,RESTOCK,59,5.18,5.18,7
2026-09-14 00:00,10033,Test product 34 (declining),Snacks,RESTOCK,136,0.66,0.66,7
2026-09-14 00:00,10034,Test product 35 (intermittent),Household,RESTOCK,6,1.11,1.11,7
2026-09-14 00:00,10037,Test product 38 (seasonal),Snacks,RESTOCK,75,3.12,3.12,7
2026-09-14 00:00,10038,Test product 39 (growing),Household,RESTOCK,186,2.67,2.67,7
2026-09-14 00:00,10039,Test product 40 (declining),Drinks,RESTOCK,33,0.52,0.52,7
2026-09-14 08:00,10020,Test product 21 (growing),Stationery,SALE,23,8.66,6.06,7
2026-09-14 08:00,10036,Test product 37 (smooth),Stationery,SALE,5,2.81,1.97,7
2026-09-14 08:00,10038,Test product 39 (growing),Household,SALE,22,3.82,2.67,7
2026-09-14 09:00,10032,Test product 33 (growing),Stationery,SALE,14,5.47,3.83,7
2026-09-14 10:00,10016,Test product 17 (intermittent),Stationery,SALE,3,3.53,2.47,7
2026-09-14 11:00,10000,Test product 1 (smooth),Stationery,SALE,75,8.26,5.78,7
2026-09-14 11:00,10008,Test product 9 (growing),Stationery,SALE,7,4.89,3.42,7
2026-09-14 11:00,10039,Test product 40 (declining),Drinks,SALE,2,0.75,0.52,7
2026-09-14 13:00,10028,Test product 29 (intermittent),Stationery,SALE,2,5.41,3.79,7
2026-09-14 13:00,10038,Test product 39 (growing),Household,SALE,16,3.82,2.67,7
2026-09-14 15:00,10015,Test product 16 (declining),Drinks,SALE,1,10.3,7.21,7
2026-09-14 15:00,10018,Test product 19 (smooth),Household,SALE,4,3.32,2.32,7
2026-09-14 16:00,10006,Test product 7 (smooth),Household,SALE,11,2.37,1.66,7
2026-09-14 16:00,10036,Test product 37 (smooth),Stationery,SALE,8,2.81,1.97,7
2026-09-15 10:00,10006,Test product 7 (smooth),Household,SALE,15,2.37,1.66,7
2026-09-15 10:00,10031,Test product 32 (seasonal),Drinks,SALE,5,7.4,5.18,7
2026-09-15 11:00,10008,Test product 9 (growing),Stationery,SALE,10,4.89,3.42,7
2026-09-15 13:00,10030,Test product 31 (smooth),Household,SALE,27,6.94,4.86,7
2026-09-15 13:00,10031,Test product 32 (seasonal),Drinks,SALE,7,7.4,5.18,7
2026-09-15 14:00,10028,Test product 29 (intermittent),Stationery,SALE,1,5.41,3.79,7
2026-09-15 14:00,10032,Test product 33 (growing),Stationery,SALE,16,5.47,3.83,7
2026-09-15 17:00,10002,Test product 3 (growing),Household,SALE,9,3.2,2.24,7
2026-09-15 17:00,10020,Test product 21 (growing),Stationery,SALE,32,8.66,6.06,7
2026-09-16 08:00,10014,Test product 15 (growing),Household,SALE,10,5.58,3.91,7
2026-09-16 08:00,10021,Test product 22 (declining),Snacks,SALE,3,9.47,6.63,7
2026-09-16 08:00,10039,Test product 40 (declining),Drinks,SALE,2,0.75,0.52,7
2026-09-16 10:00,10014,Test product 15 (growing),Household,SALE,5,5.58,3.91,7
2026-09-16 10:00,10016,Test product 17 (intermittent),Stationery,SALE,1,3.53,2.47,7
2026-09-16 10:00,10032,Test product 33 (growing),Stationery,SALE,19,5.47,3.83,7
2026-09-16 11:00,10036,Test product 37 (smooth),Stationery,SALE,9,2.81,1.97,7
2026-09-16 12:00,10007,Test product 8 (seasonal),Drinks,SALE,11,7.86,5.5,7
2026-09-16 12:00,10031,Test product 32 (seasonal),Drinks,SALE,3,7.4,5.18,7
2026-09-16 13:00,10008,Test product 9 (growing),Stationery,SALE,3,4.89,3.42,7
2026-09-16 14:00,10000,Test product 1 (smooth),Stationery,SALE,72,8.26,5.78,7
2026-09-16 14:00,10025,Test product 26 (seasonal),Snacks,SALE,4,6.65,4.66,7
2026-09-17 10:00,10026,Test product 27 (growing),Household,SALE,11,7.9,5.53,7
2026-09-17 12:00,10012,Test product 13 (smooth),Stationery,SALE,10,8.25,5.77,7
2026-09-17 12:00,10013,Test product 14 (seasonal),Snacks,SALE,32,6.02,4.21,7
2026-09-17 13:00,10003,Test product 4 (declining),Drinks,SALE,20,6.94,4.86,7
2026-09-17 13:00,10012,Test product 13 (smooth),Stationery,SALE,11,8.25,5.77,7
2026-09-17 13:00,10018,Test product 19 (smooth),Household,SALE,2,3.32,2.32,7
2026-09-17 13:00,10028,Test product 29 (intermittent),Stationery,SALE,2,5.41,3.79,7
2026-09-17 16:00,10017,Test product 18 (lumpy),Snacks,SALE,14,0.98,0.69,7
2026-09-17 16:00,10019,Test product 20 (seasonal),Drinks,SALE,18,9.26,6.48,7
2026-09-18 10:00,10014,Test product 15 (growing),Household,SALE,8,5.58,3.91,7
2026-09-18 11:00,10007,Test product 8 (seasonal),Drinks,SALE,13,7.86,5.5,7
2026-09-18 11:00,10026,Test product 27 (growing),Household,SALE,4,7.9,5.53,7
2026-09-18 12:00,10024,Test product 25 (smooth),Stationery,SALE,29,5.15,3.6,7
2026-09-18 12:00,10027,Test product 28 (declining),Drinks,SALE,8,4.32,3.02,7
2026-09-18 13:00,10018,Test product 19 (smooth),Household,SALE,5,3.32,2.32,7
2026-09-18 14:00,10016,Test product 17 (intermittent),Stationery,SALE,4,3.53,2.47,7
2026-09-18 14:00,10038,Test product 39 (growing),Household,SALE,19,3.82,2.67,7
2026-09-18 15:00,10017,Test product 18 (lumpy),Snacks,SALE,9,0.98,0.69,7
2026-09-18 17:00,10009,Test product 10 (declining),Snacks,SALE,7,7.37,5.16,7
2026-09-19 08:00,10001,Test product 2 (seasonal),Snacks,SALE,20,3.68,2.58,7
2026-09-19 09:00,10033,Test product 34 (declining),Snacks,SALE,14,0.94,0.66,7
2026-09-19 11:00,10025,Test product 26 (seasonal),Snacks,SALE,5,6.65,4.66,7
2026-09-19 12:00,10007,Test product 8 (seasonal),Drinks,SALE,12,7.86,5.5,7
2026-09-19 12:00,10015,Test product 16 (declining),Drinks,SALE,1,10.3,7.21,7
2026-09-19 13:00,10026,Test product 27 (growing),Household,SALE,3,7.9,5.53,7
2026-09-19 16:00,10002,Test product 3 (growing),Household,SALE,22,3.2,2.24,7
2026-09-19 16:00,10025,Test product 26 (seasonal),Snacks,SALE,9,6.65,4.66,7
2026-09-19 16:00,10037,Test product 38 (seasonal),Snacks,SALE,18,4.46,3.12,7
2026-09-19 17:00,10000,Test product 1 (smooth),Stationery,SALE,57,8.26,5.78,7
2026-09-19 17:00,10021,Test product 22 (declining),Snacks,SALE,6,9.47,6.63,7
2026-09-21 00:00,10010,Test product 11 (intermittent),Household,RESTOCK,8,7.35,7.35,7
2026-09-21 09:00,10001,Test product 2 (seasonal),Snacks,SALE,5,3.68,2.58,7
2026-09-21 10:00,10014,Test product 15 (growing),Household,SALE,11,5.58,3.91,7
2026-09-21 10:00,10030,Test product 31 (smooth),Household,SALE,9,6.94,4.86,7
2026-09-21 11:00,10008,Test product 9 (growing),Stationery,SALE,5,4.89,3.42,7
2026-09-21 11:00,10019,Test product 20 (seasonal),Drinks,SALE,15,9.26,6.48,7
2026-09-21 14:00,10006,Test product 7 (smooth),Household,SALE,31,2.37,1.66,7
2026-09-21 14:00,10009,Test product 10 (declining),Snacks,SALE,3,7.37,5.16,7
2026-09-21 14:00,10010,Test product 11 (intermittent),Household,SALE,2,10.5,7.35,7
2026-09-21 15:00,10027,Test product 28 (declining),Drinks,SALE,9,4.32,3.02,7
2026-09-21 16:00,10026,Test product 27 (growing),Household,SALE,6,7.9,5.53,7
2026-09-21 16:00,10038,Test product 39 (growing),Household,SALE,20,3.82,2.67,7
2026-09-21 17:00,10003,Test product 4 (declining),Drinks,SALE,3,6.94,4.86,7
2026-09-22 08:00,10030,Test product 31 (smooth),Household,SALE,9,6.94,4.86,7
2026-09-22 09:00,10008,Test product 9 (growing),Stationery,SALE,5,4.89,3.42,7
2026-09-22 10:00,10039,Test product 40 (declining),Drinks,SALE,2,0.75,0.52,7
2026-09-22 11:00,10011,Test product 12 (lumpy),Drinks,SALE,22,2.43,1.7,7
2026-09-22 12:00,10000,Test product 1 (smooth),Stationery,SALE,8,8.26,5.78,7
2026-09-22 12:00,10003,Test product 4 (declining),Drinks,SALE,9,6.94,4.86,7
2026-09-22 12:00,10011,Test product 12 (lumpy),Drinks,SALE,13,2.43,1.7,7
2026-09-22 12:00,10033,Test product 34 (declining),Snacks,SALE,11,0.94,0.66,7
2026-09-22 13:00,10007,Test product 8 (seasonal),Drinks,SALE,4,7.86,5.5,7
2026-09-22 13:00,10013,Test product 14 (seasonal),Snacks,SALE,14,6.02,4.21,7
2026-09-22 13:00,10021,Test product 22 (declining),Snacks,SALE,6,9.47,6.63,7
2026-09-22 13:00,10031,Test product 32 (seasonal),Drinks,SALE,6,7.4,5.18,7
2026-09-22 15:00,10026,Test product 27 (growing),Household,SALE,6,7.9,5.53,7
2026-09-22 17:00,10019,Test product 20 (seasonal),Drinks,SALE,8,9.26,6.48,7
2026-09-22 17:00,10032,Test product 33 (growing),Stationery,SALE,48,5.47,3.83,7
2026-09-23 10:00,10001,Test product 2 (seasonal),Snacks,SALE,8,3.68,2.58,7
2026-09-23 10:00,10015,Test product 16 (declining),Drinks,SALE,3,10.3,7.21,7
2026-09-23 10:00,10038,Test product 39 (growing),Household,SALE,23,3.82,2.67,7
2026-09-23 11:00,10002,Test product 3 (growing),Household,SALE,12,3.2,2.24,7
2026-09-23 12:00,10020,Test product 21 (growing),Stationery,SALE,18,8.66,6.06,7
2026-09-23 14:00,10012,Test product 13 (smooth),Stationery,SALE,18,8.25,5.77,7
2026-09-23 15:00,10024,Test product 25 (smooth),Stationery,SALE,11,5.15,3.6,7
2026-09-23 16:00,10038,Test product 39 (growing),Household,SALE,21,3.82,2.67,7
2026-09-23 17:00,10024,Test product 25 (smooth),Stationery,SALE,10,5.15,3.6,7
2026-09-23 17:00,10034,Test product 35 (intermittent),Household,SALE,1,1.59,1.11,7
2026-09-24 09:00,10014,Test product 15 (growing),Household,SALE,16,5.58,3.91,7
2026-09-24 11:00,10008,Test product 9 (growing),Stationery,SALE,3,4.89,3.42,7
2026-09-24 11:00,10013,Test product 14 (seasonal),Snacks,SALE,17,6.02,4.21,7
2026-09-24 12:00,10000,Test product 1 (smooth),Stationery,SALE,13,8.26,5.78,7
2026-09-24 12:00,10009,Test product 10 (declining),Snacks,SALE,1,7.37,5.16,7
2026-09-24 13:00,10007,Test product 8 (seasonal),Drinks,SALE,8,7.86,5.5,7
2026-09-24 13:00,10026,Test product 27 (growing),Household,SALE,6,7.9,5.53,7
2026-09-24 14:00,10031,Test product 32 (seasonal),Drinks,SALE,3,7.4,5.18,7
2026-09-24 17:00,10002,Test product 3 (growing),Household,SALE,10,3.2,2.24,7
2026-09-25 09:00,10001,Test product 2 (seasonal),Snacks,SALE,13,3.68,2.58,7
2026-09-25 09:00,10028,Test product 29 (intermittent),Stationery,SALE,5,5.41,3.79,7
2026-09-25 10:00,10025,Test product 26 (seasonal),Snacks,SALE,19,6.65,4.66,7
2026-09-25 11:00,10011,Test product 12 (lumpy),Drinks,SALE,21,2.43,1.7,7
2026-09-25 11:00,10028,Test product 29 (intermittent),Stationery,SALE,1,5.41,3.79,7
2026-09-25 12:00,10007,Test product 8 (seasonal),Drinks,SALE,13,7.86,5.5,7
2026-09-25 13:00,10036,Test product 37 (smooth),Stationery,SALE,15,2.81,1.97,7
2026-09-25 13:00,10036,Test product 37 (smooth),Stationery,SALE,17,2.81,1.97,7
2026-09-25 15:00,10018,Test product 19 (smooth),Household,SALE,23,3.32,2.32,7
2026-09-25 16:00,10020,Test product 21 (growing),Stationery,SALE,26,8.66,6.06,7
2026-09-25 17:00,10000,Test product 1 (smooth),Stationery,SALE,5,8.26,5.78,7
2026-09-25 17:00,10039,Test product 40 (declining),Drinks,SALE,4,0.75,0.52,7
2026-09-26 09:00,10015,Test product 16 (declining),Drinks,SALE,3,10.3,7.21,7
2026-09-26 13:00,10003,Test product 4 (declining),Drinks,SALE,2,6.94,4.86,7
2026-09-26 13:00,10015,Test product 16 (declining),Drinks,SALE,2,10.3,7.21,7
2026-09-26 14:00,10020,Test product 21 (growing),Stationery,SALE,19,8.66,6.06,7
2026-09-26 14:00,10037,Test product 38 (seasonal),Snacks,SALE,12,4.46,3.12,7
2026-09-26 15:00,10031,Test product 32 (seasonal),Drinks,SALE,9,7.4,5.18,7
2026-09-26 16:00,10002,Test product 3 (growing),Household,SALE,13,3.2,2.24,7
2026-09-26 17:00,10024,Test product 25 (smooth),Stationery,SALE,13,5.15,3.6,7
